TICKET_ID,C_CUSTKEY,CREATED_DATE,CHANNEL,CATEGORY,CHURN_INTENT,TICKET_TEXT
1,55099,1997-10-30,account manager note,damaged,0,"Hi support, received the large copper coils but the packaging was soaked through and the metal has started to rust."
2,31721,1997-11-26,phone transcript,praise,0,"Hello, your account team sorted our standard steel flanges (PO 98555, 1200 units) issue in a single call, really appreciated. Reference attached."
3,100658,1997-07-23,account manager note,late_delivery,0,"Following up: Can someone tell me where order for anodized copper pipe is? It was meant to be here days ago. Regards, procurement."
4,31814,1997-06-01,account manager note,damaged,0,"Hello, several of the medium plated fasteners were snapped in two when we unpacked them. Regards, procurement."
5,67946,1998-04-21,portal,late_delivery,0,Urgent: Still no sign of the medium plated fasteners on PO 68008. Our warehouse team has been standing by since the 1 April. Please call me back today.
6,36274,1997-10-11,portal,praise,0,"Following up: Consistently good quality on the large copper coils (PO 45992, 200 units), our QA has not flagged anything in months. Reference attached."
7,102100,1997-06-06,chat,late_delivery,0,"Hi Marco, the small polished rods consignment slipped again. That is the second slip this quarter. Regards, procurement."
8,71549,1997-01-21,account manager note,account,0,"To whom it may concern: We have moved office, please update the delivery address on our account. Regards, procurement."
9,99380,1998-02-03,phone transcript,wrong_item,1,"Hi team, got 200 units of the wrong finish instead of the brushed aluminium panels (PO 71261, 120 units) we specified. Our procurement team has asked me to find an alternative vendor. Please call me back today."
10,91741,1997-12-01,portal,late_delivery,0,"Good morning. Can someone tell me where order for brushed aluminium panels (PO 65255, 250 units) is? It was meant to be here days ago."
11,96704,1997-02-11,portal,billing,0,"Hi team, the price on the invoice for brass fittings is higher than the price we agreed in the contract. Regards, procurement."
12,5515,1997-04-28,email,billing,0,"We still have not received the credit note you promised for the anodized copper pipe (75 units). Regards, procurement."
13,114868,1997-11-05,account manager note,quality,1,Two of our customers returned products built with your medium plated fasteners on PO 84177 because of early failure. Honestly I am not sure we can keep working with you. Reference attached.
14,84491,1998-01-06,portal,late_delivery,0,"Hi team, the medium plated fasteners (PO 67080, 120 units) consignment slipped again. That is the second slip this quarter. Escalating to my manager if not resolved."
15,93016,1997-03-30,phone transcript,praise,0,"Hi Marco, just wanted to say the plated nickel bolts (PO 70910, 200 units) arrived early and in perfect condition. Great job. Please call me back today."
16,128666,1997-10-10,account manager note,damaged,0,"Hello, opened the delivery of large copper coils this morning and a good third of them are cracked. Escalating to my manager if not resolved."
17,71020,1997-04-06,phone transcript,praise,0,"Good morning. Thanks for the quick turnaround on the plated nickel bolts, it saved our production week. Thanks."
18,137531,1997-05-04,chat,late_delivery,0,Urgent: Third week waiting on the small polished rods. The tracking page has said 'in transit' since the 25 April. Need an answer by end of day.
19,33104,1997-04-13,account manager note,damaged,1,"Hi team, half the burnished tin sheets (200 units) came out of the crate bent and scratched. If this happens again we will move our business to another supplier."
20,105044,1997-01-13,account manager note,late_delivery,1,Following up: Third week waiting on the promo tin cans (1200 units). The tracking page has said 'in transit' since the 9 January. Our procurement team has asked me to find an alternative vendor.
21,118100,1997-02-24,account manager note,late_delivery,0,"Hello, the anodized copper pipe consignment slipped again. That is the second slip this quarter. Regards, procurement."
22,851,1998-03-16,chat,damaged,0,Several of the plated nickel bolts on PO 89905 were snapped in two when we unpacked them.
23,118355,1997-01-03,phone transcript,late_delivery,0,"We planned a production run around the economy brass valves (PO 48175, 1200 units) arriving on the 22 December. Nothing has arrived and the line is idle. Escalating to my manager if not resolved."
24,149215,1997-07-22,phone transcript,praise,0,"Hi team, your account team sorted our economy brass valves issue in a single call, really appreciated. Need an answer by end of day."
25,65633,1998-04-25,email,wrong_item,0,Urgent: Got 200 units of the wrong finish instead of the small polished rods (800 units) we specified. Thanks.
26,128903,1997-01-22,email,late_delivery,0,Following up: We planned a production run around the medium plated fasteners (40 units) arriving on the 14 January. Nothing has arrived and the line is idle. Thanks.
27,144205,1998-02-23,email,wrong_item,0,To whom it may concern: Got 200 units of the wrong finish instead of the brushed aluminium panels (75 units) we specified. Thanks.
28,115879,1997-11-19,email,wrong_item,0,"Urgent: Your warehouse picked the wrong SKU again, these are not plated nickel bolts (75 units). Regards, procurement."
29,144770,1998-07-17,account manager note,late_delivery,0,"Your carrier keeps rescheduling. We were told the 7 July, then Friday, now 'next week' for the anodized copper pipe (1200 units). Need an answer by end of day."
30,37918,1997-04-27,account manager note,late_delivery,0,"Good morning. Can someone tell me where order for standard steel flanges is? It was meant to be here days ago. Regards, procurement."
31,128357,1998-06-05,portal,late_delivery,1,"Hi Marco, still no sign of the small polished rods. Our warehouse team has been standing by since the 17 May. If this happens again we will move our business to another supplier. Need an answer by end of day."
32,42358,1998-05-11,account manager note,wrong_item,0,To whom it may concern: The box is labelled brushed aluminium panels (800 units) but inside are parts in the wrong size. Thanks.
33,12352,1997-06-05,account manager note,damaged,0,To whom it may concern: Opened the delivery of standard steel flanges this morning and a good third of them are cracked. Escalating to my manager if not resolved.
34,127913,1997-06-08,chat,praise,0,"Hi Tom, consistently good quality on the polished steel brackets (PO 54375, 250 units), our QA has not flagged anything in months. Reference attached."
35,85033,1997-03-12,email,late_delivery,0,"Hi Tom, still no sign of the burnished tin sheets (200 units). Our warehouse team has been standing by since the 6 March. Need an answer by end of day."
36,2464,1998-01-19,account manager note,damaged,1,"Hi support, pallet of economy brass valves arrived with the wrapping torn open and several pieces dented. Our procurement team has asked me to find an alternative vendor. Regards, procurement."
37,126671,1998-07-14,email,account,0,"Good morning. Could you send us a copy of last year's statements for our auditors? Regards, procurement."
38,75025,1998-01-03,portal,late_delivery,0,"Hi Rahul, our shipment of promo tin cans (250 units) was promised for the 30 December and still has not turned up. Escalating to my manager if not resolved."
39,77362,1997-12-27,phone transcript,billing,0,"Hi team, we were invoiced twice for the same batch of burnished tin sheets."
40,88793,1997-06-29,email,quality,0,Urgent: Our QA rejected the burnished tin sheets. Finish is uneven and some pieces fail the stress test. Escalating to my manager if not resolved.
41,68725,1997-03-19,chat,wrong_item,0,To whom it may concern: Got 200 units of the wrong finish instead of the anodized copper pipe we specified.
42,107033,1998-01-16,email,damaged,0,Urgent: Received the polished steel brackets but the packaging was soaked through and the metal has started to rust. Escalating to my manager if not resolved.
43,40508,1997-02-08,account manager note,late_delivery,0,"Hello, can someone tell me where order for plated nickel bolts (PO 22739, 75 units) is? It was meant to be here days ago. Thanks."
44,139232,1998-05-17,chat,billing,0,"To whom it may concern: Our finance team cannot reconcile your invoice, the quantities of promo tin cans (PO 14288, 250 units) are off. Reference attached."
45,106540,1998-01-03,portal,account,0,"I cannot log into the ordering portal, the password reset email never arrives."
46,28744,1997-07-30,portal,account,0,"Hello, could you send us a copy of last year's statements for our auditors?"
47,114868,1997-06-28,chat,billing,1,To whom it may concern: We still have not received the credit note you promised for the polished steel brackets. We are reviewing whether to renew the contract at the end of the quarter.
48,136696,1997-03-07,phone transcript,late_delivery,0,"The standard steel flanges (PO 77271, 500 units) consignment slipped again. That is the second slip this quarter."
49,17219,1997-02-01,portal,wrong_item,0,"Got 200 units of the wrong finish instead of the brass fittings (PO 65872, 800 units) we specified. Reference attached."
50,29993,1998-07-16,chat,damaged,0,Urgent: Opened the delivery of small polished rods (800 units) this morning and a good third of them are cracked.
51,66818,1997-08-09,phone transcript,quality,0,"To whom it may concern: Two of our customers returned products built with your economy brass valves (PO 64239, 200 units) because of early failure. Reference attached."
52,107692,1998-05-01,phone transcript,account,0,"Hi Tom, could you send us a copy of last year's statements for our auditors? Reference attached."
53,105163,1998-03-10,phone transcript,praise,0,Good morning. Just wanted to say the small polished rods arrived early and in perfect condition. Great job. Escalating to my manager if not resolved.
54,1601,1998-01-12,portal,praise,0,"Urgent: Consistently good quality on the polished steel brackets (200 units), our QA has not flagged anything in months. Need an answer by end of day."
55,85036,1998-02-15,chat,praise,0,"Urgent: Thanks for the quick turnaround on the polished steel brackets, it saved our production week. Please call me back today."
56,134309,1997-02-23,email,billing,0,"Our finance team cannot reconcile your invoice, the quantities of anodized copper pipe are off. Escalating to my manager if not resolved."
57,36748,1997-04-24,portal,damaged,0,Good morning. Pallet of plated nickel bolts on PO 79066 arrived with the wrapping torn open and several pieces dented.
58,92843,1997-09-19,email,quality,0,"Following up: Our QA rejected the plated nickel bolts (75 units). Finish is uneven and some pieces fail the stress test. Regards, procurement."
59,26210,1997-02-13,email,damaged,0,To whom it may concern: Received the economy brass valves but the packaging was soaked through and the metal has started to rust. Thanks.
60,81337,1997-06-25,phone transcript,account,0,"Hi Tom, please add my colleague as a second contact on our account."
61,28744,1997-06-22,phone transcript,late_delivery,0,Urgent: Still no sign of the polished steel brackets on PO 79547. Our warehouse team has been standing by since the 8 June. Please call me back today.
62,82874,1997-06-06,portal,late_delivery,0,Following up: Still no sign of the medium plated fasteners. Our warehouse team has been standing by since the 20 May. Reference attached.
63,139232,1998-04-26,phone transcript,wrong_item,0,"Your warehouse picked the wrong SKU again, these are not standard steel flanges (250 units). Escalating to my manager if not resolved."
64,16220,1997-04-03,account manager note,late_delivery,0,Urgent: Can someone tell me where order for promo tin cans on PO 70648 is? It was meant to be here days ago. Escalating to my manager if not resolved.
65,74159,1997-12-18,account manager note,late_delivery,0,"Hello, can someone tell me where order for small polished rods is? It was meant to be here days ago. Please call me back today."
66,41939,1997-12-13,phone transcript,damaged,0,"To whom it may concern: The medium plated fasteners on PO 92691 were crushed in transit, the box looked like it had been dropped from a height. Thanks."
67,24499,1997-05-25,account manager note,late_delivery,0,The brushed aluminium panels (800 units) consignment slipped again. That is the second slip this quarter. Reference attached.
68,146002,1997-01-19,chat,wrong_item,0,To whom it may concern: The box is labelled brushed aluminium panels (120 units) but inside are parts in the wrong size. Please call me back today.
69,107705,1998-06-24,phone transcript,quality,0,"Hi support, our QA rejected the brass fittings (120 units). Finish is uneven and some pieces fail the stress test. Please call me back today."
70,149533,1997-09-01,account manager note,quality,0,"Hello, compared with last year the standard steel flanges on PO 68841 feel cheaper and wear out much faster. Regards, procurement."
71,26894,1997-10-16,chat,wrong_item,0,"Hello, this is not what we asked for. The economy brass valves on PO 31241 on the invoice do not match what is on the pallet. Reference attached."
72,91642,1997-10-19,email,praise,0,"Urgent: Thanks for the quick turnaround on the polished steel brackets, it saved our production week. Regards, procurement."
73,87895,1998-02-10,portal,damaged,0,Pallet of large copper coils (200 units) arrived with the wrapping torn open and several pieces dented.
74,14201,1997-10-21,portal,late_delivery,1,Our shipment of standard steel flanges was promised for the 10 October and still has not turned up. Frankly we are already talking to your competitors. Thanks.
75,112523,1997-02-18,email,damaged,1,"Received the burnished tin sheets (PO 18232, 1200 units) but the packaging was soaked through and the metal has started to rust. This is the last chance, after this we are going elsewhere. Regards, procurement."
76,123244,1997-09-04,email,billing,0,"We were invoiced twice for the same batch of promo tin cans (PO 97080, 120 units)."
77,45899,1998-01-18,account manager note,billing,1,To whom it may concern: We were invoiced twice for the same batch of plated nickel bolts. We are reviewing whether to renew the contract at the end of the quarter. Reference attached.
78,82732,1998-05-06,phone transcript,account,0,"Following up: Could you send us a copy of last year's statements for our auditors? Regards, procurement."
79,139232,1998-07-11,account manager note,wrong_item,0,"Hello, this is not what we asked for. The standard steel flanges (40 units) on the invoice do not match what is on the pallet. Reference attached."
80,47306,1998-03-27,chat,praise,0,"Following up: Consistently good quality on the economy brass valves (120 units), our QA has not flagged anything in months."
81,92422,1997-04-16,chat,damaged,0,Following up: Pallet of polished steel brackets (250 units) arrived with the wrapping torn open and several pieces dented.
82,94801,1997-10-09,portal,account,0,"Hi Marco, please add my colleague as a second contact on our account. Escalating to my manager if not resolved."
83,96194,1998-01-11,account manager note,quality,0,"Hi team, compared with last year the brushed aluminium panels (PO 89310, 40 units) feel cheaper and wear out much faster."
84,56249,1997-10-13,chat,damaged,0,Following up: Received the burnished tin sheets but the packaging was soaked through and the metal has started to rust. Need an answer by end of day.
85,17024,1998-05-18,chat,damaged,0,Following up: Several of the burnished tin sheets were snapped in two when we unpacked them. Reference attached.
86,122528,1997-11-04,chat,billing,1,"Hello, the price on the invoice for anodized copper pipe is higher than the price we agreed in the contract. Our procurement team has asked me to find an alternative vendor."
87,144265,1997-03-30,email,late_delivery,0,Urgent: Still no sign of the polished steel brackets (800 units). Our warehouse team has been standing by since the 14 March.
88,74462,1998-06-14,email,wrong_item,1,"Hi Priya, we ordered brushed aluminium panels and received something completely different. Frankly we are already talking to your competitors. Please call me back today."
89,105131,1998-07-19,chat,late_delivery,0,Urgent: The plated nickel bolts consignment slipped again. That is the second slip this quarter. Please call me back today.
90,79193,1997-01-30,account manager note,late_delivery,0,"Hello, the polished steel brackets consignment slipped again. That is the second slip this quarter. Need an answer by end of day."
91,83707,1998-02-20,phone transcript,late_delivery,0,"Hi team, can someone tell me where order for plated nickel bolts (PO 17852, 75 units) is? It was meant to be here days ago. Reference attached."
92,15890,1997-05-14,account manager note,account,0,"Hello, I cannot log into the ordering portal, the password reset email never arrives. Please call me back today."
93,6076,1998-03-05,email,praise,0,"To whom it may concern: Your account team sorted our burnished tin sheets issue in a single call, really appreciated. Escalating to my manager if not resolved."
94,36580,1998-06-02,email,account,0,"To whom it may concern: I cannot log into the ordering portal, the password reset email never arrives. Escalating to my manager if not resolved."
95,146771,1997-09-28,account manager note,wrong_item,1,"We ordered small polished rods (800 units) and received something completely different. This is the last chance, after this we are going elsewhere. Need an answer by end of day."
96,131093,1997-10-14,email,quality,0,Compared with last year the promo tin cans on PO 26864 feel cheaper and wear out much faster. Reference attached.
97,117602,1997-05-21,chat,late_delivery,1,"Following up: The small polished rods (1200 units) consignment slipped again. That is the second slip this quarter. This is the last chance, after this we are going elsewhere. Reference attached."
98,6986,1998-06-06,chat,damaged,0,"The large copper coils (PO 72245, 250 units) were crushed in transit, the box looked like it had been dropped from a height. Need an answer by end of day."
99,145025,1997-08-22,phone transcript,wrong_item,1,Urgent: The box is labelled small polished rods but inside are parts in the wrong size. Honestly I am not sure we can keep working with you.
100,98783,1998-02-27,phone transcript,damaged,0,Following up: Several of the small polished rods were snapped in two when we unpacked them. Reference attached.
101,140585,1998-04-16,phone transcript,account,0,Good morning. Please add my colleague as a second contact on our account. Need an answer by end of day.
102,38398,1998-05-16,phone transcript,quality,0,"Good morning. The latest batch of brushed aluminium panels (PO 83464, 500 units) does not meet the tolerance in our spec, the threads are off. Thanks."
103,58904,1997-03-22,portal,late_delivery,1,"Hello, still no sign of the brushed aluminium panels (PO 72793, 250 units). Our warehouse team has been standing by since the 2 March. This is the last chance, after this we are going elsewhere. Need an answer by end of day."
104,41404,1998-06-28,account manager note,late_delivery,1,"Hi Marco, your carrier keeps rescheduling. We were told the 10 June, then Friday, now 'next week' for the burnished tin sheets. Frankly we are already talking to your competitors."
105,45893,1998-05-03,account manager note,billing,0,Good morning. We were invoiced twice for the same batch of standard steel flanges.
106,87830,1997-06-30,phone transcript,praise,0,"Good morning. Just wanted to say the brass fittings (PO 34420, 1200 units) arrived early and in perfect condition. Great job."
107,48811,1998-07-11,email,wrong_item,0,"Following up: The box is labelled large copper coils (PO 76088, 120 units) but inside are parts in the wrong size. Escalating to my manager if not resolved."
108,133570,1997-10-30,account manager note,quality,0,"Hi Mei, compared with last year the promo tin cans feel cheaper and wear out much faster."
109,82210,1997-09-12,portal,damaged,0,"Following up: The brass fittings (800 units) were crushed in transit, the box looked like it had been dropped from a height."
110,57895,1997-05-02,portal,late_delivery,0,"Urgent: Your carrier keeps rescheduling. We were told the 26 April, then Friday, now 'next week' for the standard steel flanges (120 units). Need an answer by end of day."
111,138458,1998-05-05,phone transcript,account,0,Urgent: Please add my colleague as a second contact on our account.
112,22454,1997-04-25,chat,late_delivery,0,Urgent: Third week waiting on the brass fittings on PO 85065. The tracking page has said 'in transit' since the 12 April. Escalating to my manager if not resolved.
113,103796,1998-06-07,phone transcript,wrong_item,0,Urgent: Got 200 units of the wrong finish instead of the standard steel flanges we specified. Need an answer by end of day.
114,140938,1997-08-12,portal,praise,0,To whom it may concern: Just wanted to say the promo tin cans arrived early and in perfect condition. Great job. Escalating to my manager if not resolved.
115,911,1998-03-07,email,quality,1,"Hi Tom, our QA rejected the brushed aluminium panels (PO 59479, 1200 units). Finish is uneven and some pieces fail the stress test. This is the last chance, after this we are going elsewhere. Thanks."
116,17351,1998-04-20,email,account,0,"Hi Anna, please add my colleague as a second contact on our account. Need an answer by end of day."
117,24313,1998-03-06,account manager note,praise,0,Just wanted to say the promo tin cans arrived early and in perfect condition. Great job.
118,12352,1998-07-07,chat,wrong_item,0,"Good morning. Your warehouse picked the wrong SKU again, these are not burnished tin sheets. Reference attached."
119,83555,1997-11-04,account manager note,late_delivery,0,"Hi account team, our shipment of plated nickel bolts was promised for the 21 October and still has not turned up. Thanks."
120,109186,1997-11-04,chat,damaged,0,"Hello, several of the economy brass valves were snapped in two when we unpacked them."
121,17816,1998-02-02,chat,wrong_item,0,"This is not what we asked for. The burnished tin sheets (200 units) on the invoice do not match what is on the pallet. Regards, procurement."
122,63595,1997-03-16,chat,billing,1,"Hello, please explain the extra surcharge on our last statement for the burnished tin sheets on PO 72835. Frankly we are already talking to your competitors."
123,83948,1998-02-11,portal,quality,1,"Hi account team, compared with last year the burnished tin sheets on PO 47101 feel cheaper and wear out much faster. This is the last chance, after this we are going elsewhere. Escalating to my manager if not resolved."
124,64417,1998-02-28,account manager note,damaged,0,"Received the brass fittings on PO 29126 but the packaging was soaked through and the metal has started to rust. Regards, procurement."
125,104774,1997-12-12,email,billing,0,"Hi team, the price on the invoice for plated nickel bolts (PO 70401, 1200 units) is higher than the price we agreed in the contract. Escalating to my manager if not resolved."
126,126670,1997-03-18,account manager note,wrong_item,1,"Hi team, we ordered medium plated fasteners and received something completely different. This is the last chance, after this we are going elsewhere. Escalating to my manager if not resolved."
127,46994,1998-06-29,email,late_delivery,1,"Urgent: The large copper coils (PO 12192, 40 units) consignment slipped again. That is the second slip this quarter. Honestly I am not sure we can keep working with you. Thanks."
128,106438,1998-06-21,account manager note,account,0,Urgent: Could you send us a copy of last year's statements for our auditors?
129,21676,1997-08-20,account manager note,billing,0,"Hi Mei, our finance team cannot reconcile your invoice, the quantities of plated nickel bolts are off."
130,147721,1997-12-06,email,praise,0,"Hello, consistently good quality on the promo tin cans, our QA has not flagged anything in months. Need an answer by end of day."
131,141706,1997-11-19,phone transcript,late_delivery,0,Third week waiting on the brass fittings. The tracking page has said 'in transit' since the 9 November. Thanks.
132,85558,1997-05-24,email,damaged,0,Pallet of small polished rods arrived with the wrapping torn open and several pieces dented. Thanks.
133,19270,1998-04-07,email,billing,1,"Hi Mei, the price on the invoice for standard steel flanges is higher than the price we agreed in the contract. This is the last chance, after this we are going elsewhere. Need an answer by end of day."
134,70718,1998-01-25,email,damaged,0,To whom it may concern: Half the small polished rods came out of the crate bent and scratched. Escalating to my manager if not resolved.
135,3236,1997-07-11,phone transcript,late_delivery,1,"We planned a production run around the economy brass valves (PO 23538, 800 units) arriving on the 21 June. Nothing has arrived and the line is idle. This is the last chance, after this we are going elsewhere. Reference attached."
136,28744,1997-03-28,email,damaged,1,Urgent: Several of the small polished rods on PO 84967 were snapped in two when we unpacked them. We are reviewing whether to renew the contract at the end of the quarter. Need an answer by end of day.
137,35518,1997-10-10,phone transcript,late_delivery,0,"To whom it may concern: Third week waiting on the economy brass valves (1200 units). The tracking page has said 'in transit' since the 22 September. Regards, procurement."
138,46567,1998-02-10,account manager note,late_delivery,0,"Following up: Can someone tell me where order for brushed aluminium panels on PO 53193 is? It was meant to be here days ago. Regards, procurement."
139,47167,1997-10-26,chat,account,0,"Hi Rahul, we have moved office, please update the delivery address on our account. Regards, procurement."
140,100865,1998-04-18,account manager note,late_delivery,1,"Your carrier keeps rescheduling. We were told the 31 March, then Friday, now 'next week' for the small polished rods. We are reviewing whether to renew the contract at the end of the quarter. Regards, procurement."
141,18611,1997-03-17,phone transcript,praise,0,"Hi Mei, just wanted to say the standard steel flanges on PO 86315 arrived early and in perfect condition. Great job."
142,121390,1997-02-15,chat,late_delivery,1,"Our shipment of promo tin cans (PO 66420, 500 units) was promised for the 4 February and still has not turned up. Honestly I am not sure we can keep working with you. Regards, procurement."
143,89933,1997-06-04,account manager note,quality,0,"Good morning. The latest batch of brushed aluminium panels does not meet the tolerance in our spec, the threads are off. Please call me back today."
144,99346,1998-06-18,email,praise,0,"Following up: Consistently good quality on the standard steel flanges (1200 units), our QA has not flagged anything in months."
145,27155,1997-06-18,account manager note,quality,1,"Hi team, two of our customers returned products built with your small polished rods because of early failure. Our procurement team has asked me to find an alternative vendor. Please call me back today."
146,140743,1997-07-22,portal,late_delivery,0,Third week waiting on the standard steel flanges on PO 60965. The tracking page has said 'in transit' since the 11 July.
147,120026,1997-07-21,chat,damaged,0,Following up: Received the standard steel flanges but the packaging was soaked through and the metal has started to rust.
148,37057,1997-11-01,chat,late_delivery,0,"Hi team, our shipment of promo tin cans on PO 98094 was promised for the 22 October and still has not turned up. Please call me back today."
149,89885,1997-05-22,chat,damaged,0,"Following up: Received the promo tin cans (PO 34347, 800 units) but the packaging was soaked through and the metal has started to rust. Please call me back today."
150,148216,1998-01-03,email,late_delivery,0,"Hi account team, can someone tell me where order for brass fittings (PO 35575, 120 units) is? It was meant to be here days ago. Escalating to my manager if not resolved."
151,29678,1997-08-14,chat,praise,0,"Urgent: Your account team sorted our plated nickel bolts issue in a single call, really appreciated. Escalating to my manager if not resolved."
152,110786,1998-07-11,account manager note,late_delivery,0,"Urgent: Can someone tell me where order for brushed aluminium panels on PO 67850 is? It was meant to be here days ago. Regards, procurement."
153,139535,1997-03-31,phone transcript,damaged,0,"To whom it may concern: Pallet of standard steel flanges arrived with the wrapping torn open and several pieces dented. Regards, procurement."
154,33263,1997-06-22,portal,billing,0,Good morning. The price on the invoice for brushed aluminium panels (250 units) is higher than the price we agreed in the contract. Need an answer by end of day.
155,649,1997-11-26,email,late_delivery,1,"Good morning. Can someone tell me where order for burnished tin sheets (PO 28634, 1200 units) is? It was meant to be here days ago. If this happens again we will move our business to another supplier. Thanks."
156,88541,1998-04-15,chat,quality,0,"Hi Anna, two of our customers returned products built with your medium plated fasteners (75 units) because of early failure. Reference attached."
157,79133,1998-05-12,portal,billing,0,Following up: We were invoiced twice for the same batch of brushed aluminium panels.
158,23908,1997-10-08,email,praise,0,"To whom it may concern: Just wanted to say the polished steel brackets (250 units) arrived early and in perfect condition. Great job. Regards, procurement."
159,125227,1998-05-04,email,late_delivery,0,Following up: Our shipment of polished steel brackets was promised for the 21 April and still has not turned up. Thanks.
160,139070,1997-04-02,chat,late_delivery,0,To whom it may concern: Third week waiting on the small polished rods. The tracking page has said 'in transit' since the 18 March. Please call me back today.
161,36704,1997-06-18,email,late_delivery,0,"Hi team, the standard steel flanges (200 units) consignment slipped again. That is the second slip this quarter."
162,79076,1998-01-29,portal,billing,0,"Hello, we were invoiced twice for the same batch of brushed aluminium panels (PO 28327, 500 units). Need an answer by end of day."
163,3164,1998-06-06,phone transcript,wrong_item,1,"Got 200 units of the wrong finish instead of the burnished tin sheets (PO 94694, 250 units) we specified. Our procurement team has asked me to find an alternative vendor."
164,88237,1997-05-16,email,account,1,"Urgent: We have moved office, please update the delivery address on our account. If this happens again we will move our business to another supplier."
165,40732,1998-02-12,chat,account,0,"Hi Tom, please add my colleague as a second contact on our account."
166,46045,1997-03-09,email,damaged,0,"Hello, opened the delivery of plated nickel bolts (PO 17589, 200 units) this morning and a good third of them are cracked."
167,7696,1997-05-21,phone transcript,late_delivery,1,To whom it may concern: Third week waiting on the small polished rods. The tracking page has said 'in transit' since the 7 May. We are reviewing whether to renew the contract at the end of the quarter.
168,43747,1997-10-06,phone transcript,praise,0,"Thanks for the quick turnaround on the large copper coils, it saved our production week. Escalating to my manager if not resolved."
169,39344,1997-04-16,portal,late_delivery,1,Still no sign of the promo tin cans. Our warehouse team has been standing by since the 13 April. Our procurement team has asked me to find an alternative vendor. Reference attached.
170,90166,1997-02-06,portal,account,0,"Hello, could you send us a copy of last year's statements for our auditors? Reference attached."
171,147799,1998-06-13,phone transcript,late_delivery,0,"Good morning. We planned a production run around the brass fittings (PO 70960, 75 units) arriving on the 8 June. Nothing has arrived and the line is idle."
172,102347,1997-09-06,email,quality,0,Urgent: Our QA rejected the standard steel flanges (1200 units). Finish is uneven and some pieces fail the stress test.
173,11509,1997-01-02,portal,account,0,"Hello, we have moved office, please update the delivery address on our account. Please call me back today."
174,34265,1998-06-17,portal,praise,0,"Thanks for the quick turnaround on the economy brass valves (1200 units), it saved our production week."
175,29243,1997-11-19,account manager note,damaged,1,"Good morning. Half the economy brass valves (500 units) came out of the crate bent and scratched. This is the last chance, after this we are going elsewhere."
176,110594,1998-02-21,chat,wrong_item,0,Following up: Got 200 units of the wrong finish instead of the polished steel brackets on PO 37215 we specified.
177,144211,1997-12-02,portal,late_delivery,1,"Hi Priya, your carrier keeps rescheduling. We were told the 20 November, then Friday, now 'next week' for the anodized copper pipe. Frankly we are already talking to your competitors."
178,67849,1997-04-15,email,late_delivery,0,"Hello, third week waiting on the anodized copper pipe. The tracking page has said 'in transit' since the 31 March."
179,103547,1997-03-08,account manager note,late_delivery,1,"To whom it may concern: Our shipment of burnished tin sheets (PO 22055, 120 units) was promised for the 19 February and still has not turned up. This is the last chance, after this we are going elsewhere. Thanks."
180,108002,1998-03-13,chat,late_delivery,1,"Good morning. Can someone tell me where order for anodized copper pipe (200 units) is? It was meant to be here days ago. This is the last chance, after this we are going elsewhere. Regards, procurement."
181,90187,1997-03-31,chat,wrong_item,0,"Hello, your warehouse picked the wrong SKU again, these are not plated nickel bolts (PO 64949, 120 units). Reference attached."
182,61018,1998-02-02,portal,wrong_item,0,"Hello, this is not what we asked for. The plated nickel bolts on the invoice do not match what is on the pallet. Escalating to my manager if not resolved."
183,92192,1997-09-04,chat,late_delivery,1,"Hi Marco, still no sign of the plated nickel bolts on PO 38758. Our warehouse team has been standing by since the 27 August. This is the last chance, after this we are going elsewhere. Reference attached."
184,86963,1997-07-12,chat,billing,1,Following up: We were invoiced twice for the same batch of standard steel flanges on PO 33010. Frankly we are already talking to your competitors.
185,26485,1997-05-14,phone transcript,late_delivery,0,The brushed aluminium panels consignment slipped again. That is the second slip this quarter. Reference attached.
186,69046,1997-05-20,account manager note,damaged,0,"To whom it may concern: Several of the anodized copper pipe (PO 95089, 1200 units) were snapped in two when we unpacked them. Reference attached."
187,27292,1997-10-29,account manager note,damaged,0,"Hi Priya, pallet of anodized copper pipe arrived with the wrapping torn open and several pieces dented. Regards, procurement."
188,28321,1997-03-21,email,late_delivery,1,Can someone tell me where order for burnished tin sheets (500 units) is? It was meant to be here days ago. Frankly we are already talking to your competitors.
189,42640,1998-03-25,account manager note,late_delivery,0,"Following up: We planned a production run around the small polished rods (PO 64266, 120 units) arriving on the 5 March. Nothing has arrived and the line is idle. Escalating to my manager if not resolved."
190,143405,1997-02-04,email,late_delivery,0,We planned a production run around the plated nickel bolts arriving on the 27 January. Nothing has arrived and the line is idle. Please call me back today.
191,145258,1998-05-10,chat,damaged,1,"Hi team, pallet of small polished rods arrived with the wrapping torn open and several pieces dented. Frankly we are already talking to your competitors. Regards, procurement."
192,39074,1997-10-16,portal,damaged,0,"Hi account team, pallet of plated nickel bolts arrived with the wrapping torn open and several pieces dented. Thanks."
193,140566,1997-07-31,account manager note,late_delivery,0,Still no sign of the anodized copper pipe (75 units). Our warehouse team has been standing by since the 16 July. Need an answer by end of day.
194,99472,1998-01-26,email,late_delivery,1,Good morning. Can someone tell me where order for brushed aluminium panels is? It was meant to be here days ago. We are reviewing whether to renew the contract at the end of the quarter.
195,124850,1998-07-09,phone transcript,billing,0,We still have not received the credit note you promised for the economy brass valves on PO 82561. Escalating to my manager if not resolved.
196,61025,1997-02-05,account manager note,late_delivery,0,Following up: Third week waiting on the large copper coils on PO 25765. The tracking page has said 'in transit' since the 27 January. Please call me back today.
197,3242,1997-06-01,chat,late_delivery,0,The promo tin cans (500 units) consignment slipped again. That is the second slip this quarter. Need an answer by end of day.
198,69242,1998-03-06,account manager note,billing,0,"We still have not received the credit note you promised for the polished steel brackets (PO 29424, 120 units). Reference attached."
199,12922,1998-04-30,account manager note,billing,0,"Hi team, we were invoiced twice for the same batch of brass fittings. Reference attached."
200,70627,1998-01-17,account manager note,account,0,"Good morning. I cannot log into the ordering portal, the password reset email never arrives. Escalating to my manager if not resolved."
201,132854,1997-04-02,account manager note,billing,0,"Following up: We were invoiced twice for the same batch of burnished tin sheets (PO 63368, 200 units)."
202,71822,1998-06-21,phone transcript,late_delivery,0,"Hello, third week waiting on the promo tin cans. The tracking page has said 'in transit' since the 17 June. Reference attached."
203,91688,1998-06-02,phone transcript,praise,0,"To whom it may concern: Thanks for the quick turnaround on the economy brass valves, it saved our production week. Escalating to my manager if not resolved."
204,107350,1997-09-22,chat,late_delivery,0,"Hi Priya, third week waiting on the small polished rods. The tracking page has said 'in transit' since the 13 September. Regards, procurement."
205,57203,1997-01-10,account manager note,late_delivery,0,We planned a production run around the standard steel flanges arriving on the 29 December. Nothing has arrived and the line is idle. Need an answer by end of day.
206,72479,1998-06-18,phone transcript,damaged,0,"Urgent: Received the promo tin cans (PO 10963, 75 units) but the packaging was soaked through and the metal has started to rust."
207,130384,1997-09-25,phone transcript,praise,0,Urgent: Just wanted to say the medium plated fasteners (200 units) arrived early and in perfect condition. Great job. Please call me back today.
208,78695,1998-03-05,portal,late_delivery,0,"Hello, your carrier keeps rescheduling. We were told the 23 February, then Friday, now 'next week' for the economy brass valves (PO 86418, 40 units). Escalating to my manager if not resolved."
209,80501,1998-07-26,account manager note,praise,0,"Hi team, your account team sorted our anodized copper pipe (75 units) issue in a single call, really appreciated. Regards, procurement."
210,14173,1997-12-06,portal,praise,0,"Just wanted to say the brushed aluminium panels (250 units) arrived early and in perfect condition. Great job. Regards, procurement."
211,15208,1997-07-25,email,late_delivery,0,"To whom it may concern: Still no sign of the brushed aluminium panels (PO 28772, 1200 units). Our warehouse team has been standing by since the 20 July. Please call me back today."
212,9890,1997-08-03,chat,wrong_item,0,"Your warehouse picked the wrong SKU again, these are not anodized copper pipe on PO 74169. Thanks."
213,43784,1998-01-18,email,late_delivery,0,Third week waiting on the brass fittings (200 units). The tracking page has said 'in transit' since the 4 January.
214,5014,1997-11-02,portal,praise,0,"Hi team, thanks for the quick turnaround on the plated nickel bolts (PO 66841, 500 units), it saved our production week. Please call me back today."
215,28342,1997-05-15,email,late_delivery,0,To whom it may concern: Can someone tell me where order for burnished tin sheets is? It was meant to be here days ago.
216,136396,1997-04-29,phone transcript,late_delivery,1,"Urgent: Can someone tell me where order for economy brass valves (PO 26199, 800 units) is? It was meant to be here days ago. Honestly I am not sure we can keep working with you."
217,52868,1997-05-21,phone transcript,billing,0,"Our finance team cannot reconcile your invoice, the quantities of economy brass valves are off. Need an answer by end of day."
218,129527,1997-10-30,portal,quality,1,Following up: Our QA rejected the anodized copper pipe. Finish is uneven and some pieces fail the stress test. If this happens again we will move our business to another supplier.
219,76171,1998-06-08,phone transcript,account,0,"Hello, could you send us a copy of last year's statements for our auditors?"
220,70336,1997-11-17,email,praise,0,"Your account team sorted our economy brass valves issue in a single call, really appreciated. Escalating to my manager if not resolved."
221,32723,1997-12-17,portal,damaged,0,Following up: Opened the delivery of anodized copper pipe this morning and a good third of them are cracked. Please call me back today.
222,29606,1998-05-10,account manager note,late_delivery,0,"Hi Marco, the promo tin cans (PO 90127, 120 units) consignment slipped again. That is the second slip this quarter. Please call me back today."
223,126335,1997-03-06,phone transcript,wrong_item,0,Urgent: This is not what we asked for. The plated nickel bolts (40 units) on the invoice do not match what is on the pallet.
224,106709,1998-01-30,email,billing,1,"Hi team, our finance team cannot reconcile your invoice, the quantities of anodized copper pipe on PO 11526 are off. Our procurement team has asked me to find an alternative vendor. Reference attached."
225,130384,1998-07-18,email,wrong_item,1,"Got 200 units of the wrong finish instead of the medium plated fasteners (PO 40801, 800 units) we specified. Our procurement team has asked me to find an alternative vendor. Escalating to my manager if not resolved."
226,119134,1998-02-27,phone transcript,late_delivery,0,"Good morning. Your carrier keeps rescheduling. We were told the 10 February, then Friday, now 'next week' for the brass fittings on PO 21913. Reference attached."
227,98014,1998-04-30,email,billing,0,We were invoiced twice for the same batch of small polished rods (1200 units). Need an answer by end of day.
228,141395,1997-06-18,phone transcript,late_delivery,0,Good morning. Third week waiting on the standard steel flanges. The tracking page has said 'in transit' since the 12 June. Thanks.
229,113459,1998-03-01,chat,late_delivery,0,Following up: Can someone tell me where order for brass fittings on PO 69048 is? It was meant to be here days ago.
230,65075,1998-06-05,phone transcript,wrong_item,0,"Your warehouse picked the wrong SKU again, these are not anodized copper pipe on PO 26827. Thanks."
231,15890,1997-12-18,phone transcript,damaged,0,"Hi Rahul, several of the plated nickel bolts (PO 28111, 120 units) were snapped in two when we unpacked them. Regards, procurement."
232,27911,1997-05-16,email,account,0,"To whom it may concern: We have moved office, please update the delivery address on our account. Thanks."
233,104774,1997-02-24,email,damaged,1,"Hi team, several of the medium plated fasteners were snapped in two when we unpacked them. If this happens again we will move our business to another supplier. Need an answer by end of day."
234,12316,1998-04-09,account manager note,damaged,0,Urgent: Pallet of polished steel brackets on PO 94819 arrived with the wrapping torn open and several pieces dented. Need an answer by end of day.
235,50725,1997-11-17,phone transcript,damaged,0,"Hello, pallet of large copper coils arrived with the wrapping torn open and several pieces dented. Regards, procurement."
236,66851,1997-03-18,email,wrong_item,0,This is not what we asked for. The anodized copper pipe on the invoice do not match what is on the pallet. Please call me back today.
237,136474,1997-06-08,email,damaged,0,Opened the delivery of brass fittings this morning and a good third of them are cracked. Reference attached.
238,58439,1997-06-13,account manager note,praise,0,"To whom it may concern: Your account team sorted our economy brass valves on PO 22051 issue in a single call, really appreciated. Need an answer by end of day."
239,141620,1997-01-10,phone transcript,account,0,"Hello, could you send us a copy of last year's statements for our auditors?"
240,43882,1998-06-14,chat,late_delivery,0,"Your carrier keeps rescheduling. We were told the 5 June, then Friday, now 'next week' for the brushed aluminium panels on PO 73806."
241,59743,1997-03-09,email,billing,1,"Hello, we were invoiced twice for the same batch of burnished tin sheets. Honestly I am not sure we can keep working with you. Reference attached."
242,140204,1997-09-15,email,late_delivery,0,"Hi Mei, can someone tell me where order for large copper coils is? It was meant to be here days ago."
243,99986,1997-03-06,account manager note,billing,0,To whom it may concern: Please explain the extra surcharge on our last statement for the small polished rods on PO 19514. Need an answer by end of day.
244,2923,1997-02-01,chat,praise,0,"Hi Rahul, your account team sorted our standard steel flanges issue in a single call, really appreciated. Reference attached."
245,46414,1997-05-25,portal,praise,0,"Hi Tom, consistently good quality on the polished steel brackets, our QA has not flagged anything in months. Reference attached."
246,94801,1997-08-15,phone transcript,late_delivery,0,"Hi team, still no sign of the promo tin cans (200 units). Our warehouse team has been standing by since the 26 July."
247,86074,1998-05-14,chat,late_delivery,0,"Hello, we planned a production run around the brushed aluminium panels (120 units) arriving on the 9 May. Nothing has arrived and the line is idle. Reference attached."
248,82210,1997-06-06,portal,billing,1,"Hi support, we were invoiced twice for the same batch of promo tin cans on PO 51462. Frankly we are already talking to your competitors. Thanks."
249,36701,1997-12-06,chat,quality,0,"Good morning. The latest batch of standard steel flanges (PO 57020, 1200 units) does not meet the tolerance in our spec, the threads are off."
250,123760,1997-03-20,portal,late_delivery,0,Still no sign of the small polished rods. Our warehouse team has been standing by since the 11 March. Need an answer by end of day.
251,43475,1997-08-17,chat,damaged,0,"Urgent: Opened the delivery of promo tin cans (120 units) this morning and a good third of them are cracked. Regards, procurement."
252,22454,1997-06-13,chat,late_delivery,1,To whom it may concern: Third week waiting on the anodized copper pipe on PO 73373. The tracking page has said 'in transit' since the 26 May. We are reviewing whether to renew the contract at the end of the quarter. Reference attached.
253,142699,1998-01-05,chat,account,0,"I cannot log into the ordering portal, the password reset email never arrives. Need an answer by end of day."
254,126383,1998-01-23,chat,late_delivery,0,Good morning. Third week waiting on the brushed aluminium panels on PO 77720. The tracking page has said 'in transit' since the 4 January. Reference attached.
255,108689,1997-05-23,phone transcript,late_delivery,1,Urgent: Third week waiting on the standard steel flanges. The tracking page has said 'in transit' since the 16 May. We are reviewing whether to renew the contract at the end of the quarter.
256,46414,1998-05-09,email,quality,1,"Hi team, the latest batch of medium plated fasteners (PO 37617, 1200 units) does not meet the tolerance in our spec, the threads are off. This is the last chance, after this we are going elsewhere. Please call me back today."
257,44714,1997-05-31,portal,praise,0,"Urgent: Just wanted to say the brass fittings arrived early and in perfect condition. Great job. Regards, procurement."
258,15185,1997-05-27,chat,praise,0,To whom it may concern: Just wanted to say the promo tin cans arrived early and in perfect condition. Great job. Please call me back today.
259,141290,1998-06-01,chat,praise,0,"Thanks for the quick turnaround on the medium plated fasteners (PO 89365, 120 units), it saved our production week."
260,25616,1997-01-02,account manager note,billing,0,"The price on the invoice for medium plated fasteners (PO 58546, 800 units) is higher than the price we agreed in the contract. Thanks."
261,30889,1998-05-04,chat,late_delivery,1,Urgent: We planned a production run around the burnished tin sheets arriving on the 25 April. Nothing has arrived and the line is idle. Honestly I am not sure we can keep working with you.
262,104191,1997-07-30,portal,late_delivery,1,"Can someone tell me where order for small polished rods (800 units) is? It was meant to be here days ago. This is the last chance, after this we are going elsewhere. Thanks."
263,117073,1998-07-25,portal,damaged,0,"Urgent: The standard steel flanges were crushed in transit, the box looked like it had been dropped from a height. Thanks."
264,16799,1998-06-05,phone transcript,late_delivery,0,"Hi Priya, still no sign of the economy brass valves (40 units). Our warehouse team has been standing by since the 31 May. Escalating to my manager if not resolved."
265,52877,1997-03-23,chat,late_delivery,0,"Urgent: Your carrier keeps rescheduling. We were told the 19 March, then Friday, now 'next week' for the promo tin cans. Please call me back today."
266,123988,1997-02-04,account manager note,damaged,0,"Hi team, the promo tin cans on PO 90634 were crushed in transit, the box looked like it had been dropped from a height. Please call me back today."
267,72485,1998-02-09,portal,damaged,0,Half the economy brass valves on PO 77861 came out of the crate bent and scratched. Reference attached.
268,30674,1997-07-19,chat,billing,0,"Hi team, we still have not received the credit note you promised for the standard steel flanges (PO 44223, 40 units). Need an answer by end of day."
269,67586,1998-07-05,email,account,0,Following up: Could you send us a copy of last year's statements for our auditors?
270,19931,1997-08-14,chat,damaged,1,To whom it may concern: Several of the medium plated fasteners were snapped in two when we unpacked them. If this happens again we will move our business to another supplier. Thanks.
271,69575,1998-05-03,portal,account,0,"Good morning. Please add my colleague as a second contact on our account. Regards, procurement."
272,97307,1997-09-13,chat,late_delivery,0,"Your carrier keeps rescheduling. We were told the 26 August, then Friday, now 'next week' for the promo tin cans (120 units)."
273,8537,1997-10-09,chat,damaged,0,"Hello, half the standard steel flanges came out of the crate bent and scratched. Escalating to my manager if not resolved."
274,49061,1997-06-28,chat,damaged,0,Several of the standard steel flanges were snapped in two when we unpacked them.
275,105013,1997-10-03,phone transcript,damaged,0,"Hi team, opened the delivery of standard steel flanges on PO 57962 this morning and a good third of them are cracked. Reference attached."
276,2554,1997-05-15,portal,wrong_item,1,"Hello, got 200 units of the wrong finish instead of the promo tin cans we specified. Honestly I am not sure we can keep working with you. Please call me back today."
277,17669,1997-05-18,account manager note,wrong_item,0,"Good morning. Your warehouse picked the wrong SKU again, these are not medium plated fasteners on PO 73782. Please call me back today."
278,52156,1997-04-09,chat,praise,0,"To whom it may concern: Consistently good quality on the standard steel flanges (250 units), our QA has not flagged anything in months. Reference attached."
279,37972,1998-07-06,portal,billing,0,"Urgent: Our finance team cannot reconcile your invoice, the quantities of anodized copper pipe (500 units) are off. Need an answer by end of day."
280,103667,1997-12-12,phone transcript,billing,0,Please explain the extra surcharge on our last statement for the economy brass valves on PO 19351. Need an answer by end of day.
281,20989,1998-01-07,portal,praise,0,"Hi team, just wanted to say the small polished rods on PO 64262 arrived early and in perfect condition. Great job. Need an answer by end of day."
282,100040,1997-04-16,email,late_delivery,0,Still no sign of the polished steel brackets. Our warehouse team has been standing by since the 1 April.
283,15332,1998-02-04,phone transcript,billing,0,Following up: The price on the invoice for plated nickel bolts is higher than the price we agreed in the contract.
284,126263,1998-04-24,chat,praise,0,"Urgent: Thanks for the quick turnaround on the large copper coils (1200 units), it saved our production week. Need an answer by end of day."
285,18199,1997-04-02,email,late_delivery,1,Good morning. We planned a production run around the standard steel flanges (500 units) arriving on the 30 March. Nothing has arrived and the line is idle. Frankly we are already talking to your competitors. Reference attached.
286,65509,1998-05-19,portal,quality,0,"Good morning. The latest batch of standard steel flanges (40 units) does not meet the tolerance in our spec, the threads are off. Thanks."
287,17948,1998-02-04,portal,quality,0,"Hi Anna, compared with last year the economy brass valves feel cheaper and wear out much faster. Need an answer by end of day."
288,57571,1997-04-24,phone transcript,late_delivery,1,"Following up: We planned a production run around the medium plated fasteners (PO 45669, 1200 units) arriving on the 21 April. Nothing has arrived and the line is idle. This is the last chance, after this we are going elsewhere."
289,130652,1998-03-25,phone transcript,damaged,0,"Hi team, opened the delivery of small polished rods this morning and a good third of them are cracked. Need an answer by end of day."
290,65557,1997-02-02,account manager note,wrong_item,0,"Good morning. We ordered brushed aluminium panels and received something completely different. Regards, procurement."
291,54644,1997-05-05,account manager note,praise,0,"Hello, your account team sorted our small polished rods issue in a single call, really appreciated."
292,13655,1997-11-16,portal,damaged,0,"Urgent: The brushed aluminium panels were crushed in transit, the box looked like it had been dropped from a height. Regards, procurement."
293,40631,1997-08-30,phone transcript,account,0,"Hi team, I cannot log into the ordering portal, the password reset email never arrives."
294,118355,1997-09-12,phone transcript,quality,0,"To whom it may concern: The latest batch of anodized copper pipe (PO 99908, 75 units) does not meet the tolerance in our spec, the threads are off."
295,148558,1997-12-22,portal,account,0,To whom it may concern: Could you send us a copy of last year's statements for our auditors? Escalating to my manager if not resolved.
296,119035,1997-11-28,email,billing,1,"Urgent: We were invoiced twice for the same batch of small polished rods (PO 88470, 250 units). We are reviewing whether to renew the contract at the end of the quarter. Need an answer by end of day."
297,80809,1998-06-03,chat,quality,0,To whom it may concern: Compared with last year the economy brass valves feel cheaper and wear out much faster. Thanks.
298,139030,1997-10-17,email,late_delivery,1,"Our shipment of brushed aluminium panels (PO 24478, 500 units) was promised for the 10 October and still has not turned up. If this happens again we will move our business to another supplier. Regards, procurement."
299,122699,1998-02-02,email,late_delivery,1,"To whom it may concern: The medium plated fasteners (PO 16433, 250 units) consignment slipped again. That is the second slip this quarter. Frankly we are already talking to your competitors. Escalating to my manager if not resolved."
300,135680,1998-03-02,chat,damaged,0,"The brushed aluminium panels were crushed in transit, the box looked like it had been dropped from a height."
301,111956,1997-07-17,email,damaged,0,Urgent: Several of the large copper coils were snapped in two when we unpacked them. Reference attached.
302,108094,1997-07-04,account manager note,late_delivery,0,"Hi team, we planned a production run around the large copper coils (PO 96184, 500 units) arriving on the 21 June. Nothing has arrived and the line is idle. Reference attached."
303,89195,1997-11-28,phone transcript,praise,0,"Urgent: Consistently good quality on the promo tin cans, our QA has not flagged anything in months. Thanks."
304,134027,1998-06-15,chat,billing,0,"Hello, please explain the extra surcharge on our last statement for the anodized copper pipe (40 units). Need an answer by end of day."
305,117602,1997-06-08,email,billing,0,"Hi team, please explain the extra surcharge on our last statement for the polished steel brackets. Regards, procurement."
306,86560,1997-08-11,account manager note,billing,0,"Hi team, we still have not received the credit note you promised for the small polished rods. Need an answer by end of day."
307,58310,1997-02-27,email,late_delivery,0,"Your carrier keeps rescheduling. We were told the 24 February, then Friday, now 'next week' for the brushed aluminium panels (800 units). Thanks."
308,38801,1997-06-03,portal,damaged,1,Opened the delivery of brushed aluminium panels on PO 30079 this morning and a good third of them are cracked. Our procurement team has asked me to find an alternative vendor. Need an answer by end of day.
309,126071,1998-05-03,chat,damaged,0,Received the promo tin cans but the packaging was soaked through and the metal has started to rust. Please call me back today.
310,29500,1998-02-09,account manager note,late_delivery,1,Urgent: Third week waiting on the medium plated fasteners on PO 83553. The tracking page has said 'in transit' since the 4 February. Our procurement team has asked me to find an alternative vendor. Reference attached.
311,115465,1997-12-23,email,wrong_item,0,The box is labelled burnished tin sheets (500 units) but inside are parts in the wrong size. Escalating to my manager if not resolved.
312,70187,1997-08-28,phone transcript,account,0,Please add my colleague as a second contact on our account. Need an answer by end of day.
313,98726,1997-01-24,chat,wrong_item,0,"Urgent: Your warehouse picked the wrong SKU again, these are not brushed aluminium panels. Please call me back today."
314,149696,1998-06-24,phone transcript,account,0,Good morning. Could you send us a copy of last year's statements for our auditors?
315,65413,1997-01-20,account manager note,praise,0,"Urgent: Consistently good quality on the plated nickel bolts (PO 59899, 200 units), our QA has not flagged anything in months."
316,131401,1997-01-23,phone transcript,billing,0,Following up: The price on the invoice for brass fittings is higher than the price we agreed in the contract. Reference attached.
317,109402,1997-09-21,portal,praise,0,"Hi team, thanks for the quick turnaround on the economy brass valves, it saved our production week. Thanks."
318,35456,1998-03-13,account manager note,billing,0,"Urgent: The price on the invoice for plated nickel bolts on PO 68873 is higher than the price we agreed in the contract. Regards, procurement."
319,83543,1997-05-29,account manager note,account,0,Please add my colleague as a second contact on our account. Please call me back today.
320,60533,1997-11-07,chat,account,0,Please add my colleague as a second contact on our account. Need an answer by end of day.
321,50662,1997-01-27,portal,late_delivery,1,"Urgent: Your carrier keeps rescheduling. We were told the 13 January, then Friday, now 'next week' for the brushed aluminium panels. Our procurement team has asked me to find an alternative vendor. Escalating to my manager if not resolved."
322,64693,1997-01-16,account manager note,late_delivery,0,"Hello, our shipment of plated nickel bolts (PO 97993, 200 units) was promised for the 8 January and still has not turned up. Escalating to my manager if not resolved."
323,64415,1997-02-12,chat,damaged,0,"Urgent: Received the promo tin cans (PO 61662, 500 units) but the packaging was soaked through and the metal has started to rust."
324,110746,1997-02-10,phone transcript,billing,0,"Good morning. Our finance team cannot reconcile your invoice, the quantities of large copper coils (PO 34884, 40 units) are off. Need an answer by end of day."
325,84794,1997-02-25,account manager note,billing,1,"Following up: We still have not received the credit note you promised for the small polished rods on PO 70762. This is the last chance, after this we are going elsewhere. Please call me back today."
326,89885,1998-04-10,phone transcript,late_delivery,0,"Good morning. Your carrier keeps rescheduling. We were told the 2 April, then Friday, now 'next week' for the promo tin cans."
327,28744,1998-01-29,portal,late_delivery,0,Urgent: Our shipment of small polished rods on PO 59634 was promised for the 21 January and still has not turned up. Please call me back today.
328,66352,1997-02-22,email,quality,0,"Good morning. The latest batch of economy brass valves (250 units) does not meet the tolerance in our spec, the threads are off."
329,68476,1998-05-26,phone transcript,wrong_item,0,"Hello, got 200 units of the wrong finish instead of the large copper coils we specified."
330,22991,1998-07-25,email,billing,0,We were invoiced twice for the same batch of burnished tin sheets. Need an answer by end of day.
331,112021,1997-07-02,chat,late_delivery,0,To whom it may concern: Our shipment of anodized copper pipe (120 units) was promised for the 20 June and still has not turned up. Thanks.
332,59663,1998-04-28,email,late_delivery,0,Urgent: The anodized copper pipe consignment slipped again. That is the second slip this quarter.
333,47162,1997-10-22,chat,wrong_item,0,Urgent: The box is labelled economy brass valves on PO 44034 but inside are parts in the wrong size. Escalating to my manager if not resolved.
334,87502,1997-10-25,phone transcript,late_delivery,0,"Following up: Your carrier keeps rescheduling. We were told the 16 October, then Friday, now 'next week' for the burnished tin sheets. Thanks."
335,106540,1997-08-06,phone transcript,billing,0,Please explain the extra surcharge on our last statement for the brass fittings.
336,87847,1997-01-30,account manager note,damaged,0,Following up: Half the anodized copper pipe came out of the crate bent and scratched. Escalating to my manager if not resolved.
337,41939,1998-02-28,phone transcript,praise,0,"To whom it may concern: Your account team sorted our small polished rods issue in a single call, really appreciated. Reference attached."
338,108494,1997-12-14,email,praise,0,"Hi support, just wanted to say the economy brass valves on PO 84839 arrived early and in perfect condition. Great job. Reference attached."
339,116333,1997-09-01,chat,wrong_item,0,"Urgent: The box is labelled brushed aluminium panels (PO 38329, 250 units) but inside are parts in the wrong size."
340,40759,1998-05-10,account manager note,late_delivery,1,Following up: Still no sign of the large copper coils. Our warehouse team has been standing by since the 27 April. If this happens again we will move our business to another supplier. Please call me back today.
341,65486,1998-06-19,portal,damaged,1,Opened the delivery of polished steel brackets this morning and a good third of them are cracked. Honestly I am not sure we can keep working with you. Need an answer by end of day.
342,134758,1997-07-17,email,damaged,0,Pallet of plated nickel bolts (500 units) arrived with the wrapping torn open and several pieces dented.
343,13298,1997-12-25,portal,late_delivery,0,Good morning. Third week waiting on the large copper coils (250 units). The tracking page has said 'in transit' since the 20 December. Reference attached.
344,51944,1997-02-21,chat,late_delivery,0,"Hi Mei, third week waiting on the polished steel brackets (PO 21287, 40 units). The tracking page has said 'in transit' since the 4 February. Need an answer by end of day."
345,18575,1998-04-22,phone transcript,late_delivery,0,"We planned a production run around the promo tin cans arriving on the 5 April. Nothing has arrived and the line is idle. Regards, procurement."
346,119278,1997-12-05,chat,damaged,0,"Half the brushed aluminium panels (PO 13966, 1200 units) came out of the crate bent and scratched. Please call me back today."
347,5515,1998-06-05,chat,billing,0,"Urgent: Please explain the extra surcharge on our last statement for the polished steel brackets (PO 52712, 75 units). Thanks."
348,20917,1998-05-09,chat,late_delivery,0,"Hi Mei, the economy brass valves consignment slipped again. That is the second slip this quarter. Regards, procurement."
349,105163,1997-04-28,chat,praise,0,"Urgent: Thanks for the quick turnaround on the promo tin cans on PO 52647, it saved our production week. Thanks."
350,102232,1998-01-24,chat,quality,0,"Hello, the latest batch of brushed aluminium panels (PO 21866, 40 units) does not meet the tolerance in our spec, the threads are off. Escalating to my manager if not resolved."
351,77119,1997-07-20,email,billing,0,Good morning. Please explain the extra surcharge on our last statement for the burnished tin sheets (250 units). Thanks.
352,100025,1998-07-17,account manager note,damaged,0,Good morning. Pallet of brass fittings arrived with the wrapping torn open and several pieces dented. Thanks.
353,12013,1997-06-27,email,billing,0,"Hi Marco, our finance team cannot reconcile your invoice, the quantities of standard steel flanges are off. Please call me back today."
354,119117,1998-05-14,chat,late_delivery,0,"Hi team, still no sign of the medium plated fasteners (PO 21097, 120 units). Our warehouse team has been standing by since the 27 April. Thanks."
355,70583,1998-04-06,account manager note,wrong_item,0,"Hi Priya, your warehouse picked the wrong SKU again, these are not economy brass valves (200 units). Regards, procurement."
356,20509,1998-01-11,chat,account,0,"I cannot log into the ordering portal, the password reset email never arrives. Need an answer by end of day."
357,134392,1997-04-01,account manager note,praise,0,"Urgent: Just wanted to say the burnished tin sheets (PO 99662, 75 units) arrived early and in perfect condition. Great job."
358,42358,1997-12-06,chat,billing,0,"Hi team, we still have not received the credit note you promised for the economy brass valves (250 units). Need an answer by end of day."
359,49915,1997-02-22,phone transcript,late_delivery,1,Following up: Third week waiting on the medium plated fasteners (40 units). The tracking page has said 'in transit' since the 3 February. We are reviewing whether to renew the contract at the end of the quarter. Need an answer by end of day.
360,8675,1997-01-15,phone transcript,praise,0,"Hi team, consistently good quality on the small polished rods, our QA has not flagged anything in months. Regards, procurement."
361,127249,1997-05-29,email,account,0,"Hi Anna, we have moved office, please update the delivery address on our account. Reference attached."
362,113963,1998-04-21,email,late_delivery,0,"Urgent: Can someone tell me where order for economy brass valves (PO 72425, 250 units) is? It was meant to be here days ago. Please call me back today."
363,66937,1998-04-05,chat,damaged,0,Urgent: Opened the delivery of economy brass valves (40 units) this morning and a good third of them are cracked. Need an answer by end of day.
364,70766,1997-09-05,chat,damaged,1,"To whom it may concern: The small polished rods on PO 78151 were crushed in transit, the box looked like it had been dropped from a height. If this happens again we will move our business to another supplier."
365,31927,1998-04-02,email,late_delivery,1,"Hello, our shipment of brushed aluminium panels was promised for the 28 March and still has not turned up. This is the last chance, after this we are going elsewhere. Regards, procurement."
366,111932,1997-05-14,phone transcript,late_delivery,0,"Hi team, we planned a production run around the economy brass valves on PO 24528 arriving on the 27 April. Nothing has arrived and the line is idle."
367,46778,1997-03-17,account manager note,late_delivery,1,To whom it may concern: We planned a production run around the plated nickel bolts arriving on the 6 March. Nothing has arrived and the line is idle. If this happens again we will move our business to another supplier. Escalating to my manager if not resolved.
368,39022,1998-07-08,email,late_delivery,1,Good morning. Our shipment of economy brass valves was promised for the 3 July and still has not turned up. Honestly I am not sure we can keep working with you. Need an answer by end of day.
369,868,1998-02-04,account manager note,account,0,"We have moved office, please update the delivery address on our account."
370,65830,1998-05-09,phone transcript,account,0,"Good morning. I cannot log into the ordering portal, the password reset email never arrives. Reference attached."
371,114815,1997-06-30,portal,billing,0,"Hello, our finance team cannot reconcile your invoice, the quantities of large copper coils are off. Reference attached."
372,117784,1997-07-17,email,late_delivery,0,"Hi Tom, still no sign of the brass fittings on PO 74124. Our warehouse team has been standing by since the 27 June. Escalating to my manager if not resolved."
373,9668,1997-02-27,portal,late_delivery,1,"Hello, your carrier keeps rescheduling. We were told the 7 February, then Friday, now 'next week' for the brushed aluminium panels. This is the last chance, after this we are going elsewhere. Regards, procurement."
374,44746,1997-01-20,chat,wrong_item,0,"Hi team, the box is labelled standard steel flanges on PO 41808 but inside are parts in the wrong size."
375,55898,1997-04-19,email,late_delivery,0,"Hello, we planned a production run around the polished steel brackets (PO 18271, 200 units) arriving on the 4 April. Nothing has arrived and the line is idle. Please call me back today."
376,17963,1997-12-10,portal,billing,1,"Hi support, please explain the extra surcharge on our last statement for the polished steel brackets. Frankly we are already talking to your competitors."
377,149696,1998-05-14,chat,late_delivery,0,"Can someone tell me where order for polished steel brackets is? It was meant to be here days ago. Regards, procurement."
378,1199,1997-09-02,chat,wrong_item,0,"Hi team, your warehouse picked the wrong SKU again, these are not anodized copper pipe on PO 88154. Need an answer by end of day."
379,130421,1997-05-01,portal,late_delivery,1,Urgent: Can someone tell me where order for large copper coils is? It was meant to be here days ago. Frankly we are already talking to your competitors.
380,46108,1997-02-14,portal,late_delivery,1,"Hi Rahul, we planned a production run around the brass fittings (250 units) arriving on the 28 January. Nothing has arrived and the line is idle. Honestly I am not sure we can keep working with you."
381,70187,1998-05-12,phone transcript,praise,0,"Following up: Thanks for the quick turnaround on the large copper coils, it saved our production week. Reference attached."
382,69202,1997-08-31,portal,late_delivery,1,"Hello, can someone tell me where order for small polished rods (PO 59221, 200 units) is? It was meant to be here days ago. Our procurement team has asked me to find an alternative vendor. Please call me back today."
383,70187,1997-05-20,account manager note,damaged,0,"Hello, pallet of standard steel flanges arrived with the wrapping torn open and several pieces dented."
384,128245,1997-06-25,portal,wrong_item,0,"Hi team, your warehouse picked the wrong SKU again, these are not brushed aluminium panels."
385,109517,1998-04-19,email,billing,0,"Hello, our finance team cannot reconcile your invoice, the quantities of plated nickel bolts are off. Please call me back today."
386,110605,1998-04-27,account manager note,late_delivery,0,"Urgent: Can someone tell me where order for small polished rods on PO 65797 is? It was meant to be here days ago. Regards, procurement."
387,6400,1997-05-16,account manager note,account,0,"We have moved office, please update the delivery address on our account. Escalating to my manager if not resolved."
388,77750,1997-05-22,account manager note,wrong_item,0,"Following up: We ordered small polished rods (PO 58551, 120 units) and received something completely different. Reference attached."
389,95833,1998-07-10,phone transcript,quality,1,To whom it may concern: Compared with last year the promo tin cans feel cheaper and wear out much faster. We are reviewing whether to renew the contract at the end of the quarter. Escalating to my manager if not resolved.
390,59098,1998-07-27,phone transcript,late_delivery,0,"To whom it may concern: The small polished rods consignment slipped again. That is the second slip this quarter. Regards, procurement."
391,139436,1997-10-01,chat,damaged,0,"The large copper coils (PO 17138, 250 units) were crushed in transit, the box looked like it had been dropped from a height."
392,28670,1998-04-08,portal,praise,0,Following up: Just wanted to say the promo tin cans (75 units) arrived early and in perfect condition. Great job. Need an answer by end of day.
393,116356,1997-06-01,email,damaged,0,Opened the delivery of standard steel flanges this morning and a good third of them are cracked. Escalating to my manager if not resolved.
394,148702,1997-03-06,portal,damaged,0,To whom it may concern: Opened the delivery of brass fittings this morning and a good third of them are cracked. Escalating to my manager if not resolved.
395,42151,1997-11-10,chat,praise,0,To whom it may concern: Just wanted to say the anodized copper pipe (200 units) arrived early and in perfect condition. Great job. Escalating to my manager if not resolved.
396,11636,1997-06-29,email,damaged,0,"The small polished rods were crushed in transit, the box looked like it had been dropped from a height. Reference attached."
397,120073,1997-12-19,phone transcript,billing,0,"Hi team, we were invoiced twice for the same batch of anodized copper pipe (1200 units). Escalating to my manager if not resolved."
398,10507,1998-07-14,portal,late_delivery,0,Good morning. Still no sign of the large copper coils (250 units). Our warehouse team has been standing by since the 27 June.
399,58234,1997-04-30,phone transcript,quality,1,"Hello, compared with last year the plated nickel bolts feel cheaper and wear out much faster. This is the last chance, after this we are going elsewhere. Regards, procurement."
400,94651,1997-03-27,account manager note,late_delivery,0,"Hi Anna, can someone tell me where order for large copper coils (PO 77081, 75 units) is? It was meant to be here days ago."
401,71395,1998-03-14,account manager note,late_delivery,0,"Good morning. We planned a production run around the brushed aluminium panels (PO 11597, 500 units) arriving on the 2 March. Nothing has arrived and the line is idle."
402,17963,1997-10-23,email,praise,0,"Your account team sorted our anodized copper pipe (PO 28293, 800 units) issue in a single call, really appreciated. Reference attached."
403,79166,1997-10-07,chat,late_delivery,1,"Hi team, third week waiting on the economy brass valves. The tracking page has said 'in transit' since the 22 September. Our procurement team has asked me to find an alternative vendor."
404,14201,1998-07-27,account manager note,damaged,0,"The small polished rods (PO 13517, 200 units) were crushed in transit, the box looked like it had been dropped from a height. Escalating to my manager if not resolved."
405,124792,1997-09-08,email,late_delivery,0,The brass fittings consignment slipped again. That is the second slip this quarter. Need an answer by end of day.
406,41353,1997-01-18,phone transcript,damaged,0,To whom it may concern: Several of the plated nickel bolts were snapped in two when we unpacked them.
407,78925,1997-10-26,phone transcript,late_delivery,0,"Hi team, the large copper coils consignment slipped again. That is the second slip this quarter. Reference attached."
408,26849,1998-01-07,portal,quality,0,Compared with last year the polished steel brackets on PO 28837 feel cheaper and wear out much faster. Thanks.
409,36442,1997-08-15,account manager note,late_delivery,0,Following up: Our shipment of burnished tin sheets on PO 64702 was promised for the 8 August and still has not turned up. Escalating to my manager if not resolved.
410,141290,1998-06-20,email,praise,0,"Your account team sorted our brushed aluminium panels issue in a single call, really appreciated. Need an answer by end of day."
411,66326,1997-04-25,email,wrong_item,0,We ordered polished steel brackets and received something completely different.
412,91184,1997-01-11,phone transcript,late_delivery,1,"Hello, your carrier keeps rescheduling. We were told the 28 December, then Friday, now 'next week' for the polished steel brackets. Frankly we are already talking to your competitors. Need an answer by end of day."
413,1135,1998-05-28,email,late_delivery,0,"Still no sign of the small polished rods on PO 76179. Our warehouse team has been standing by since the 25 May. Regards, procurement."
414,29582,1998-06-01,phone transcript,account,0,"Hi team, I cannot log into the ordering portal, the password reset email never arrives. Thanks."
415,65486,1997-04-23,account manager note,late_delivery,0,Good morning. Our shipment of large copper coils was promised for the 10 April and still has not turned up. Thanks.
416,103906,1998-02-22,account manager note,late_delivery,0,"Following up: Third week waiting on the plated nickel bolts (PO 19123, 200 units). The tracking page has said 'in transit' since the 19 February. Escalating to my manager if not resolved."
417,147586,1997-03-29,email,wrong_item,0,We ordered polished steel brackets and received something completely different. Reference attached.
418,134065,1998-03-11,phone transcript,late_delivery,0,"Good morning. We planned a production run around the small polished rods (PO 86273, 250 units) arriving on the 21 February. Nothing has arrived and the line is idle. Thanks."
419,7013,1998-04-11,portal,late_delivery,1,"Following up: Your carrier keeps rescheduling. We were told the 4 April, then Friday, now 'next week' for the polished steel brackets. Honestly I am not sure we can keep working with you."
420,68594,1997-12-01,chat,damaged,0,Urgent: Opened the delivery of anodized copper pipe (75 units) this morning and a good third of them are cracked. Escalating to my manager if not resolved.
421,8614,1998-07-08,portal,damaged,0,Opened the delivery of large copper coils this morning and a good third of them are cracked. Escalating to my manager if not resolved.
422,123161,1997-11-07,account manager note,billing,0,"Hi team, our finance team cannot reconcile your invoice, the quantities of small polished rods are off. Escalating to my manager if not resolved."
423,7379,1997-06-10,chat,billing,0,Following up: We still have not received the credit note you promised for the large copper coils. Need an answer by end of day.
424,14798,1998-01-11,portal,late_delivery,0,To whom it may concern: Our shipment of brushed aluminium panels on PO 91940 was promised for the 26 December and still has not turned up. Reference attached.
425,110749,1997-11-16,chat,late_delivery,0,Third week waiting on the promo tin cans. The tracking page has said 'in transit' since the 13 November.
426,26230,1998-03-08,portal,wrong_item,0,Got 200 units of the wrong finish instead of the plated nickel bolts we specified.
427,56120,1998-05-30,phone transcript,damaged,0,Good morning. Opened the delivery of medium plated fasteners (120 units) this morning and a good third of them are cracked.
428,132289,1997-11-01,phone transcript,damaged,0,"Received the promo tin cans (PO 91863, 200 units) but the packaging was soaked through and the metal has started to rust. Escalating to my manager if not resolved."
429,55825,1998-07-07,account manager note,wrong_item,0,"Good morning. Your warehouse picked the wrong SKU again, these are not brushed aluminium panels. Please call me back today."
430,107548,1998-06-30,phone transcript,damaged,1,"Hello, opened the delivery of promo tin cans (PO 78454, 40 units) this morning and a good third of them are cracked. Honestly I am not sure we can keep working with you. Need an answer by end of day."
431,117758,1997-03-07,portal,praise,0,"Good morning. Consistently good quality on the medium plated fasteners, our QA has not flagged anything in months."
432,72817,1997-11-14,chat,praise,0,"Your account team sorted our standard steel flanges (PO 65314, 800 units) issue in a single call, really appreciated. Need an answer by end of day."
433,23674,1997-02-13,account manager note,late_delivery,0,"The small polished rods (PO 17251, 40 units) consignment slipped again. That is the second slip this quarter. Thanks."
434,82159,1997-05-24,phone transcript,account,0,"Urgent: We have moved office, please update the delivery address on our account."
435,128545,1998-02-04,chat,praise,0,"Hi team, your account team sorted our small polished rods issue in a single call, really appreciated. Escalating to my manager if not resolved."
436,5525,1997-04-26,chat,damaged,0,"Hello, pallet of brushed aluminium panels on PO 72240 arrived with the wrapping torn open and several pieces dented. Reference attached."
437,61967,1997-02-25,account manager note,late_delivery,0,"Hi Rahul, your carrier keeps rescheduling. We were told the 11 February, then Friday, now 'next week' for the small polished rods."
438,123494,1998-02-07,account manager note,damaged,0,Good morning. Pallet of plated nickel bolts (75 units) arrived with the wrapping torn open and several pieces dented. Thanks.
439,13658,1997-12-07,portal,account,0,Good morning. Could you send us a copy of last year's statements for our auditors? Reference attached.
440,83729,1997-05-20,account manager note,billing,1,"Good morning. We still have not received the credit note you promised for the brass fittings (PO 92352, 200 units). Frankly we are already talking to your competitors. Please call me back today."
441,147128,1997-05-17,chat,wrong_item,1,"Hello, got 200 units of the wrong finish instead of the plated nickel bolts we specified. Our procurement team has asked me to find an alternative vendor. Regards, procurement."
442,139232,1997-08-23,portal,billing,0,"Hi team, our finance team cannot reconcile your invoice, the quantities of polished steel brackets (PO 44312, 200 units) are off. Please call me back today."
443,10966,1997-05-01,account manager note,account,0,Following up: Please add my colleague as a second contact on our account. Need an answer by end of day.
444,62392,1997-07-31,portal,late_delivery,0,"Hello, third week waiting on the promo tin cans. The tracking page has said 'in transit' since the 15 July."
445,100532,1997-09-12,account manager note,billing,0,The price on the invoice for brushed aluminium panels on PO 21237 is higher than the price we agreed in the contract. Thanks.
446,146771,1997-09-20,chat,quality,0,To whom it may concern: Two of our customers returned products built with your polished steel brackets because of early failure.
447,34582,1998-02-09,email,damaged,0,"The medium plated fasteners (120 units) were crushed in transit, the box looked like it had been dropped from a height. Reference attached."
448,112745,1998-06-28,phone transcript,damaged,0,To whom it may concern: Pallet of economy brass valves arrived with the wrapping torn open and several pieces dented. Need an answer by end of day.
449,41939,1997-09-27,email,account,0,"Hi team, we have moved office, please update the delivery address on our account. Escalating to my manager if not resolved."
450,29489,1997-02-06,portal,late_delivery,0,"Hi Tom, can someone tell me where order for standard steel flanges (120 units) is? It was meant to be here days ago. Escalating to my manager if not resolved."
451,149629,1997-04-06,portal,late_delivery,0,Urgent: The burnished tin sheets (120 units) consignment slipped again. That is the second slip this quarter.
452,40312,1997-03-20,email,damaged,0,"Several of the burnished tin sheets (PO 53077, 75 units) were snapped in two when we unpacked them."
453,143434,1998-05-07,chat,late_delivery,1,We planned a production run around the standard steel flanges (40 units) arriving on the 30 April. Nothing has arrived and the line is idle. If this happens again we will move our business to another supplier. Need an answer by end of day.
454,100865,1998-02-13,email,damaged,0,Pallet of plated nickel bolts arrived with the wrapping torn open and several pieces dented. Thanks.
455,110906,1998-03-19,email,damaged,0,Received the small polished rods (120 units) but the packaging was soaked through and the metal has started to rust. Thanks.
456,40651,1998-01-13,account manager note,quality,1,"Hi Tom, the latest batch of promo tin cans does not meet the tolerance in our spec, the threads are off. Our procurement team has asked me to find an alternative vendor. Regards, procurement."
457,137126,1998-06-22,account manager note,wrong_item,0,This is not what we asked for. The polished steel brackets (1200 units) on the invoice do not match what is on the pallet. Need an answer by end of day.
458,21436,1997-02-18,chat,damaged,0,Opened the delivery of large copper coils this morning and a good third of them are cracked. Need an answer by end of day.
459,117952,1998-04-19,chat,late_delivery,0,"Your carrier keeps rescheduling. We were told the 7 April, then Friday, now 'next week' for the anodized copper pipe. Escalating to my manager if not resolved."
460,41461,1997-12-16,account manager note,praise,0,"Good morning. Thanks for the quick turnaround on the anodized copper pipe, it saved our production week. Thanks."
461,24562,1998-02-19,portal,wrong_item,1,"To whom it may concern: This is not what we asked for. The medium plated fasteners on PO 49688 on the invoice do not match what is on the pallet. If this happens again we will move our business to another supplier. Regards, procurement."
462,5720,1997-08-03,email,praise,0,Urgent: Just wanted to say the standard steel flanges arrived early and in perfect condition. Great job. Please call me back today.
463,36580,1997-06-06,email,late_delivery,1,"The small polished rods (PO 71799, 1200 units) consignment slipped again. That is the second slip this quarter. This is the last chance, after this we are going elsewhere. Thanks."
464,20657,1998-03-19,chat,billing,0,"Following up: Our finance team cannot reconcile your invoice, the quantities of economy brass valves (PO 14851, 250 units) are off. Escalating to my manager if not resolved."
465,114356,1997-11-20,email,late_delivery,0,"Hi account team, our shipment of large copper coils was promised for the 2 November and still has not turned up. Reference attached."
466,28645,1997-07-16,account manager note,late_delivery,0,Urgent: The standard steel flanges (1200 units) consignment slipped again. That is the second slip this quarter. Escalating to my manager if not resolved.
467,18034,1998-01-04,account manager note,account,0,Please add my colleague as a second contact on our account. Escalating to my manager if not resolved.
468,112885,1997-08-03,email,damaged,1,"Good morning. Several of the large copper coils were snapped in two when we unpacked them. This is the last chance, after this we are going elsewhere."
469,119836,1997-05-04,email,billing,1,To whom it may concern: We were invoiced twice for the same batch of large copper coils. Frankly we are already talking to your competitors.
470,130651,1997-04-15,email,account,0,Could you send us a copy of last year's statements for our auditors? Escalating to my manager if not resolved.
471,41461,1998-01-08,email,late_delivery,1,Following up: Still no sign of the brushed aluminium panels. Our warehouse team has been standing by since the 5 January. Our procurement team has asked me to find an alternative vendor. Reference attached.
472,135308,1998-03-01,phone transcript,damaged,0,"Hi Anna, pallet of brushed aluminium panels arrived with the wrapping torn open and several pieces dented. Thanks."
473,39572,1998-03-30,chat,account,0,"To whom it may concern: We have moved office, please update the delivery address on our account. Thanks."
474,138358,1998-06-17,chat,late_delivery,0,"Urgent: Your carrier keeps rescheduling. We were told the 4 June, then Friday, now 'next week' for the plated nickel bolts (PO 99243, 800 units)."
475,33032,1998-02-18,chat,account,0,"Hi Anna, could you send us a copy of last year's statements for our auditors? Reference attached."
476,110594,1997-10-18,account manager note,account,0,"To whom it may concern: I cannot log into the ordering portal, the password reset email never arrives. Need an answer by end of day."
477,1367,1997-04-24,account manager note,account,0,"Urgent: I cannot log into the ordering portal, the password reset email never arrives."
478,65056,1997-08-30,chat,damaged,0,"Good morning. Several of the small polished rods on PO 55919 were snapped in two when we unpacked them. Regards, procurement."
479,116960,1998-01-05,email,late_delivery,0,"Hi Tom, our shipment of standard steel flanges was promised for the 1 January and still has not turned up. Please call me back today."
480,37840,1998-06-23,chat,damaged,0,Following up: Opened the delivery of economy brass valves on PO 44562 this morning and a good third of them are cracked. Thanks.
481,28924,1998-04-14,email,late_delivery,0,Following up: Our shipment of anodized copper pipe on PO 37871 was promised for the 6 April and still has not turned up. Reference attached.
482,37262,1997-10-24,chat,damaged,0,"To whom it may concern: The brass fittings on PO 25432 were crushed in transit, the box looked like it had been dropped from a height."
483,81187,1997-11-09,chat,wrong_item,1,"Your warehouse picked the wrong SKU again, these are not plated nickel bolts. If this happens again we will move our business to another supplier. Thanks."
484,140938,1997-12-12,account manager note,wrong_item,1,"Urgent: Got 200 units of the wrong finish instead of the economy brass valves (PO 28156, 120 units) we specified. Honestly I am not sure we can keep working with you. Reference attached."
485,80963,1998-02-09,chat,late_delivery,0,"Following up: Your carrier keeps rescheduling. We were told the 4 February, then Friday, now 'next week' for the brushed aluminium panels on PO 97876."
486,139424,1998-07-27,portal,billing,0,"Urgent: Our finance team cannot reconcile your invoice, the quantities of polished steel brackets are off."
487,47320,1997-10-09,account manager note,account,0,"Urgent: We have moved office, please update the delivery address on our account."
488,40430,1998-06-25,phone transcript,late_delivery,1,"The brushed aluminium panels (PO 21930, 250 units) consignment slipped again. That is the second slip this quarter. Frankly we are already talking to your competitors. Need an answer by end of day."
489,84992,1997-06-23,phone transcript,account,0,Could you send us a copy of last year's statements for our auditors? Please call me back today.
490,144265,1997-05-04,account manager note,damaged,0,"Hello, received the brass fittings but the packaging was soaked through and the metal has started to rust."
491,82229,1997-03-09,portal,billing,0,"Hello, please explain the extra surcharge on our last statement for the standard steel flanges."
492,111038,1998-02-21,chat,damaged,0,To whom it may concern: Pallet of standard steel flanges arrived with the wrapping torn open and several pieces dented. Escalating to my manager if not resolved.
493,18199,1997-06-21,chat,damaged,0,"Good morning. The brass fittings were crushed in transit, the box looked like it had been dropped from a height. Need an answer by end of day."
494,68515,1997-04-02,account manager note,late_delivery,0,Good morning. Third week waiting on the economy brass valves. The tracking page has said 'in transit' since the 14 March. Reference attached.
495,128183,1997-11-26,account manager note,damaged,0,To whom it may concern: Several of the brushed aluminium panels were snapped in two when we unpacked them.
496,14911,1997-03-21,portal,billing,0,"Our finance team cannot reconcile your invoice, the quantities of large copper coils are off."
497,33410,1997-08-15,phone transcript,wrong_item,0,"To whom it may concern: We ordered small polished rods and received something completely different. Regards, procurement."
498,84976,1998-05-20,chat,late_delivery,0,"Hello, our shipment of small polished rods on PO 10935 was promised for the 9 May and still has not turned up. Escalating to my manager if not resolved."
499,147128,1997-06-29,chat,quality,0,"Hi team, our QA rejected the polished steel brackets on PO 18526. Finish is uneven and some pieces fail the stress test. Need an answer by end of day."
500,135596,1998-07-28,email,billing,1,"Our finance team cannot reconcile your invoice, the quantities of standard steel flanges are off. Honestly I am not sure we can keep working with you. Escalating to my manager if not resolved."
501,6652,1997-08-18,portal,praise,0,Following up: Just wanted to say the brass fittings (800 units) arrived early and in perfect condition. Great job.
502,65644,1998-03-10,portal,account,1,"To whom it may concern: I cannot log into the ordering portal, the password reset email never arrives. Our procurement team has asked me to find an alternative vendor."
503,22423,1997-09-02,email,late_delivery,0,"Hello, still no sign of the brushed aluminium panels. Our warehouse team has been standing by since the 16 August. Escalating to my manager if not resolved."
504,77311,1998-01-22,account manager note,account,0,Following up: Could you send us a copy of last year's statements for our auditors?
505,86035,1998-02-25,chat,damaged,0,"Hi account team, opened the delivery of burnished tin sheets on PO 69429 this morning and a good third of them are cracked."
506,48739,1997-04-16,portal,late_delivery,1,"Hello, your carrier keeps rescheduling. We were told the 28 March, then Friday, now 'next week' for the brass fittings on PO 87710. Our procurement team has asked me to find an alternative vendor. Escalating to my manager if not resolved."
507,89890,1997-02-15,phone transcript,late_delivery,0,"Hi Marco, we planned a production run around the brass fittings arriving on the 26 January. Nothing has arrived and the line is idle. Please call me back today."
508,89536,1997-01-09,portal,damaged,1,"Hello, opened the delivery of large copper coils on PO 17512 this morning and a good third of them are cracked. Frankly we are already talking to your competitors. Regards, procurement."
509,6557,1998-04-24,portal,billing,1,Good morning. Please explain the extra surcharge on our last statement for the promo tin cans (500 units). If this happens again we will move our business to another supplier. Escalating to my manager if not resolved.
510,15980,1998-04-23,email,quality,1,To whom it may concern: Our QA rejected the promo tin cans. Finish is uneven and some pieces fail the stress test. If this happens again we will move our business to another supplier. Reference attached.
511,45688,1997-05-26,phone transcript,billing,1,"To whom it may concern: We were invoiced twice for the same batch of plated nickel bolts (PO 92750, 200 units). Frankly we are already talking to your competitors. Regards, procurement."
512,79973,1997-09-09,account manager note,praise,0,Good morning. Just wanted to say the anodized copper pipe arrived early and in perfect condition. Great job.
513,64108,1998-01-17,email,late_delivery,1,Third week waiting on the medium plated fasteners. The tracking page has said 'in transit' since the 8 January. Our procurement team has asked me to find an alternative vendor. Reference attached.
514,26477,1997-07-13,account manager note,quality,0,"Hello, compared with last year the large copper coils (120 units) feel cheaper and wear out much faster. Escalating to my manager if not resolved."
515,126694,1997-03-08,account manager note,praise,0,"Urgent: Thanks for the quick turnaround on the anodized copper pipe on PO 94550, it saved our production week. Reference attached."
516,98851,1998-02-15,chat,wrong_item,0,"Hello, got 200 units of the wrong finish instead of the medium plated fasteners on PO 37158 we specified. Need an answer by end of day."
517,111701,1998-01-19,account manager note,late_delivery,0,Can someone tell me where order for plated nickel bolts on PO 27606 is? It was meant to be here days ago.
518,77207,1998-02-23,chat,wrong_item,0,"Hi Priya, the box is labelled brushed aluminium panels (PO 45785, 500 units) but inside are parts in the wrong size."
519,63701,1997-03-22,portal,wrong_item,1,We ordered plated nickel bolts and received something completely different. Frankly we are already talking to your competitors. Reference attached.
520,39134,1997-05-22,account manager note,quality,0,Good morning. Compared with last year the small polished rods on PO 11118 feel cheaper and wear out much faster.
521,89885,1997-08-03,chat,late_delivery,0,To whom it may concern: We planned a production run around the standard steel flanges arriving on the 25 July. Nothing has arrived and the line is idle. Thanks.
522,140930,1997-05-23,phone transcript,late_delivery,0,Following up: We planned a production run around the promo tin cans arriving on the 13 May. Nothing has arrived and the line is idle. Thanks.
523,49372,1997-01-24,account manager note,damaged,0,To whom it may concern: Opened the delivery of promo tin cans this morning and a good third of them are cracked.
524,74402,1998-04-08,portal,late_delivery,1,Our shipment of medium plated fasteners (75 units) was promised for the 21 March and still has not turned up. Frankly we are already talking to your competitors.
525,33853,1998-06-21,chat,late_delivery,0,"Urgent: Third week waiting on the polished steel brackets (PO 58319, 40 units). The tracking page has said 'in transit' since the 8 June. Thanks."
526,120313,1997-03-12,phone transcript,damaged,1,"Good morning. Several of the economy brass valves were snapped in two when we unpacked them. This is the last chance, after this we are going elsewhere. Need an answer by end of day."
527,75475,1997-05-27,account manager note,late_delivery,0,"Hello, the standard steel flanges consignment slipped again. That is the second slip this quarter."
528,103168,1997-11-01,email,damaged,0,"Hello, received the economy brass valves on PO 64401 but the packaging was soaked through and the metal has started to rust. Please call me back today."
529,20063,1997-06-11,email,late_delivery,0,Can someone tell me where order for plated nickel bolts on PO 97380 is? It was meant to be here days ago.
530,104686,1997-11-30,portal,wrong_item,1,"Hello, got 200 units of the wrong finish instead of the economy brass valves (PO 43130, 120 units) we specified. Honestly I am not sure we can keep working with you. Escalating to my manager if not resolved."
531,123415,1997-01-11,phone transcript,damaged,1,"Following up: Opened the delivery of plated nickel bolts this morning and a good third of them are cracked. Honestly I am not sure we can keep working with you. Regards, procurement."
532,115516,1997-06-24,phone transcript,praise,0,"Good morning. Thanks for the quick turnaround on the brass fittings on PO 33230, it saved our production week."
533,17816,1997-02-05,portal,late_delivery,0,Can someone tell me where order for medium plated fasteners on PO 67941 is? It was meant to be here days ago.
534,99472,1998-01-19,portal,account,0,"Hi Priya, I cannot log into the ordering portal, the password reset email never arrives."
535,33658,1997-02-15,email,quality,0,To whom it may concern: Our QA rejected the economy brass valves on PO 52879. Finish is uneven and some pieces fail the stress test. Thanks.
536,43288,1997-06-27,account manager note,damaged,1,"Hi Anna, opened the delivery of brass fittings (PO 11570, 500 units) this morning and a good third of them are cracked. We are reviewing whether to renew the contract at the end of the quarter. Reference attached."
537,83354,1998-05-27,account manager note,damaged,0,Several of the polished steel brackets on PO 43022 were snapped in two when we unpacked them. Please call me back today.
538,63845,1997-01-19,chat,late_delivery,1,"Urgent: The promo tin cans on PO 60118 consignment slipped again. That is the second slip this quarter. This is the last chance, after this we are going elsewhere."
539,86165,1997-05-21,portal,late_delivery,1,"Hi team, third week waiting on the brushed aluminium panels (PO 36478, 250 units). The tracking page has said 'in transit' since the 17 May. Honestly I am not sure we can keep working with you. Escalating to my manager if not resolved."
540,58313,1997-02-10,chat,damaged,1,"Hello, the large copper coils (PO 13105, 250 units) were crushed in transit, the box looked like it had been dropped from a height. If this happens again we will move our business to another supplier. Regards, procurement."
541,37102,1998-06-18,portal,praise,0,"Thanks for the quick turnaround on the brushed aluminium panels, it saved our production week."
542,27895,1997-06-27,chat,late_delivery,0,"Urgent: Can someone tell me where order for promo tin cans on PO 40973 is? It was meant to be here days ago. Regards, procurement."
543,132460,1997-10-20,chat,late_delivery,0,"Following up: We planned a production run around the promo tin cans (PO 45633, 200 units) arriving on the 5 October. Nothing has arrived and the line is idle. Escalating to my manager if not resolved."
544,80177,1997-06-09,account manager note,quality,0,Our QA rejected the standard steel flanges. Finish is uneven and some pieces fail the stress test. Need an answer by end of day.
545,103456,1998-05-08,phone transcript,damaged,1,"Hello, pallet of polished steel brackets (120 units) arrived with the wrapping torn open and several pieces dented. This is the last chance, after this we are going elsewhere. Reference attached."
546,91378,1997-11-12,chat,damaged,1,Opened the delivery of medium plated fasteners on PO 63580 this morning and a good third of them are cracked. Our procurement team has asked me to find an alternative vendor. Need an answer by end of day.
547,7408,1998-01-13,portal,quality,0,"Hello, two of our customers returned products built with your small polished rods because of early failure. Reference attached."
548,135932,1998-04-12,portal,damaged,0,"Hi team, half the medium plated fasteners came out of the crate bent and scratched. Thanks."
549,113063,1997-06-19,phone transcript,praise,0,"Urgent: Consistently good quality on the economy brass valves (250 units), our QA has not flagged anything in months."
550,75587,1997-10-03,account manager note,praise,0,"Thanks for the quick turnaround on the small polished rods, it saved our production week. Thanks."
551,50302,1998-01-19,phone transcript,late_delivery,1,"Hi team, can someone tell me where order for anodized copper pipe is? It was meant to be here days ago. If this happens again we will move our business to another supplier. Please call me back today."
552,41854,1998-02-23,chat,account,0,"Hi team, could you send us a copy of last year's statements for our auditors? Need an answer by end of day."
553,69688,1998-05-12,account manager note,late_delivery,1,"Good morning. Your carrier keeps rescheduling. We were told the 8 May, then Friday, now 'next week' for the medium plated fasteners. This is the last chance, after this we are going elsewhere."
554,93331,1997-12-12,phone transcript,wrong_item,0,"To whom it may concern: The box is labelled promo tin cans (PO 58599, 500 units) but inside are parts in the wrong size. Thanks."
555,49267,1997-01-04,email,praise,0,"Your account team sorted our standard steel flanges (PO 13365, 120 units) issue in a single call, really appreciated. Escalating to my manager if not resolved."
556,124813,1997-11-26,email,account,0,"Following up: We have moved office, please update the delivery address on our account."
557,143851,1997-10-28,account manager note,quality,0,Urgent: Our QA rejected the promo tin cans. Finish is uneven and some pieces fail the stress test. Need an answer by end of day.
558,24449,1998-04-02,account manager note,late_delivery,1,"Hello, still no sign of the polished steel brackets (PO 41897, 200 units). Our warehouse team has been standing by since the 28 March. Honestly I am not sure we can keep working with you."
559,89975,1997-08-14,account manager note,quality,0,Two of our customers returned products built with your small polished rods (1200 units) because of early failure. Reference attached.
560,49325,1998-01-26,email,account,0,"Hello, I cannot log into the ordering portal, the password reset email never arrives."
561,136250,1997-05-11,chat,billing,0,"Our finance team cannot reconcile your invoice, the quantities of brushed aluminium panels (PO 50737, 40 units) are off. Reference attached."
562,38240,1997-04-20,email,billing,0,"Hi team, the price on the invoice for economy brass valves is higher than the price we agreed in the contract. Please call me back today."
563,106540,1997-11-13,portal,billing,0,"Following up: Our finance team cannot reconcile your invoice, the quantities of large copper coils are off. Thanks."
564,124105,1997-08-04,phone transcript,praise,0,"Following up: Consistently good quality on the small polished rods, our QA has not flagged anything in months. Thanks."
565,79712,1998-02-05,account manager note,quality,1,"Hello, the latest batch of polished steel brackets on PO 47010 does not meet the tolerance in our spec, the threads are off. This is the last chance, after this we are going elsewhere."
566,111965,1997-05-21,portal,billing,0,"Hello, the price on the invoice for standard steel flanges (PO 28982, 250 units) is higher than the price we agreed in the contract."
567,120286,1997-04-09,portal,account,0,"We have moved office, please update the delivery address on our account. Thanks."
568,30574,1997-11-06,email,damaged,0,"Hi Tom, opened the delivery of small polished rods on PO 95563 this morning and a good third of them are cracked. Escalating to my manager if not resolved."
569,64652,1998-06-06,email,late_delivery,0,Can someone tell me where order for burnished tin sheets is? It was meant to be here days ago. Thanks.
570,54386,1998-07-05,email,damaged,0,"Urgent: Half the anodized copper pipe (PO 61615, 40 units) came out of the crate bent and scratched."
571,22181,1997-07-04,email,late_delivery,0,Third week waiting on the brass fittings on PO 51195. The tracking page has said 'in transit' since the 25 June.
572,128567,1998-01-08,phone transcript,wrong_item,0,This is not what we asked for. The large copper coils on the invoice do not match what is on the pallet. Need an answer by end of day.
573,94127,1997-12-27,phone transcript,wrong_item,1,We ordered promo tin cans on PO 22977 and received something completely different. Frankly we are already talking to your competitors. Please call me back today.
574,140485,1998-03-09,portal,late_delivery,1,"Hi support, can someone tell me where order for polished steel brackets on PO 44167 is? It was meant to be here days ago. We are reviewing whether to renew the contract at the end of the quarter. Thanks."
575,20323,1997-10-03,phone transcript,late_delivery,0,Urgent: Can someone tell me where order for medium plated fasteners is? It was meant to be here days ago. Thanks.
576,71735,1997-04-23,email,late_delivery,0,To whom it may concern: We planned a production run around the medium plated fasteners on PO 18645 arriving on the 10 April. Nothing has arrived and the line is idle. Please call me back today.
577,25970,1997-08-16,email,late_delivery,1,Urgent: The economy brass valves consignment slipped again. That is the second slip this quarter. We are reviewing whether to renew the contract at the end of the quarter. Need an answer by end of day.
578,141152,1998-02-03,phone transcript,late_delivery,0,"Hi team, our shipment of anodized copper pipe (800 units) was promised for the 15 January and still has not turned up. Please call me back today."
579,136471,1998-01-15,portal,late_delivery,0,"Hi team, we planned a production run around the small polished rods arriving on the 29 December. Nothing has arrived and the line is idle. Need an answer by end of day."
580,22174,1997-03-31,phone transcript,damaged,0,"Several of the plated nickel bolts (PO 21814, 500 units) were snapped in two when we unpacked them. Please call me back today."
581,140071,1998-05-20,phone transcript,billing,0,"Following up: Our finance team cannot reconcile your invoice, the quantities of brass fittings (PO 72869, 120 units) are off."
582,104701,1998-06-25,chat,late_delivery,0,"Following up: Your carrier keeps rescheduling. We were told the 6 June, then Friday, now 'next week' for the medium plated fasteners on PO 89609. Please call me back today."
583,9445,1997-02-22,phone transcript,damaged,0,"To whom it may concern: The economy brass valves (PO 32345, 800 units) were crushed in transit, the box looked like it had been dropped from a height."
584,92771,1997-01-03,email,damaged,1,Good morning. Opened the delivery of small polished rods on PO 38503 this morning and a good third of them are cracked. If this happens again we will move our business to another supplier. Escalating to my manager if not resolved.
585,40798,1997-07-10,phone transcript,late_delivery,0,"Hi account team, third week waiting on the economy brass valves (40 units). The tracking page has said 'in transit' since the 5 July. Please call me back today."
586,49781,1998-02-09,account manager note,late_delivery,0,"Hi team, our shipment of brushed aluminium panels (500 units) was promised for the 23 January and still has not turned up. Escalating to my manager if not resolved."
587,125645,1997-07-23,phone transcript,late_delivery,0,"Hi team, can someone tell me where order for polished steel brackets is? It was meant to be here days ago. Please call me back today."
588,566,1998-05-16,chat,late_delivery,0,"Hi Mei, third week waiting on the large copper coils (PO 52583, 120 units). The tracking page has said 'in transit' since the 10 May."
589,100865,1997-08-31,chat,late_delivery,1,Can someone tell me where order for brass fittings (800 units) is? It was meant to be here days ago. If this happens again we will move our business to another supplier. Thanks.
590,41939,1997-10-15,portal,late_delivery,0,"Hi Anna, can someone tell me where order for polished steel brackets (200 units) is? It was meant to be here days ago. Please call me back today."
591,80333,1998-02-15,portal,late_delivery,1,"Hi Priya, the brass fittings (200 units) consignment slipped again. That is the second slip this quarter. If this happens again we will move our business to another supplier. Thanks."
592,64742,1998-03-13,phone transcript,late_delivery,0,Our shipment of standard steel flanges was promised for the 2 March and still has not turned up. Reference attached.
593,66130,1997-07-06,account manager note,praise,0,"To whom it may concern: Consistently good quality on the brass fittings, our QA has not flagged anything in months."
594,97411,1997-11-08,portal,damaged,0,"Urgent: The polished steel brackets were crushed in transit, the box looked like it had been dropped from a height. Reference attached."
595,86809,1997-08-04,chat,billing,1,"Hi team, we were invoiced twice for the same batch of promo tin cans (PO 23941, 75 units). Our procurement team has asked me to find an alternative vendor."
596,30784,1998-05-01,account manager note,damaged,0,"Hi team, opened the delivery of burnished tin sheets on PO 15742 this morning and a good third of them are cracked. Reference attached."
597,49858,1998-03-06,account manager note,late_delivery,0,Good morning. We planned a production run around the large copper coils on PO 31880 arriving on the 2 March. Nothing has arrived and the line is idle.
598,6557,1998-06-30,portal,wrong_item,0,"Urgent: Your warehouse picked the wrong SKU again, these are not large copper coils. Need an answer by end of day."
599,76505,1997-01-10,email,billing,1,"Hello, please explain the extra surcharge on our last statement for the large copper coils (PO 49768, 250 units). Frankly we are already talking to your competitors."
600,143990,1997-10-12,phone transcript,billing,1,"Hello, we still have not received the credit note you promised for the anodized copper pipe (40 units). We are reviewing whether to renew the contract at the end of the quarter. Reference attached."
601,100135,1998-02-23,phone transcript,quality,1,Our QA rejected the promo tin cans (500 units). Finish is uneven and some pieces fail the stress test. If this happens again we will move our business to another supplier.
602,125569,1998-07-19,email,praise,0,"Good morning. Thanks for the quick turnaround on the burnished tin sheets (PO 52501, 200 units), it saved our production week. Thanks."
603,49244,1998-04-16,email,wrong_item,0,Following up: This is not what we asked for. The anodized copper pipe on the invoice do not match what is on the pallet. Please call me back today.
604,28846,1998-03-13,email,late_delivery,0,"Urgent: Your carrier keeps rescheduling. We were told the 10 March, then Friday, now 'next week' for the burnished tin sheets (PO 23137, 800 units). Thanks."
605,22274,1997-02-14,portal,quality,0,"Hi team, the latest batch of anodized copper pipe does not meet the tolerance in our spec, the threads are off. Reference attached."
606,24313,1998-03-31,email,late_delivery,0,"Hi team, our shipment of anodized copper pipe (500 units) was promised for the 11 March and still has not turned up."
607,59215,1997-04-16,account manager note,billing,0,"Hello, the price on the invoice for large copper coils (PO 10158, 120 units) is higher than the price we agreed in the contract. Reference attached."
608,22231,1997-04-26,email,quality,0,Compared with last year the standard steel flanges feel cheaper and wear out much faster.
609,71066,1997-07-02,account manager note,billing,0,"Hi team, the price on the invoice for economy brass valves on PO 88592 is higher than the price we agreed in the contract. Need an answer by end of day."
610,29666,1997-09-29,chat,billing,0,"Hi team, the price on the invoice for small polished rods is higher than the price we agreed in the contract. Escalating to my manager if not resolved."
611,108514,1997-10-13,chat,wrong_item,0,"Hi team, this is not what we asked for. The anodized copper pipe on the invoice do not match what is on the pallet. Escalating to my manager if not resolved."
612,110584,1997-12-08,chat,praise,0,"Urgent: Thanks for the quick turnaround on the anodized copper pipe, it saved our production week. Regards, procurement."
613,91580,1997-08-13,phone transcript,billing,0,We were invoiced twice for the same batch of small polished rods. Please call me back today.
614,12352,1997-05-23,account manager note,praise,0,"Hi Anna, your account team sorted our plated nickel bolts (PO 82286, 120 units) issue in a single call, really appreciated. Please call me back today."
615,110605,1998-03-11,chat,quality,1,Our QA rejected the brushed aluminium panels. Finish is uneven and some pieces fail the stress test. Frankly we are already talking to your competitors.
616,3463,1998-03-03,phone transcript,praise,0,"Urgent: Thanks for the quick turnaround on the anodized copper pipe, it saved our production week. Escalating to my manager if not resolved."
617,67648,1997-03-03,chat,late_delivery,0,"Hi team, can someone tell me where order for medium plated fasteners is? It was meant to be here days ago. Escalating to my manager if not resolved."
618,40066,1997-08-21,chat,wrong_item,0,Urgent: The box is labelled economy brass valves but inside are parts in the wrong size.
619,105163,1997-03-21,email,billing,0,"Hi Mei, the price on the invoice for small polished rods (PO 51050, 1200 units) is higher than the price we agreed in the contract. Thanks."
620,15185,1997-12-10,email,late_delivery,0,Urgent: Our shipment of brass fittings was promised for the 1 December and still has not turned up. Need an answer by end of day.
621,131129,1997-03-29,portal,late_delivery,1,Following up: Our shipment of promo tin cans on PO 83890 was promised for the 16 March and still has not turned up. We are reviewing whether to renew the contract at the end of the quarter.
622,100169,1998-02-05,account manager note,damaged,1,Opened the delivery of small polished rods (120 units) this morning and a good third of them are cracked. Frankly we are already talking to your competitors.
623,42218,1997-02-08,chat,billing,0,Following up: We were invoiced twice for the same batch of plated nickel bolts. Please call me back today.
624,75862,1998-06-20,portal,wrong_item,1,"Good morning. Your warehouse picked the wrong SKU again, these are not brushed aluminium panels (PO 54436, 120 units). Honestly I am not sure we can keep working with you. Thanks."
625,17869,1998-05-25,phone transcript,billing,0,"Urgent: Our finance team cannot reconcile your invoice, the quantities of polished steel brackets are off. Please call me back today."
626,10379,1997-12-28,phone transcript,billing,0,Good morning. Please explain the extra surcharge on our last statement for the polished steel brackets. Please call me back today.
627,26794,1998-02-15,chat,praise,0,"To whom it may concern: Consistently good quality on the economy brass valves on PO 67780, our QA has not flagged anything in months. Escalating to my manager if not resolved."
628,24196,1997-02-28,email,account,0,"We have moved office, please update the delivery address on our account."
629,52291,1998-04-25,account manager note,damaged,0,Several of the medium plated fasteners on PO 24302 were snapped in two when we unpacked them. Thanks.
630,33658,1997-11-21,phone transcript,damaged,1,"Following up: The brushed aluminium panels on PO 37870 were crushed in transit, the box looked like it had been dropped from a height. Frankly we are already talking to your competitors. Escalating to my manager if not resolved."
631,27895,1998-01-25,email,billing,0,"Hello, the price on the invoice for brass fittings (800 units) is higher than the price we agreed in the contract. Thanks."
632,89659,1997-10-08,phone transcript,late_delivery,1,"Hi Anna, your carrier keeps rescheduling. We were told the 27 September, then Friday, now 'next week' for the economy brass valves. If this happens again we will move our business to another supplier."
633,82292,1997-12-24,chat,late_delivery,0,"Hi team, we planned a production run around the economy brass valves (PO 80189, 1200 units) arriving on the 9 December. Nothing has arrived and the line is idle. Regards, procurement."
634,32957,1997-11-21,account manager note,late_delivery,1,Following up: Our shipment of brass fittings was promised for the 5 November and still has not turned up. Honestly I am not sure we can keep working with you.
635,97061,1997-04-10,phone transcript,billing,1,"Urgent: We still have not received the credit note you promised for the brass fittings. Frankly we are already talking to your competitors. Regards, procurement."
636,29722,1997-11-11,portal,late_delivery,0,Following up: Can someone tell me where order for large copper coils is? It was meant to be here days ago. Thanks.
637,27214,1998-01-18,email,wrong_item,0,"Hi Mei, this is not what we asked for. The anodized copper pipe on PO 81141 on the invoice do not match what is on the pallet."
638,34294,1998-02-26,email,billing,1,"Following up: Please explain the extra surcharge on our last statement for the polished steel brackets (PO 93037, 75 units). Our procurement team has asked me to find an alternative vendor. Thanks."
639,1090,1998-04-21,account manager note,damaged,0,"Hello, the economy brass valves (PO 59105, 40 units) were crushed in transit, the box looked like it had been dropped from a height. Thanks."
640,103106,1997-01-27,email,late_delivery,0,"Hi team, third week waiting on the anodized copper pipe (500 units). The tracking page has said 'in transit' since the 7 January. Regards, procurement."
641,102764,1998-03-16,phone transcript,praise,0,"To whom it may concern: Thanks for the quick turnaround on the anodized copper pipe (PO 62837, 120 units), it saved our production week. Please call me back today."
642,34223,1997-06-12,account manager note,praise,0,Just wanted to say the brushed aluminium panels arrived early and in perfect condition. Great job.
643,12352,1998-01-02,email,billing,0,"Hello, our finance team cannot reconcile your invoice, the quantities of anodized copper pipe are off. Need an answer by end of day."
644,102446,1997-04-16,email,billing,1,"Hi team, please explain the extra surcharge on our last statement for the polished steel brackets (PO 24034, 75 units). Our procurement team has asked me to find an alternative vendor. Reference attached."
645,78317,1997-01-23,email,wrong_item,0,Got 200 units of the wrong finish instead of the economy brass valves we specified. Escalating to my manager if not resolved.
646,41854,1997-02-02,chat,account,0,Urgent: Please add my colleague as a second contact on our account.
647,143024,1998-06-09,portal,late_delivery,1,"Hello, we planned a production run around the anodized copper pipe arriving on the 2 June. Nothing has arrived and the line is idle. Honestly I am not sure we can keep working with you. Please call me back today."
648,73685,1997-12-23,account manager note,account,0,"Following up: We have moved office, please update the delivery address on our account. Regards, procurement."
649,148673,1997-11-16,phone transcript,late_delivery,0,Following up: The anodized copper pipe consignment slipped again. That is the second slip this quarter.
650,141712,1997-03-07,account manager note,damaged,0,"Good morning. The standard steel flanges were crushed in transit, the box looked like it had been dropped from a height."
651,86212,1998-01-02,portal,praise,0,"To whom it may concern: Your account team sorted our burnished tin sheets issue in a single call, really appreciated. Reference attached."
652,110560,1997-11-26,account manager note,wrong_item,1,"Good morning. Your warehouse picked the wrong SKU again, these are not burnished tin sheets on PO 60540. We are reviewing whether to renew the contract at the end of the quarter."
653,100364,1997-11-24,portal,damaged,1,"Following up: The burnished tin sheets were crushed in transit, the box looked like it had been dropped from a height. Our procurement team has asked me to find an alternative vendor. Please call me back today."
654,108811,1997-10-19,phone transcript,billing,0,"Good morning. Our finance team cannot reconcile your invoice, the quantities of brass fittings on PO 70525 are off."
655,7678,1997-12-21,portal,damaged,0,"The economy brass valves were crushed in transit, the box looked like it had been dropped from a height."
656,140918,1997-01-11,email,late_delivery,0,"Hello, our shipment of anodized copper pipe was promised for the 2 January and still has not turned up. Reference attached."
657,41461,1997-02-23,portal,account,0,Good morning. Could you send us a copy of last year's statements for our auditors? Thanks.
658,73543,1997-05-03,phone transcript,billing,0,"Hi account team, we were invoiced twice for the same batch of anodized copper pipe (120 units). Escalating to my manager if not resolved."
659,15799,1998-05-10,portal,quality,0,Our QA rejected the burnished tin sheets. Finish is uneven and some pieces fail the stress test.
660,119020,1997-08-10,portal,late_delivery,0,"Third week waiting on the standard steel flanges (PO 73916, 200 units). The tracking page has said 'in transit' since the 22 July. Reference attached."
661,73019,1997-04-19,chat,praise,0,"Following up: Thanks for the quick turnaround on the anodized copper pipe, it saved our production week. Thanks."
662,31019,1997-05-31,chat,billing,1,The price on the invoice for standard steel flanges is higher than the price we agreed in the contract. Honestly I am not sure we can keep working with you. Escalating to my manager if not resolved.
663,110780,1998-03-18,portal,late_delivery,1,"Hi Marco, our shipment of burnished tin sheets was promised for the 1 March and still has not turned up. If this happens again we will move our business to another supplier."
664,69343,1998-02-17,email,damaged,0,Following up: Half the anodized copper pipe on PO 79410 came out of the crate bent and scratched.
665,91130,1997-09-02,phone transcript,billing,1,"Hello, our finance team cannot reconcile your invoice, the quantities of polished steel brackets on PO 46105 are off. Honestly I am not sure we can keep working with you. Need an answer by end of day."
666,106540,1997-10-22,account manager note,quality,1,Urgent: Compared with last year the small polished rods feel cheaper and wear out much faster. Honestly I am not sure we can keep working with you.
667,123881,1997-01-14,email,late_delivery,1,"We planned a production run around the medium plated fasteners (PO 53785, 800 units) arriving on the 9 January. Nothing has arrived and the line is idle. If this happens again we will move our business to another supplier. Reference attached."
668,118651,1997-01-18,account manager note,late_delivery,0,Urgent: Still no sign of the promo tin cans (200 units). Our warehouse team has been standing by since the 11 January.
669,28337,1998-07-13,email,quality,0,"Following up: Compared with last year the plated nickel bolts (PO 57748, 250 units) feel cheaper and wear out much faster. Escalating to my manager if not resolved."
670,17816,1998-02-25,email,late_delivery,0,The burnished tin sheets consignment slipped again. That is the second slip this quarter.
671,10775,1998-07-12,chat,account,0,"To whom it may concern: We have moved office, please update the delivery address on our account. Need an answer by end of day."
672,39382,1997-12-18,chat,wrong_item,0,To whom it may concern: We ordered promo tin cans and received something completely different. Please call me back today.
673,36604,1998-07-26,email,account,0,"Good morning. Could you send us a copy of last year's statements for our auditors? Regards, procurement."
674,70955,1997-01-06,portal,wrong_item,0,Good morning. This is not what we asked for. The economy brass valves (40 units) on the invoice do not match what is on the pallet. Please call me back today.
675,25727,1997-07-21,phone transcript,account,0,"Hello, we have moved office, please update the delivery address on our account. Thanks."
676,22439,1997-11-15,phone transcript,account,0,"To whom it may concern: Please add my colleague as a second contact on our account. Regards, procurement."
677,112111,1998-04-18,account manager note,billing,0,We still have not received the credit note you promised for the large copper coils. Reference attached.
678,140566,1998-02-25,chat,wrong_item,0,"Your warehouse picked the wrong SKU again, these are not standard steel flanges. Reference attached."
679,28063,1997-02-24,phone transcript,praise,0,"Thanks for the quick turnaround on the economy brass valves, it saved our production week. Need an answer by end of day."
680,100040,1997-10-25,phone transcript,billing,1,"The price on the invoice for promo tin cans (PO 17977, 500 units) is higher than the price we agreed in the contract. Honestly I am not sure we can keep working with you. Escalating to my manager if not resolved."
681,42358,1997-01-07,email,billing,0,"The price on the invoice for standard steel flanges on PO 25035 is higher than the price we agreed in the contract. Regards, procurement."
682,32296,1998-03-31,account manager note,praise,0,"Hi account team, your account team sorted our economy brass valves issue in a single call, really appreciated. Need an answer by end of day."
683,96296,1997-01-23,phone transcript,late_delivery,1,Urgent: Can someone tell me where order for anodized copper pipe is? It was meant to be here days ago. Honestly I am not sure we can keep working with you.
684,8935,1997-04-20,chat,damaged,0,"Opened the delivery of standard steel flanges (PO 29420, 800 units) this morning and a good third of them are cracked."
685,137641,1997-12-30,account manager note,wrong_item,0,"This is not what we asked for. The anodized copper pipe (PO 46294, 1200 units) on the invoice do not match what is on the pallet. Regards, procurement."
686,17881,1997-06-28,account manager note,wrong_item,0,To whom it may concern: The box is labelled medium plated fasteners but inside are parts in the wrong size. Need an answer by end of day.
687,60044,1998-04-29,account manager note,damaged,1,To whom it may concern: Received the promo tin cans but the packaging was soaked through and the metal has started to rust. If this happens again we will move our business to another supplier. Please call me back today.
688,59743,1998-05-03,account manager note,account,0,"Hi team, we have moved office, please update the delivery address on our account. Need an answer by end of day."
689,140764,1997-01-31,account manager note,quality,1,"Hi support, our QA rejected the anodized copper pipe (75 units). Finish is uneven and some pieces fail the stress test. Our procurement team has asked me to find an alternative vendor. Need an answer by end of day."
690,148976,1997-07-16,chat,praise,0,Just wanted to say the polished steel brackets on PO 92459 arrived early and in perfect condition. Great job. Reference attached.
691,112070,1997-12-15,account manager note,praise,0,"Hello, consistently good quality on the anodized copper pipe on PO 34921, our QA has not flagged anything in months. Please call me back today."
692,15890,1997-03-22,phone transcript,praise,0,"Your account team sorted our anodized copper pipe on PO 23226 issue in a single call, really appreciated. Reference attached."
693,29066,1998-01-02,chat,damaged,0,Urgent: Received the polished steel brackets but the packaging was soaked through and the metal has started to rust.
694,68476,1997-09-27,phone transcript,wrong_item,0,"Hi Rahul, the box is labelled medium plated fasteners but inside are parts in the wrong size."
695,70913,1997-03-05,email,account,0,"I cannot log into the ordering portal, the password reset email never arrives."
696,99455,1998-05-24,email,late_delivery,1,Following up: Still no sign of the large copper coils. Our warehouse team has been standing by since the 14 May. If this happens again we will move our business to another supplier.
697,114433,1997-02-23,email,billing,1,"Hi support, we were invoiced twice for the same batch of economy brass valves (PO 66324, 120 units). This is the last chance, after this we are going elsewhere. Reference attached."
698,20084,1997-04-05,email,late_delivery,0,"Urgent: Still no sign of the promo tin cans. Our warehouse team has been standing by since the 2 April. Regards, procurement."
699,20023,1997-07-04,phone transcript,late_delivery,0,"Hello, third week waiting on the plated nickel bolts. The tracking page has said 'in transit' since the 19 June."
700,14156,1997-07-30,phone transcript,account,0,Good morning. Could you send us a copy of last year's statements for our auditors? Need an answer by end of day.
701,9403,1998-05-13,portal,account,0,Urgent: Could you send us a copy of last year's statements for our auditors? Reference attached.
702,64544,1998-04-10,account manager note,quality,0,Good morning. Two of our customers returned products built with your polished steel brackets because of early failure.
703,119278,1998-01-27,email,late_delivery,0,"Hello, third week waiting on the economy brass valves (PO 39418, 40 units). The tracking page has said 'in transit' since the 11 January. Need an answer by end of day."
704,75346,1997-12-11,chat,account,0,"To whom it may concern: We have moved office, please update the delivery address on our account. Thanks."
705,18611,1998-06-16,chat,wrong_item,0,"Hello, we ordered plated nickel bolts and received something completely different. Need an answer by end of day."
706,46868,1998-02-09,account manager note,damaged,1,"Good morning. Several of the brass fittings on PO 57408 were snapped in two when we unpacked them. This is the last chance, after this we are going elsewhere. Reference attached."
707,28418,1998-03-27,phone transcript,wrong_item,0,"Following up: Got 200 units of the wrong finish instead of the brass fittings (PO 57018, 40 units) we specified."
708,56444,1998-03-28,portal,account,0,Following up: Please add my colleague as a second contact on our account.
709,20311,1998-03-27,chat,quality,1,"Hello, compared with last year the promo tin cans (40 units) feel cheaper and wear out much faster. We are reviewing whether to renew the contract at the end of the quarter."
710,82210,1998-06-08,phone transcript,wrong_item,0,To whom it may concern: We ordered polished steel brackets and received something completely different. Please call me back today.
711,32968,1998-01-19,phone transcript,account,0,To whom it may concern: Could you send us a copy of last year's statements for our auditors?
712,143716,1998-06-05,account manager note,wrong_item,0,"Got 200 units of the wrong finish instead of the promo tin cans (200 units) we specified. Regards, procurement."
713,63721,1997-05-05,phone transcript,billing,1,"Urgent: Please explain the extra surcharge on our last statement for the large copper coils. This is the last chance, after this we are going elsewhere. Need an answer by end of day."
714,126919,1997-11-19,chat,late_delivery,0,"Hi Marco, our shipment of small polished rods was promised for the 5 November and still has not turned up."
715,21367,1998-03-05,account manager note,late_delivery,0,"Hello, your carrier keeps rescheduling. We were told the 26 February, then Friday, now 'next week' for the burnished tin sheets on PO 80466. Need an answer by end of day."
716,8933,1997-06-01,account manager note,wrong_item,0,"Following up: The box is labelled promo tin cans (PO 33581, 200 units) but inside are parts in the wrong size. Escalating to my manager if not resolved."
717,88249,1997-06-20,chat,late_delivery,1,To whom it may concern: Can someone tell me where order for polished steel brackets is? It was meant to be here days ago. We are reviewing whether to renew the contract at the end of the quarter.
718,48091,1997-04-21,chat,billing,0,"Following up: Our finance team cannot reconcile your invoice, the quantities of small polished rods are off. Escalating to my manager if not resolved."
719,25402,1998-06-06,portal,account,0,"To whom it may concern: We have moved office, please update the delivery address on our account. Need an answer by end of day."
720,55229,1997-12-16,account manager note,damaged,0,"To whom it may concern: The brass fittings on PO 47389 were crushed in transit, the box looked like it had been dropped from a height."
721,18575,1997-11-18,chat,wrong_item,0,This is not what we asked for. The polished steel brackets (250 units) on the invoice do not match what is on the pallet. Please call me back today.
722,57788,1997-08-26,phone transcript,quality,0,"Hello, the latest batch of medium plated fasteners (120 units) does not meet the tolerance in our spec, the threads are off. Regards, procurement."
723,22771,1998-03-13,portal,late_delivery,0,"Good morning. Your carrier keeps rescheduling. We were told the 7 March, then Friday, now 'next week' for the small polished rods (PO 69486, 120 units). Thanks."
724,82526,1997-04-30,email,account,0,To whom it may concern: Could you send us a copy of last year's statements for our auditors?
725,69544,1998-06-18,account manager note,wrong_item,0,"The box is labelled brushed aluminium panels but inside are parts in the wrong size. Regards, procurement."
726,54670,1997-07-11,portal,late_delivery,1,"Hello, the small polished rods (PO 27274, 250 units) consignment slipped again. That is the second slip this quarter. If this happens again we will move our business to another supplier. Escalating to my manager if not resolved."
727,127156,1997-09-27,account manager note,late_delivery,0,"To whom it may concern: The promo tin cans (PO 93586, 200 units) consignment slipped again. That is the second slip this quarter. Regards, procurement."
728,111376,1998-02-06,email,praise,0,Just wanted to say the promo tin cans (1200 units) arrived early and in perfect condition. Great job. Escalating to my manager if not resolved.
729,34685,1997-11-23,chat,late_delivery,0,"Hi team, still no sign of the medium plated fasteners. Our warehouse team has been standing by since the 5 November. Regards, procurement."
730,127273,1998-02-23,portal,late_delivery,0,To whom it may concern: Can someone tell me where order for brass fittings on PO 44289 is? It was meant to be here days ago. Need an answer by end of day.
731,133538,1997-02-16,email,damaged,0,"Hi team, several of the plated nickel bolts (PO 39007, 800 units) were snapped in two when we unpacked them. Reference attached."
732,140431,1997-01-22,account manager note,account,0,"Urgent: I cannot log into the ordering portal, the password reset email never arrives. Regards, procurement."
733,138034,1997-08-23,email,praise,0,"Hi Anna, your account team sorted our plated nickel bolts issue in a single call, really appreciated."
734,99053,1998-05-12,account manager note,wrong_item,0,The box is labelled brass fittings but inside are parts in the wrong size.
735,68359,1997-10-04,portal,late_delivery,0,"Hi Priya, our shipment of polished steel brackets was promised for the 14 September and still has not turned up. Please call me back today."
736,112600,1997-11-16,email,praise,0,"Good morning. Your account team sorted our brushed aluminium panels (PO 49603, 40 units) issue in a single call, really appreciated. Escalating to my manager if not resolved."
737,143284,1998-02-21,email,late_delivery,0,Urgent: Can someone tell me where order for large copper coils (1200 units) is? It was meant to be here days ago. Thanks.
738,113972,1997-01-26,portal,wrong_item,1,Following up: This is not what we asked for. The economy brass valves on the invoice do not match what is on the pallet. Honestly I am not sure we can keep working with you.
739,88571,1998-05-17,portal,praise,0,"Hi account team, your account team sorted our promo tin cans issue in a single call, really appreciated. Need an answer by end of day."
740,111596,1998-02-21,email,late_delivery,0,Following up: We planned a production run around the brass fittings (200 units) arriving on the 11 February. Nothing has arrived and the line is idle. Escalating to my manager if not resolved.
741,58310,1997-01-14,account manager note,damaged,0,"Hello, half the anodized copper pipe on PO 31783 came out of the crate bent and scratched. Escalating to my manager if not resolved."
742,43502,1998-07-15,portal,late_delivery,0,"We planned a production run around the economy brass valves (PO 48895, 40 units) arriving on the 4 July. Nothing has arrived and the line is idle. Reference attached."
743,74708,1997-07-29,portal,damaged,1,"Following up: The promo tin cans (250 units) were crushed in transit, the box looked like it had been dropped from a height. Honestly I am not sure we can keep working with you. Escalating to my manager if not resolved."
744,49829,1997-03-10,portal,late_delivery,1,We planned a production run around the brass fittings (200 units) arriving on the 4 March. Nothing has arrived and the line is idle. Our procurement team has asked me to find an alternative vendor. Please call me back today.
745,100865,1997-01-15,email,damaged,0,"Good morning. Received the burnished tin sheets (250 units) but the packaging was soaked through and the metal has started to rust. Regards, procurement."
746,6557,1997-10-14,portal,quality,0,Urgent: Compared with last year the anodized copper pipe (75 units) feel cheaper and wear out much faster. Escalating to my manager if not resolved.
747,145025,1997-04-04,account manager note,account,0,Following up: Could you send us a copy of last year's statements for our auditors?
748,83093,1997-12-01,chat,billing,0,"Urgent: Our finance team cannot reconcile your invoice, the quantities of plated nickel bolts on PO 41558 are off. Reference attached."
749,6632,1997-08-08,phone transcript,late_delivery,0,Urgent: Can someone tell me where order for anodized copper pipe (120 units) is? It was meant to be here days ago. Thanks.
750,82210,1997-12-21,chat,praise,0,"Urgent: Thanks for the quick turnaround on the small polished rods (PO 90868, 200 units), it saved our production week."
751,15002,1997-11-14,chat,late_delivery,1,Urgent: The brushed aluminium panels consignment slipped again. That is the second slip this quarter. We are reviewing whether to renew the contract at the end of the quarter. Escalating to my manager if not resolved.
752,46376,1998-04-28,portal,praise,0,"Following up: Just wanted to say the promo tin cans (PO 32776, 1200 units) arrived early and in perfect condition. Great job. Please call me back today."
753,82964,1997-05-03,portal,late_delivery,0,"Still no sign of the brass fittings (PO 51187, 40 units). Our warehouse team has been standing by since the 24 April."
754,71395,1998-01-11,email,account,0,Please add my colleague as a second contact on our account. Need an answer by end of day.
755,22570,1997-07-23,chat,damaged,0,"The small polished rods on PO 32671 were crushed in transit, the box looked like it had been dropped from a height. Reference attached."
756,80684,1997-04-01,portal,account,0,"Hi team, I cannot log into the ordering portal, the password reset email never arrives. Regards, procurement."
757,62771,1997-05-16,portal,quality,0,"Hi team, our QA rejected the plated nickel bolts. Finish is uneven and some pieces fail the stress test. Regards, procurement."
758,44689,1997-09-23,email,account,0,Following up: Could you send us a copy of last year's statements for our auditors? Escalating to my manager if not resolved.
759,139646,1998-01-30,phone transcript,account,0,To whom it may concern: Please add my colleague as a second contact on our account. Need an answer by end of day.
760,84508,1997-09-25,email,late_delivery,0,"Hi team, the brass fittings consignment slipped again. That is the second slip this quarter. Thanks."
761,5702,1997-01-09,account manager note,billing,0,"To whom it may concern: The price on the invoice for anodized copper pipe (PO 53871, 1200 units) is higher than the price we agreed in the contract. Escalating to my manager if not resolved."
762,78689,1998-04-13,email,praise,0,"Following up: Consistently good quality on the promo tin cans on PO 62341, our QA has not flagged anything in months. Escalating to my manager if not resolved."
763,137386,1997-08-28,portal,account,0,"Good morning. I cannot log into the ordering portal, the password reset email never arrives. Need an answer by end of day."
764,40067,1997-05-23,portal,account,0,Good morning. Could you send us a copy of last year's statements for our auditors? Escalating to my manager if not resolved.
765,3010,1997-11-05,phone transcript,praise,0,"Hello, just wanted to say the plated nickel bolts arrived early and in perfect condition. Great job. Reference attached."
766,83456,1998-07-18,portal,late_delivery,0,"Hi account team, your carrier keeps rescheduling. We were told the 8 July, then Friday, now 'next week' for the medium plated fasteners (PO 71906, 200 units)."
767,96766,1997-12-01,phone transcript,damaged,1,"Opened the delivery of plated nickel bolts (PO 80007, 800 units) this morning and a good third of them are cracked. This is the last chance, after this we are going elsewhere. Please call me back today."
768,64544,1997-01-02,portal,damaged,1,"Hello, opened the delivery of promo tin cans on PO 20127 this morning and a good third of them are cracked. We are reviewing whether to renew the contract at the end of the quarter. Thanks."
769,21664,1997-10-19,phone transcript,wrong_item,0,"Good morning. The box is labelled plated nickel bolts (PO 14564, 1200 units) but inside are parts in the wrong size."
770,14290,1997-04-14,phone transcript,quality,1,"To whom it may concern: Two of our customers returned products built with your medium plated fasteners (PO 31087, 40 units) because of early failure. Honestly I am not sure we can keep working with you. Thanks."
771,20974,1997-04-29,portal,wrong_item,0,"To whom it may concern: We ordered promo tin cans (PO 72068, 500 units) and received something completely different. Thanks."
772,96809,1997-09-22,phone transcript,late_delivery,1,We planned a production run around the burnished tin sheets on PO 67001 arriving on the 18 September. Nothing has arrived and the line is idle. Our procurement team has asked me to find an alternative vendor. Escalating to my manager if not resolved.
773,29278,1997-10-31,phone transcript,wrong_item,0,Good morning. Got 200 units of the wrong finish instead of the brass fittings on PO 33426 we specified. Need an answer by end of day.
774,90541,1998-06-29,account manager note,quality,0,"Our QA rejected the small polished rods (PO 32968, 200 units). Finish is uneven and some pieces fail the stress test. Thanks."
775,20648,1997-09-07,phone transcript,quality,1,Compared with last year the small polished rods on PO 15326 feel cheaper and wear out much faster. Honestly I am not sure we can keep working with you.
776,134753,1997-11-06,chat,account,0,"Good morning. We have moved office, please update the delivery address on our account. Need an answer by end of day."
777,99596,1997-09-07,chat,praise,0,"Following up: Thanks for the quick turnaround on the small polished rods, it saved our production week. Please call me back today."
778,144265,1997-07-05,email,damaged,0,"Hi Anna, half the medium plated fasteners (250 units) came out of the crate bent and scratched. Need an answer by end of day."
779,3295,1997-01-19,phone transcript,late_delivery,0,Good morning. The small polished rods (200 units) consignment slipped again. That is the second slip this quarter. Reference attached.
780,149767,1997-12-21,email,damaged,0,"Hello, several of the standard steel flanges were snapped in two when we unpacked them."
781,85507,1998-07-29,portal,billing,0,To whom it may concern: Please explain the extra surcharge on our last statement for the brushed aluminium panels. Escalating to my manager if not resolved.
782,43288,1998-03-18,portal,billing,1,"Following up: Our finance team cannot reconcile your invoice, the quantities of economy brass valves are off. This is the last chance, after this we are going elsewhere."
783,83303,1997-10-24,chat,account,0,"Hi Marco, please add my colleague as a second contact on our account. Need an answer by end of day."
784,87571,1998-02-06,account manager note,billing,0,"Good morning. The price on the invoice for burnished tin sheets (PO 70806, 1200 units) is higher than the price we agreed in the contract."
785,107158,1997-04-11,email,billing,1,"Hi Anna, we were invoiced twice for the same batch of economy brass valves on PO 64823. This is the last chance, after this we are going elsewhere."
786,42305,1997-09-13,account manager note,damaged,0,"Half the anodized copper pipe on PO 99700 came out of the crate bent and scratched. Regards, procurement."
787,71395,1997-09-03,portal,damaged,1,"Hi team, half the anodized copper pipe (PO 52300, 200 units) came out of the crate bent and scratched. Our procurement team has asked me to find an alternative vendor. Escalating to my manager if not resolved."
788,123263,1998-04-18,account manager note,praise,0,"Hello, just wanted to say the large copper coils arrived early and in perfect condition. Great job. Thanks."
789,34309,1998-03-04,email,late_delivery,0,Urgent: Can someone tell me where order for plated nickel bolts on PO 89557 is? It was meant to be here days ago.
790,89086,1998-06-08,portal,damaged,0,"The medium plated fasteners (PO 26260, 800 units) were crushed in transit, the box looked like it had been dropped from a height. Reference attached."
791,71395,1998-05-10,phone transcript,account,0,"We have moved office, please update the delivery address on our account. Reference attached."
792,80390,1997-09-22,portal,praise,0,"Hi team, just wanted to say the promo tin cans (40 units) arrived early and in perfect condition. Great job. Reference attached."
793,7342,1997-11-09,portal,billing,0,"Hi team, we still have not received the credit note you promised for the standard steel flanges (PO 30242, 250 units). Need an answer by end of day."
794,131360,1997-06-01,phone transcript,billing,0,"Urgent: Our finance team cannot reconcile your invoice, the quantities of promo tin cans are off. Please call me back today."
795,41939,1998-01-23,phone transcript,wrong_item,0,Following up: We ordered standard steel flanges and received something completely different. Need an answer by end of day.
796,86381,1997-05-03,chat,billing,0,Following up: We still have not received the credit note you promised for the medium plated fasteners. Reference attached.
797,64249,1998-07-21,portal,late_delivery,0,Following up: Third week waiting on the large copper coils on PO 17336. The tracking page has said 'in transit' since the 10 July. Please call me back today.
798,15956,1998-04-13,portal,quality,0,Good morning. Our QA rejected the anodized copper pipe. Finish is uneven and some pieces fail the stress test. Please call me back today.
799,104774,1998-05-04,chat,late_delivery,0,Can someone tell me where order for standard steel flanges is? It was meant to be here days ago. Escalating to my manager if not resolved.
800,119605,1998-05-14,email,late_delivery,0,"Hi Tom, your carrier keeps rescheduling. We were told the 27 April, then Friday, now 'next week' for the plated nickel bolts on PO 86246. Regards, procurement."
801,104456,1998-02-21,portal,late_delivery,0,"Hi team, the promo tin cans (1200 units) consignment slipped again. That is the second slip this quarter. Need an answer by end of day."
802,46871,1998-07-29,email,damaged,0,"Hi team, half the large copper coils (1200 units) came out of the crate bent and scratched. Escalating to my manager if not resolved."
803,83891,1997-11-08,chat,quality,0,"Urgent: Our QA rejected the polished steel brackets (PO 93608, 500 units). Finish is uneven and some pieces fail the stress test. Regards, procurement."
804,135389,1997-11-04,account manager note,wrong_item,0,"Hi team, got 200 units of the wrong finish instead of the promo tin cans we specified. Please call me back today."
805,82667,1998-03-03,account manager note,billing,0,Following up: Please explain the extra surcharge on our last statement for the small polished rods (200 units). Reference attached.
806,15185,1998-02-07,portal,damaged,0,"Hi Marco, several of the economy brass valves were snapped in two when we unpacked them. Need an answer by end of day."
807,71818,1997-09-20,email,billing,0,"Hi Mei, please explain the extra surcharge on our last statement for the plated nickel bolts (40 units). Regards, procurement."
808,120436,1997-06-14,phone transcript,late_delivery,0,"Hi account team, third week waiting on the brushed aluminium panels (PO 16029, 1200 units). The tracking page has said 'in transit' since the 3 June. Thanks."
809,147283,1998-01-14,email,damaged,0,"Hi team, the standard steel flanges (75 units) were crushed in transit, the box looked like it had been dropped from a height. Please call me back today."
810,82304,1997-12-02,phone transcript,wrong_item,0,Urgent: We ordered promo tin cans on PO 82964 and received something completely different.
811,147128,1998-04-02,portal,account,0,"Following up: We have moved office, please update the delivery address on our account. Need an answer by end of day."
812,128978,1998-02-25,phone transcript,late_delivery,1,"Urgent: The economy brass valves (PO 16295, 1200 units) consignment slipped again. That is the second slip this quarter. Our procurement team has asked me to find an alternative vendor."
813,50041,1997-03-10,email,billing,0,We still have not received the credit note you promised for the small polished rods. Escalating to my manager if not resolved.
814,105242,1998-03-18,chat,quality,0,"To whom it may concern: Our QA rejected the plated nickel bolts (PO 29949, 1200 units). Finish is uneven and some pieces fail the stress test. Thanks."
815,52516,1998-02-04,chat,damaged,0,"Hi support, the brass fittings were crushed in transit, the box looked like it had been dropped from a height. Reference attached."
816,141578,1997-06-06,phone transcript,account,0,"Hi team, I cannot log into the ordering portal, the password reset email never arrives."
817,7156,1997-12-02,portal,account,0,"Good morning. We have moved office, please update the delivery address on our account. Regards, procurement."
818,61658,1998-03-27,chat,praise,0,"Hello, just wanted to say the polished steel brackets (PO 68189, 40 units) arrived early and in perfect condition. Great job. Regards, procurement."
819,23801,1997-04-06,chat,praise,0,"Hello, thanks for the quick turnaround on the anodized copper pipe on PO 31349, it saved our production week. Reference attached."
820,81260,1997-09-19,email,damaged,0,Opened the delivery of large copper coils this morning and a good third of them are cracked.
821,33541,1997-11-04,chat,wrong_item,1,This is not what we asked for. The burnished tin sheets on the invoice do not match what is on the pallet. Frankly we are already talking to your competitors. Please call me back today.
822,28337,1998-04-27,portal,late_delivery,0,Good morning. The brass fittings consignment slipped again. That is the second slip this quarter. Thanks.
823,7466,1997-07-05,email,quality,0,Following up: Compared with last year the brushed aluminium panels feel cheaper and wear out much faster. Need an answer by end of day.
824,17387,1998-04-27,email,damaged,1,Urgent: Received the brass fittings but the packaging was soaked through and the metal has started to rust. If this happens again we will move our business to another supplier.
825,133538,1998-04-21,phone transcript,account,0,"We have moved office, please update the delivery address on our account. Need an answer by end of day."
826,65479,1997-04-09,portal,account,0,"Hello, please add my colleague as a second contact on our account."
827,100934,1997-11-05,email,late_delivery,0,"To whom it may concern: We planned a production run around the brushed aluminium panels (PO 27263, 250 units) arriving on the 29 October. Nothing has arrived and the line is idle."
828,118517,1997-07-06,portal,praise,0,"Hi team, consistently good quality on the brass fittings, our QA has not flagged anything in months. Escalating to my manager if not resolved."
829,119621,1997-09-27,email,wrong_item,0,"Urgent: This is not what we asked for. The large copper coils (PO 46609, 75 units) on the invoice do not match what is on the pallet. Escalating to my manager if not resolved."
830,50225,1997-12-17,portal,billing,1,"Hi Priya, we still have not received the credit note you promised for the large copper coils (75 units). Our procurement team has asked me to find an alternative vendor."
831,92783,1997-11-11,chat,praise,0,"Hi team, your account team sorted our standard steel flanges (PO 76155, 75 units) issue in a single call, really appreciated. Regards, procurement."
832,39860,1997-06-05,chat,billing,0,To whom it may concern: We still have not received the credit note you promised for the promo tin cans on PO 79881.
833,19627,1998-03-11,phone transcript,account,0,"Good morning. We have moved office, please update the delivery address on our account. Please call me back today."
834,41798,1997-11-16,account manager note,quality,0,"Hi support, our QA rejected the burnished tin sheets on PO 17762. Finish is uneven and some pieces fail the stress test. Regards, procurement."
835,129373,1997-07-18,phone transcript,damaged,0,Good morning. Opened the delivery of burnished tin sheets (75 units) this morning and a good third of them are cracked. Please call me back today.
836,43159,1997-01-12,phone transcript,quality,1,Our QA rejected the medium plated fasteners. Finish is uneven and some pieces fail the stress test. If this happens again we will move our business to another supplier. Escalating to my manager if not resolved.
837,23219,1997-02-11,chat,account,0,"Following up: Please add my colleague as a second contact on our account. Regards, procurement."
838,65864,1998-01-07,phone transcript,account,0,Could you send us a copy of last year's statements for our auditors? Reference attached.
839,127891,1997-04-14,chat,late_delivery,0,"Following up: The small polished rods (PO 86779, 200 units) consignment slipped again. That is the second slip this quarter."
840,110581,1998-01-20,account manager note,billing,1,We still have not received the credit note you promised for the promo tin cans on PO 15518. Frankly we are already talking to your competitors. Reference attached.
841,133081,1997-02-10,email,quality,0,"Urgent: Two of our customers returned products built with your brushed aluminium panels (PO 85149, 1200 units) because of early failure."
842,25354,1997-12-03,phone transcript,billing,0,"Following up: Please explain the extra surcharge on our last statement for the polished steel brackets (800 units). Regards, procurement."
843,80173,1997-09-27,email,wrong_item,0,"To whom it may concern: Got 200 units of the wrong finish instead of the anodized copper pipe we specified. Regards, procurement."
844,94756,1997-04-03,portal,account,0,"Following up: We have moved office, please update the delivery address on our account. Escalating to my manager if not resolved."
845,18718,1997-11-27,chat,account,0,Good morning. Please add my colleague as a second contact on our account.
846,84892,1998-02-19,portal,account,0,To whom it may concern: Please add my colleague as a second contact on our account. Need an answer by end of day.
847,141374,1997-02-11,account manager note,wrong_item,0,"Good morning. Got 200 units of the wrong finish instead of the burnished tin sheets on PO 97493 we specified. Regards, procurement."
848,135941,1997-08-10,chat,billing,0,"Our finance team cannot reconcile your invoice, the quantities of anodized copper pipe are off. Regards, procurement."
849,104701,1998-02-01,phone transcript,damaged,0,"Hi Marco, the small polished rods (500 units) were crushed in transit, the box looked like it had been dropped from a height. Reference attached."
850,145247,1997-09-10,portal,praise,0,"Urgent: Consistently good quality on the large copper coils on PO 22664, our QA has not flagged anything in months. Regards, procurement."
851,124945,1997-02-24,portal,wrong_item,0,"Hi Tom, the box is labelled standard steel flanges on PO 75160 but inside are parts in the wrong size."
852,86648,1997-12-29,portal,late_delivery,0,"Following up: Your carrier keeps rescheduling. We were told the 22 December, then Friday, now 'next week' for the polished steel brackets (250 units). Regards, procurement."
853,138877,1998-06-05,account manager note,billing,0,We still have not received the credit note you promised for the economy brass valves.
854,124364,1997-07-19,portal,quality,1,"The latest batch of burnished tin sheets on PO 33755 does not meet the tolerance in our spec, the threads are off. Our procurement team has asked me to find an alternative vendor. Thanks."
855,74777,1997-07-07,email,praise,0,"Hi Rahul, thanks for the quick turnaround on the polished steel brackets (500 units), it saved our production week. Thanks."
856,64544,1997-04-07,phone transcript,damaged,1,Several of the large copper coils (40 units) were snapped in two when we unpacked them. If this happens again we will move our business to another supplier.
857,40547,1998-01-19,chat,late_delivery,0,Following up: The polished steel brackets consignment slipped again. That is the second slip this quarter.
858,28253,1997-07-01,phone transcript,damaged,0,Received the standard steel flanges but the packaging was soaked through and the metal has started to rust. Need an answer by end of day.
859,145349,1998-06-15,email,quality,0,"Hi team, two of our customers returned products built with your anodized copper pipe because of early failure. Escalating to my manager if not resolved."
860,25895,1998-01-10,chat,damaged,0,"Hi Priya, the anodized copper pipe were crushed in transit, the box looked like it had been dropped from a height. Escalating to my manager if not resolved."
861,138659,1997-11-25,account manager note,late_delivery,0,"Hello, we planned a production run around the large copper coils on PO 81615 arriving on the 18 November. Nothing has arrived and the line is idle. Regards, procurement."
862,14449,1997-03-26,chat,wrong_item,0,"To whom it may concern: Your warehouse picked the wrong SKU again, these are not standard steel flanges. Need an answer by end of day."
863,92051,1997-07-12,email,praise,0,To whom it may concern: Just wanted to say the polished steel brackets (120 units) arrived early and in perfect condition. Great job. Thanks.
864,83968,1998-03-21,email,praise,0,"To whom it may concern: Your account team sorted our small polished rods on PO 76682 issue in a single call, really appreciated. Please call me back today."
865,102215,1998-05-23,portal,quality,1,"Hi Anna, the latest batch of burnished tin sheets on PO 15928 does not meet the tolerance in our spec, the threads are off. Frankly we are already talking to your competitors. Reference attached."
866,108434,1998-02-16,account manager note,damaged,1,"Hello, opened the delivery of brass fittings this morning and a good third of them are cracked. Honestly I am not sure we can keep working with you. Need an answer by end of day."
867,55739,1997-07-14,email,damaged,1,"Hi Priya, several of the standard steel flanges (40 units) were snapped in two when we unpacked them. Honestly I am not sure we can keep working with you. Regards, procurement."
868,37453,1998-05-16,account manager note,late_delivery,1,"Good morning. We planned a production run around the polished steel brackets arriving on the 26 April. Nothing has arrived and the line is idle. This is the last chance, after this we are going elsewhere. Need an answer by end of day."
869,148171,1997-07-26,portal,praise,0,"Hi team, thanks for the quick turnaround on the polished steel brackets on PO 36317, it saved our production week. Regards, procurement."
870,83342,1997-03-11,email,late_delivery,0,"Hi team, the burnished tin sheets (PO 67423, 500 units) consignment slipped again. That is the second slip this quarter. Regards, procurement."
871,59045,1997-06-06,portal,billing,0,Following up: We were invoiced twice for the same batch of brushed aluminium panels (120 units). Need an answer by end of day.
872,144265,1997-12-10,email,billing,0,"We still have not received the credit note you promised for the medium plated fasteners (PO 67741, 40 units). Please call me back today."
873,6557,1997-03-08,chat,late_delivery,1,"Hi team, we planned a production run around the economy brass valves on PO 91079 arriving on the 4 March. Nothing has arrived and the line is idle. If this happens again we will move our business to another supplier. Regards, procurement."
874,148171,1998-02-01,account manager note,late_delivery,0,Our shipment of promo tin cans was promised for the 14 January and still has not turned up. Thanks.
875,122428,1997-09-01,portal,account,0,Following up: Please add my colleague as a second contact on our account. Reference attached.
876,92522,1998-02-02,portal,account,0,"Hi Rahul, please add my colleague as a second contact on our account. Regards, procurement."
877,58439,1998-03-08,portal,account,0,"Hi account team, could you send us a copy of last year's statements for our auditors? Thanks."
878,53372,1997-07-15,phone transcript,late_delivery,1,Urgent: We planned a production run around the promo tin cans arriving on the 3 July. Nothing has arrived and the line is idle. Frankly we are already talking to your competitors. Escalating to my manager if not resolved.
879,22454,1998-02-27,account manager note,account,0,"Urgent: We have moved office, please update the delivery address on our account. Escalating to my manager if not resolved."
880,34225,1997-06-26,account manager note,billing,0,"Hi Anna, the price on the invoice for plated nickel bolts on PO 94048 is higher than the price we agreed in the contract. Regards, procurement."
881,93506,1998-06-28,portal,damaged,0,Half the small polished rods came out of the crate bent and scratched.
882,147296,1997-08-07,portal,quality,0,To whom it may concern: Two of our customers returned products built with your plated nickel bolts because of early failure. Need an answer by end of day.
883,38443,1997-06-05,account manager note,account,0,"Hi support, we have moved office, please update the delivery address on our account. Regards, procurement."
884,149923,1997-02-10,portal,late_delivery,0,"Following up: Still no sign of the anodized copper pipe (PO 59724, 1200 units). Our warehouse team has been standing by since the 7 February. Reference attached."
885,51677,1997-01-21,phone transcript,wrong_item,1,We ordered standard steel flanges on PO 54535 and received something completely different. We are reviewing whether to renew the contract at the end of the quarter. Thanks.
886,43748,1997-03-27,email,damaged,1,"Hi support, the brushed aluminium panels on PO 12091 were crushed in transit, the box looked like it had been dropped from a height. We are reviewing whether to renew the contract at the end of the quarter."
887,26869,1997-11-10,chat,billing,0,"Our finance team cannot reconcile your invoice, the quantities of plated nickel bolts (PO 54239, 800 units) are off."
888,89687,1998-01-25,portal,late_delivery,0,"Your carrier keeps rescheduling. We were told the 10 January, then Friday, now 'next week' for the burnished tin sheets (PO 60907, 800 units). Thanks."
889,6032,1997-09-25,portal,account,0,"Good morning. We have moved office, please update the delivery address on our account. Reference attached."
890,18451,1997-04-20,portal,praise,0,"Your account team sorted our burnished tin sheets issue in a single call, really appreciated."
891,18718,1998-04-17,email,billing,0,The price on the invoice for medium plated fasteners (75 units) is higher than the price we agreed in the contract.
892,48776,1997-08-27,account manager note,wrong_item,0,To whom it may concern: Got 200 units of the wrong finish instead of the burnished tin sheets we specified. Escalating to my manager if not resolved.
893,49336,1997-03-04,portal,damaged,0,"Hi team, the standard steel flanges were crushed in transit, the box looked like it had been dropped from a height. Regards, procurement."
894,139081,1997-08-22,email,praise,0,"Hi Rahul, your account team sorted our anodized copper pipe (PO 88846, 250 units) issue in a single call, really appreciated. Reference attached."
895,73861,1997-09-15,email,billing,0,Please explain the extra surcharge on our last statement for the plated nickel bolts. Thanks.
896,128212,1997-04-01,phone transcript,account,0,Could you send us a copy of last year's statements for our auditors? Escalating to my manager if not resolved.
897,121738,1997-07-14,account manager note,billing,0,"To whom it may concern: Our finance team cannot reconcile your invoice, the quantities of burnished tin sheets on PO 15596 are off. Thanks."
898,40066,1998-01-30,portal,late_delivery,1,"Hi support, can someone tell me where order for economy brass valves is? It was meant to be here days ago. Honestly I am not sure we can keep working with you. Please call me back today."
899,144842,1998-02-05,chat,late_delivery,1,"Hello, can someone tell me where order for standard steel flanges is? It was meant to be here days ago. This is the last chance, after this we are going elsewhere. Need an answer by end of day."
900,37088,1998-03-20,portal,quality,0,"The latest batch of economy brass valves does not meet the tolerance in our spec, the threads are off. Escalating to my manager if not resolved."
901,33929,1998-05-22,chat,wrong_item,0,"Good morning. This is not what we asked for. The burnished tin sheets (PO 11699, 1200 units) on the invoice do not match what is on the pallet. Thanks."
902,24449,1998-01-18,portal,damaged,0,"Following up: Half the small polished rods came out of the crate bent and scratched. Regards, procurement."
903,65300,1997-11-17,account manager note,account,0,"To whom it may concern: Please add my colleague as a second contact on our account. Regards, procurement."
904,137045,1997-01-20,portal,billing,0,"Hi team, we were invoiced twice for the same batch of brushed aluminium panels on PO 60350. Need an answer by end of day."
905,83896,1997-10-10,account manager note,praise,0,"Following up: Your account team sorted our small polished rods issue in a single call, really appreciated. Escalating to my manager if not resolved."
906,78166,1998-07-04,phone transcript,account,0,Could you send us a copy of last year's statements for our auditors? Thanks.
907,116429,1997-10-31,phone transcript,late_delivery,0,To whom it may concern: Still no sign of the brass fittings. Our warehouse team has been standing by since the 24 October. Thanks.
908,24449,1997-10-08,chat,late_delivery,0,Following up: Third week waiting on the standard steel flanges (200 units). The tracking page has said 'in transit' since the 1 October.
909,148274,1997-05-26,chat,wrong_item,0,"Hi Marco, got 200 units of the wrong finish instead of the brushed aluminium panels (PO 92429, 40 units) we specified."
910,82210,1998-06-08,phone transcript,late_delivery,0,"Third week waiting on the brass fittings. The tracking page has said 'in transit' since the 2 June. Regards, procurement."
911,143681,1998-02-27,email,damaged,0,Urgent: Received the brushed aluminium panels but the packaging was soaked through and the metal has started to rust. Thanks.
912,11057,1998-04-05,portal,praise,0,"Hello, just wanted to say the anodized copper pipe arrived early and in perfect condition. Great job. Regards, procurement."
913,18034,1997-06-06,chat,quality,0,"Hi Mei, the latest batch of anodized copper pipe on PO 52329 does not meet the tolerance in our spec, the threads are off. Escalating to my manager if not resolved."
914,43039,1997-07-24,account manager note,late_delivery,0,Following up: We planned a production run around the promo tin cans arriving on the 19 July. Nothing has arrived and the line is idle. Reference attached.
915,68248,1998-07-04,account manager note,late_delivery,1,Urgent: The brass fittings on PO 44818 consignment slipped again. That is the second slip this quarter. Frankly we are already talking to your competitors. Need an answer by end of day.
916,53893,1997-10-20,portal,late_delivery,1,Urgent: Third week waiting on the standard steel flanges. The tracking page has said 'in transit' since the 12 October. Our procurement team has asked me to find an alternative vendor.
917,133081,1997-11-02,phone transcript,quality,1,Following up: Our QA rejected the small polished rods. Finish is uneven and some pieces fail the stress test. If this happens again we will move our business to another supplier. Need an answer by end of day.
918,60044,1998-02-02,email,late_delivery,0,"Hi team, can someone tell me where order for small polished rods (1200 units) is? It was meant to be here days ago. Regards, procurement."
919,97733,1997-02-21,email,praise,0,"Following up: Your account team sorted our brass fittings (40 units) issue in a single call, really appreciated. Regards, procurement."
920,124913,1997-01-23,portal,damaged,1,"Hi team, opened the delivery of plated nickel bolts this morning and a good third of them are cracked. Honestly I am not sure we can keep working with you."
921,100865,1997-03-30,portal,late_delivery,0,Urgent: We planned a production run around the small polished rods arriving on the 27 March. Nothing has arrived and the line is idle. Escalating to my manager if not resolved.
922,125612,1998-01-22,portal,late_delivery,0,Following up: Third week waiting on the brass fittings. The tracking page has said 'in transit' since the 19 January.
923,12398,1997-01-25,phone transcript,praise,0,Following up: Just wanted to say the medium plated fasteners (200 units) arrived early and in perfect condition. Great job. Escalating to my manager if not resolved.
924,91079,1998-01-12,phone transcript,damaged,0,"To whom it may concern: The standard steel flanges (PO 58924, 120 units) were crushed in transit, the box looked like it had been dropped from a height. Thanks."
925,122305,1998-05-22,account manager note,late_delivery,0,"Hi Tom, the medium plated fasteners on PO 57229 consignment slipped again. That is the second slip this quarter. Reference attached."
926,41353,1997-06-18,email,quality,0,To whom it may concern: Our QA rejected the brass fittings (120 units). Finish is uneven and some pieces fail the stress test. Thanks.
927,85325,1998-07-12,phone transcript,account,0,Please add my colleague as a second contact on our account. Reference attached.
928,42350,1998-02-09,email,billing,0,"To whom it may concern: We were invoiced twice for the same batch of large copper coils (PO 85631, 200 units). Escalating to my manager if not resolved."
929,50072,1998-06-01,email,praise,0,"Good morning. Thanks for the quick turnaround on the polished steel brackets (PO 19464, 120 units), it saved our production week."
930,2771,1997-10-30,chat,late_delivery,0,We planned a production run around the polished steel brackets arriving on the 13 October. Nothing has arrived and the line is idle. Thanks.
931,8138,1998-02-02,phone transcript,damaged,0,Following up: Several of the brushed aluminium panels were snapped in two when we unpacked them. Escalating to my manager if not resolved.
932,142537,1998-01-28,email,quality,1,"To whom it may concern: The latest batch of large copper coils does not meet the tolerance in our spec, the threads are off. Our procurement team has asked me to find an alternative vendor."
933,69521,1997-04-07,email,late_delivery,0,"Following up: We planned a production run around the standard steel flanges (PO 41637, 500 units) arriving on the 26 March. Nothing has arrived and the line is idle. Escalating to my manager if not resolved."
934,66376,1997-05-12,chat,late_delivery,0,Urgent: Can someone tell me where order for promo tin cans is? It was meant to be here days ago. Thanks.
935,52199,1998-06-14,account manager note,late_delivery,0,"Hi team, we planned a production run around the standard steel flanges arriving on the 1 June. Nothing has arrived and the line is idle. Please call me back today."
936,71395,1997-01-06,email,wrong_item,0,Good morning. The box is labelled economy brass valves but inside are parts in the wrong size. Escalating to my manager if not resolved.
937,27874,1997-05-23,account manager note,late_delivery,1,"Following up: Still no sign of the anodized copper pipe on PO 67422. Our warehouse team has been standing by since the 7 May. This is the last chance, after this we are going elsewhere. Reference attached."
938,36052,1997-10-13,email,wrong_item,0,"This is not what we asked for. The economy brass valves on PO 18773 on the invoice do not match what is on the pallet. Regards, procurement."
939,30370,1997-03-30,chat,late_delivery,0,Urgent: The promo tin cans consignment slipped again. That is the second slip this quarter. Please call me back today.
940,69701,1997-07-27,chat,late_delivery,0,Our shipment of anodized copper pipe (120 units) was promised for the 8 July and still has not turned up.
941,90620,1997-11-07,chat,billing,0,"Hello, our finance team cannot reconcile your invoice, the quantities of anodized copper pipe (200 units) are off."
942,106534,1997-03-14,email,praise,0,"Following up: Your account team sorted our anodized copper pipe issue in a single call, really appreciated. Thanks."
943,106570,1997-02-13,portal,quality,0,"To whom it may concern: Two of our customers returned products built with your brushed aluminium panels (PO 35245, 40 units) because of early failure. Please call me back today."
944,103093,1998-06-18,phone transcript,late_delivery,1,"Our shipment of plated nickel bolts (PO 66720, 75 units) was promised for the 29 May and still has not turned up. Frankly we are already talking to your competitors."
945,23852,1997-12-16,account manager note,wrong_item,0,Following up: Got 200 units of the wrong finish instead of the plated nickel bolts on PO 50388 we specified. Please call me back today.
946,148378,1998-06-30,portal,account,0,Good morning. Could you send us a copy of last year's statements for our auditors? Reference attached.
947,49799,1997-11-10,phone transcript,damaged,0,Good morning. Several of the burnished tin sheets (800 units) were snapped in two when we unpacked them. Please call me back today.
948,88441,1998-07-21,portal,quality,0,"Urgent: The latest batch of brushed aluminium panels does not meet the tolerance in our spec, the threads are off. Regards, procurement."
949,17963,1998-05-24,chat,praise,0,"Good morning. Consistently good quality on the brushed aluminium panels, our QA has not flagged anything in months."
950,128336,1997-01-04,chat,account,0,"Following up: We have moved office, please update the delivery address on our account. Thanks."
951,73171,1998-03-24,phone transcript,late_delivery,1,"Hi team, we planned a production run around the economy brass valves (75 units) arriving on the 20 March. Nothing has arrived and the line is idle. If this happens again we will move our business to another supplier. Need an answer by end of day."
952,88628,1997-04-09,portal,late_delivery,0,"Our shipment of small polished rods (PO 15234, 200 units) was promised for the 27 March and still has not turned up. Need an answer by end of day."
953,42047,1997-10-01,email,late_delivery,1,"Still no sign of the large copper coils (200 units). Our warehouse team has been standing by since the 21 September. Our procurement team has asked me to find an alternative vendor. Regards, procurement."
954,73262,1997-10-04,email,billing,0,"Hi Anna, the price on the invoice for standard steel flanges is higher than the price we agreed in the contract. Please call me back today."
955,99658,1997-11-12,email,late_delivery,0,"Hello, our shipment of economy brass valves on PO 68479 was promised for the 7 November and still has not turned up. Escalating to my manager if not resolved."
956,53863,1997-10-06,phone transcript,billing,0,"To whom it may concern: We were invoiced twice for the same batch of burnished tin sheets (PO 78673, 800 units). Thanks."
957,99469,1997-03-21,chat,late_delivery,0,"Hello, we planned a production run around the promo tin cans (PO 62953, 120 units) arriving on the 7 March. Nothing has arrived and the line is idle. Regards, procurement."
958,128702,1997-01-25,account manager note,praise,0,Just wanted to say the medium plated fasteners on PO 94603 arrived early and in perfect condition. Great job. Reference attached.
959,85507,1998-03-11,chat,quality,0,"Hello, compared with last year the polished steel brackets (PO 55643, 250 units) feel cheaper and wear out much faster. Please call me back today."
960,58310,1997-07-20,phone transcript,billing,0,"Hello, the price on the invoice for brass fittings (PO 16288, 500 units) is higher than the price we agreed in the contract."
961,13670,1997-10-28,chat,wrong_item,0,"Hello, this is not what we asked for. The anodized copper pipe (PO 34382, 250 units) on the invoice do not match what is on the pallet. Regards, procurement."
962,146002,1997-06-30,phone transcript,billing,0,"Hi team, we were invoiced twice for the same batch of plated nickel bolts on PO 65478."
963,45035,1997-07-03,phone transcript,praise,0,"To whom it may concern: Your account team sorted our large copper coils issue in a single call, really appreciated. Regards, procurement."
964,96257,1997-01-22,chat,wrong_item,1,"Hi team, we ordered large copper coils on PO 61616 and received something completely different. Frankly we are already talking to your competitors. Regards, procurement."
965,65830,1998-04-19,chat,praise,0,"Hello, just wanted to say the burnished tin sheets (PO 24401, 120 units) arrived early and in perfect condition. Great job. Please call me back today."
966,10459,1998-02-09,portal,praise,0,"Following up: Thanks for the quick turnaround on the large copper coils on PO 78819, it saved our production week. Thanks."
967,117950,1997-07-31,chat,praise,0,"Thanks for the quick turnaround on the polished steel brackets on PO 49117, it saved our production week."
968,121951,1997-05-24,phone transcript,praise,0,"Hi team, your account team sorted our medium plated fasteners (800 units) issue in a single call, really appreciated. Thanks."
969,113609,1998-04-20,email,praise,0,"Hi team, consistently good quality on the anodized copper pipe (PO 42160, 40 units), our QA has not flagged anything in months. Escalating to my manager if not resolved."
970,146002,1997-12-30,portal,billing,1,"Following up: Please explain the extra surcharge on our last statement for the large copper coils on PO 15311. This is the last chance, after this we are going elsewhere. Please call me back today."
971,74692,1997-10-04,phone transcript,quality,0,"Urgent: The latest batch of brass fittings does not meet the tolerance in our spec, the threads are off. Escalating to my manager if not resolved."
972,40195,1998-06-14,account manager note,late_delivery,0,"Hi Priya, your carrier keeps rescheduling. We were told the 25 May, then Friday, now 'next week' for the promo tin cans."
973,110594,1998-03-27,email,damaged,0,"Hello, received the small polished rods (120 units) but the packaging was soaked through and the metal has started to rust. Regards, procurement."
974,69602,1997-07-19,account manager note,account,1,"Hi team, could you send us a copy of last year's statements for our auditors? If this happens again we will move our business to another supplier. Please call me back today."
975,143636,1997-08-13,phone transcript,praise,0,"Consistently good quality on the standard steel flanges, our QA has not flagged anything in months. Need an answer by end of day."
976,78793,1997-12-01,account manager note,billing,0,"Hello, we were invoiced twice for the same batch of large copper coils. Reference attached."
977,25847,1998-02-19,chat,account,0,"Please add my colleague as a second contact on our account. Regards, procurement."
978,14917,1998-02-27,account manager note,wrong_item,1,"To whom it may concern: We ordered small polished rods (PO 84261, 800 units) and received something completely different. Our procurement team has asked me to find an alternative vendor."
979,106252,1998-03-19,account manager note,damaged,1,"To whom it may concern: Half the anodized copper pipe (PO 14010, 1200 units) came out of the crate bent and scratched. Our procurement team has asked me to find an alternative vendor. Thanks."
980,39334,1997-10-21,chat,praise,0,"Hi team, thanks for the quick turnaround on the burnished tin sheets on PO 54054, it saved our production week."
981,93652,1997-04-05,chat,wrong_item,0,Following up: We ordered small polished rods and received something completely different. Reference attached.
982,102463,1997-06-19,account manager note,late_delivery,0,"The plated nickel bolts (75 units) consignment slipped again. That is the second slip this quarter. Regards, procurement."
983,107929,1997-10-26,email,late_delivery,0,Good morning. Our shipment of promo tin cans on PO 90312 was promised for the 9 October and still has not turned up. Need an answer by end of day.
984,120137,1997-08-18,account manager note,wrong_item,0,To whom it may concern: Got 200 units of the wrong finish instead of the small polished rods (40 units) we specified. Need an answer by end of day.
985,55216,1997-08-29,portal,praise,0,"Following up: Your account team sorted our plated nickel bolts (200 units) issue in a single call, really appreciated."
986,54991,1997-03-17,account manager note,late_delivery,1,"Hello, can someone tell me where order for plated nickel bolts (500 units) is? It was meant to be here days ago. Honestly I am not sure we can keep working with you. Need an answer by end of day."
987,104200,1998-01-08,phone transcript,billing,0,"We were invoiced twice for the same batch of anodized copper pipe (PO 55231, 200 units). Escalating to my manager if not resolved."
988,38842,1997-12-01,email,wrong_item,0,"Hi team, the box is labelled small polished rods (PO 84261, 500 units) but inside are parts in the wrong size. Escalating to my manager if not resolved."
989,97786,1997-09-03,phone transcript,praise,0,"Hello, thanks for the quick turnaround on the large copper coils on PO 46419, it saved our production week. Reference attached."
990,10336,1998-05-10,account manager note,late_delivery,0,"To whom it may concern: The large copper coils consignment slipped again. That is the second slip this quarter. Regards, procurement."
991,109379,1998-07-15,account manager note,account,0,"Good morning. I cannot log into the ordering portal, the password reset email never arrives."
992,1124,1997-08-25,chat,account,0,"Good morning. I cannot log into the ordering portal, the password reset email never arrives. Need an answer by end of day."
993,48101,1997-08-16,chat,late_delivery,0,"Hi Priya, our shipment of standard steel flanges was promised for the 5 August and still has not turned up. Thanks."
994,2051,1998-05-24,email,billing,1,"Hello, we still have not received the credit note you promised for the promo tin cans. Honestly I am not sure we can keep working with you. Regards, procurement."
995,138659,1997-09-09,portal,damaged,0,Good morning. Several of the standard steel flanges were snapped in two when we unpacked them. Thanks.
996,17297,1998-01-06,phone transcript,quality,0,"Urgent: The latest batch of polished steel brackets (250 units) does not meet the tolerance in our spec, the threads are off."
997,93392,1997-04-27,email,account,0,"Urgent: I cannot log into the ordering portal, the password reset email never arrives. Need an answer by end of day."
998,92113,1998-02-02,email,damaged,0,"Pallet of burnished tin sheets on PO 12389 arrived with the wrapping torn open and several pieces dented. Regards, procurement."
999,129598,1998-02-03,chat,damaged,0,"Hi team, received the economy brass valves but the packaging was soaked through and the metal has started to rust."
1000,88795,1998-02-01,account manager note,quality,0,Our QA rejected the brushed aluminium panels (200 units). Finish is uneven and some pieces fail the stress test.
1001,110786,1997-01-08,phone transcript,quality,0,"Our QA rejected the brushed aluminium panels (PO 27574, 75 units). Finish is uneven and some pieces fail the stress test. Reference attached."
1002,73576,1998-07-04,phone transcript,late_delivery,0,"Your carrier keeps rescheduling. We were told the 27 June, then Friday, now 'next week' for the economy brass valves (40 units). Thanks."
1003,24400,1997-03-18,portal,praise,0,"Good morning. Thanks for the quick turnaround on the large copper coils (75 units), it saved our production week. Need an answer by end of day."
1004,123988,1997-04-13,phone transcript,account,0,"To whom it may concern: I cannot log into the ordering portal, the password reset email never arrives."
1005,106540,1998-07-18,phone transcript,praise,0,"Good morning. Thanks for the quick turnaround on the large copper coils, it saved our production week. Thanks."
1006,11636,1997-05-21,portal,quality,0,Following up: Two of our customers returned products built with your polished steel brackets because of early failure.
1007,137095,1997-06-22,phone transcript,late_delivery,1,"Third week waiting on the anodized copper pipe on PO 92685. The tracking page has said 'in transit' since the 15 June. Honestly I am not sure we can keep working with you. Regards, procurement."
1008,106043,1997-07-12,chat,billing,1,"Hi Anna, we still have not received the credit note you promised for the standard steel flanges on PO 17781. This is the last chance, after this we are going elsewhere. Need an answer by end of day."
1009,33605,1997-10-22,chat,damaged,0,"Good morning. Half the plated nickel bolts came out of the crate bent and scratched. Regards, procurement."
1010,43288,1997-05-03,phone transcript,late_delivery,0,"Hello, your carrier keeps rescheduling. We were told the 29 April, then Friday, now 'next week' for the medium plated fasteners. Thanks."
1011,32308,1997-01-03,phone transcript,account,0,"Hi Tom, could you send us a copy of last year's statements for our auditors? Please call me back today."
1012,71801,1998-02-25,account manager note,damaged,0,"Hello, pallet of economy brass valves on PO 68118 arrived with the wrapping torn open and several pieces dented. Regards, procurement."
1013,49915,1997-01-04,portal,late_delivery,1,"The economy brass valves (PO 18048, 120 units) consignment slipped again. That is the second slip this quarter. If this happens again we will move our business to another supplier. Need an answer by end of day."
1014,70685,1997-01-15,portal,wrong_item,0,Following up: This is not what we asked for. The standard steel flanges on PO 86871 on the invoice do not match what is on the pallet. Need an answer by end of day.
1015,14911,1998-03-25,chat,wrong_item,0,Following up: The box is labelled anodized copper pipe but inside are parts in the wrong size. Please call me back today.
1016,145742,1997-04-12,chat,late_delivery,1,The plated nickel bolts on PO 62915 consignment slipped again. That is the second slip this quarter. We are reviewing whether to renew the contract at the end of the quarter. Need an answer by end of day.
1017,80305,1998-06-27,account manager note,billing,0,"We still have not received the credit note you promised for the anodized copper pipe (PO 29542, 40 units)."
1018,88120,1997-10-06,phone transcript,late_delivery,0,"To whom it may concern: Can someone tell me where order for promo tin cans is? It was meant to be here days ago. Regards, procurement."
1019,24313,1997-09-04,portal,wrong_item,0,"Hi Priya, we ordered large copper coils (1200 units) and received something completely different. Please call me back today."
1020,9599,1998-07-02,phone transcript,wrong_item,0,"Urgent: The box is labelled small polished rods but inside are parts in the wrong size. Regards, procurement."
1021,123988,1998-02-23,chat,late_delivery,1,"Third week waiting on the polished steel brackets (1200 units). The tracking page has said 'in transit' since the 17 February. We are reviewing whether to renew the contract at the end of the quarter. Regards, procurement."
1022,119278,1997-01-07,phone transcript,late_delivery,0,The standard steel flanges consignment slipped again. That is the second slip this quarter. Need an answer by end of day.
1023,47027,1998-07-24,portal,quality,0,"Our QA rejected the small polished rods. Finish is uneven and some pieces fail the stress test. Regards, procurement."
1024,113200,1997-07-22,portal,praise,0,"Following up: Your account team sorted our anodized copper pipe (1200 units) issue in a single call, really appreciated. Regards, procurement."
1025,18034,1997-06-12,email,quality,1,"To whom it may concern: Our QA rejected the standard steel flanges (PO 32462, 40 units). Finish is uneven and some pieces fail the stress test. Frankly we are already talking to your competitors. Regards, procurement."
1026,56138,1997-06-20,email,wrong_item,1,"Hi team, got 200 units of the wrong finish instead of the plated nickel bolts on PO 69382 we specified. Our procurement team has asked me to find an alternative vendor. Need an answer by end of day."
1027,103444,1997-10-30,chat,late_delivery,0,Our shipment of economy brass valves on PO 21930 was promised for the 20 October and still has not turned up.
1028,28418,1997-05-19,email,quality,0,"Hello, our QA rejected the brass fittings on PO 80651. Finish is uneven and some pieces fail the stress test."
1029,69484,1998-07-05,email,damaged,0,"Urgent: Pallet of polished steel brackets (250 units) arrived with the wrapping torn open and several pieces dented. Regards, procurement."
1030,6346,1998-03-29,email,wrong_item,1,"Following up: This is not what we asked for. The polished steel brackets (PO 52184, 75 units) on the invoice do not match what is on the pallet. If this happens again we will move our business to another supplier."
1031,57788,1997-06-18,portal,late_delivery,0,"Hello, still no sign of the small polished rods on PO 20830. Our warehouse team has been standing by since the 12 June. Reference attached."
1032,123389,1997-11-17,email,account,0,"Good morning. I cannot log into the ordering portal, the password reset email never arrives. Escalating to my manager if not resolved."
1033,94105,1997-10-23,email,late_delivery,0,"Hi account team, our shipment of large copper coils on PO 51171 was promised for the 4 October and still has not turned up."
1034,41939,1997-09-09,phone transcript,billing,0,To whom it may concern: We still have not received the credit note you promised for the economy brass valves (500 units).
1035,127400,1997-11-26,portal,wrong_item,0,"Hi team, we ordered brushed aluminium panels and received something completely different. Escalating to my manager if not resolved."
1036,66274,1998-07-26,chat,damaged,1,Urgent: Pallet of standard steel flanges on PO 12227 arrived with the wrapping torn open and several pieces dented. If this happens again we will move our business to another supplier.
1037,49201,1998-07-24,chat,late_delivery,0,"Good morning. The large copper coils consignment slipped again. That is the second slip this quarter. Regards, procurement."
1038,41575,1998-02-14,email,billing,0,"Our finance team cannot reconcile your invoice, the quantities of plated nickel bolts are off. Need an answer by end of day."
1039,88237,1998-03-06,account manager note,late_delivery,0,"Hi Anna, our shipment of small polished rods was promised for the 22 February and still has not turned up. Need an answer by end of day."
1040,49010,1998-02-04,phone transcript,damaged,0,Opened the delivery of anodized copper pipe (500 units) this morning and a good third of them are cracked. Reference attached.
1041,28565,1997-01-24,phone transcript,late_delivery,0,Good morning. Still no sign of the medium plated fasteners. Our warehouse team has been standing by since the 13 January.
1042,140569,1998-05-28,phone transcript,late_delivery,0,"Hi team, the large copper coils consignment slipped again. That is the second slip this quarter. Reference attached."
1043,26785,1997-08-10,email,late_delivery,0,"Good morning. Your carrier keeps rescheduling. We were told the 4 August, then Friday, now 'next week' for the burnished tin sheets (200 units). Regards, procurement."
1044,59171,1998-04-11,email,late_delivery,0,"Third week waiting on the large copper coils (PO 81352, 75 units). The tracking page has said 'in transit' since the 6 April. Regards, procurement."
1045,137488,1997-02-05,email,praise,0,"Urgent: Consistently good quality on the small polished rods, our QA has not flagged anything in months. Thanks."
1046,17816,1997-07-09,phone transcript,late_delivery,1,Still no sign of the burnished tin sheets. Our warehouse team has been standing by since the 23 June. Frankly we are already talking to your competitors.
1047,140569,1998-05-25,email,wrong_item,0,Got 200 units of the wrong finish instead of the plated nickel bolts (75 units) we specified. Reference attached.
1048,36515,1997-03-14,account manager note,damaged,0,Urgent: Pallet of polished steel brackets on PO 24267 arrived with the wrapping torn open and several pieces dented. Escalating to my manager if not resolved.
1049,40759,1997-06-11,phone transcript,late_delivery,0,"Hello, we planned a production run around the burnished tin sheets on PO 19633 arriving on the 29 May. Nothing has arrived and the line is idle."
1050,136142,1998-07-03,email,late_delivery,0,Third week waiting on the economy brass valves. The tracking page has said 'in transit' since the 15 June. Thanks.
1051,101263,1997-05-12,portal,late_delivery,0,We planned a production run around the economy brass valves arriving on the 27 April. Nothing has arrived and the line is idle.
1052,127211,1997-03-16,account manager note,quality,1,"Hello, compared with last year the brushed aluminium panels feel cheaper and wear out much faster. Our procurement team has asked me to find an alternative vendor. Please call me back today."
1053,117292,1997-05-27,portal,quality,0,Our QA rejected the promo tin cans. Finish is uneven and some pieces fail the stress test.
1054,14911,1997-09-01,account manager note,damaged,0,Pallet of standard steel flanges on PO 63406 arrived with the wrapping torn open and several pieces dented.
1055,43412,1997-01-19,account manager note,quality,0,Compared with last year the promo tin cans feel cheaper and wear out much faster. Escalating to my manager if not resolved.
1056,149098,1998-03-07,portal,quality,1,"Good morning. The latest batch of promo tin cans on PO 96084 does not meet the tolerance in our spec, the threads are off. This is the last chance, after this we are going elsewhere. Reference attached."
1057,112690,1997-04-16,account manager note,late_delivery,1,"Hello, third week waiting on the plated nickel bolts. The tracking page has said 'in transit' since the 10 April. Frankly we are already talking to your competitors. Need an answer by end of day."
1058,115865,1997-02-26,portal,billing,0,"Following up: Our finance team cannot reconcile your invoice, the quantities of economy brass valves on PO 83126 are off. Thanks."
1059,106817,1997-11-13,email,quality,0,To whom it may concern: Our QA rejected the large copper coils. Finish is uneven and some pieces fail the stress test. Need an answer by end of day.
1060,106673,1998-03-21,email,account,0,"To whom it may concern: We have moved office, please update the delivery address on our account. Thanks."
1061,31507,1997-08-10,phone transcript,account,0,Please add my colleague as a second contact on our account. Reference attached.
1062,58651,1997-10-01,email,praise,0,Good morning. Just wanted to say the economy brass valves on PO 41536 arrived early and in perfect condition. Great job. Please call me back today.
1063,139030,1998-06-11,chat,late_delivery,0,Our shipment of economy brass valves on PO 61024 was promised for the 27 May and still has not turned up.
1064,106900,1997-01-27,portal,damaged,0,Half the brass fittings came out of the crate bent and scratched.
1065,10966,1998-06-19,account manager note,praise,0,"Hi support, just wanted to say the burnished tin sheets on PO 94157 arrived early and in perfect condition. Great job. Need an answer by end of day."
1066,44863,1997-10-16,account manager note,wrong_item,0,"Hi team, got 200 units of the wrong finish instead of the economy brass valves we specified. Reference attached."
1067,84976,1998-05-01,portal,quality,0,"The latest batch of economy brass valves does not meet the tolerance in our spec, the threads are off. Need an answer by end of day."
1068,43064,1997-08-26,email,late_delivery,1,"Hi team, we planned a production run around the polished steel brackets arriving on the 11 August. Nothing has arrived and the line is idle. This is the last chance, after this we are going elsewhere."
1069,10966,1997-06-17,chat,late_delivery,0,"Hi Anna, still no sign of the brass fittings (PO 38687, 75 units). Our warehouse team has been standing by since the 29 May. Reference attached."
1070,84679,1997-12-20,email,billing,0,Following up: We still have not received the credit note you promised for the economy brass valves.
1071,104428,1998-02-10,account manager note,late_delivery,1,"Hi Rahul, we planned a production run around the plated nickel bolts on PO 22388 arriving on the 6 February. Nothing has arrived and the line is idle. Frankly we are already talking to your competitors. Need an answer by end of day."
1072,84976,1997-05-26,phone transcript,billing,0,"The price on the invoice for standard steel flanges (PO 34464, 120 units) is higher than the price we agreed in the contract. Please call me back today."
1073,135083,1998-03-06,portal,wrong_item,0,"Following up: Got 200 units of the wrong finish instead of the anodized copper pipe on PO 74396 we specified. Regards, procurement."
1074,125390,1997-11-23,email,billing,0,"Following up: Our finance team cannot reconcile your invoice, the quantities of economy brass valves are off. Thanks."
1075,119278,1998-05-24,phone transcript,damaged,1,"To whom it may concern: Opened the delivery of burnished tin sheets (PO 12026, 120 units) this morning and a good third of them are cracked. Honestly I am not sure we can keep working with you. Please call me back today."
1076,137059,1997-03-30,portal,quality,0,"Urgent: The latest batch of economy brass valves (40 units) does not meet the tolerance in our spec, the threads are off. Please call me back today."
1077,4238,1997-05-23,portal,late_delivery,0,Third week waiting on the brushed aluminium panels on PO 69863. The tracking page has said 'in transit' since the 7 May. Need an answer by end of day.
1078,78155,1997-02-08,chat,late_delivery,0,"Urgent: Your carrier keeps rescheduling. We were told the 28 January, then Friday, now 'next week' for the brushed aluminium panels. Need an answer by end of day."
1079,115712,1998-06-09,email,damaged,0,To whom it may concern: Several of the large copper coils were snapped in two when we unpacked them.
1080,53372,1997-07-03,phone transcript,damaged,0,"Hi account team, pallet of burnished tin sheets on PO 68665 arrived with the wrapping torn open and several pieces dented. Please call me back today."
1081,40348,1997-03-21,portal,damaged,1,"Urgent: Opened the delivery of promo tin cans this morning and a good third of them are cracked. This is the last chance, after this we are going elsewhere. Thanks."
1082,70603,1997-07-20,email,damaged,0,"Urgent: Opened the delivery of standard steel flanges this morning and a good third of them are cracked. Regards, procurement."
1083,89819,1998-01-05,phone transcript,billing,1,"Following up: We were invoiced twice for the same batch of economy brass valves (PO 99864, 500 units). This is the last chance, after this we are going elsewhere. Please call me back today."
1084,1886,1997-07-06,portal,damaged,0,"Hi Anna, pallet of large copper coils (PO 87803, 1200 units) arrived with the wrapping torn open and several pieces dented. Need an answer by end of day."
1085,105131,1997-10-03,account manager note,quality,1,Two of our customers returned products built with your economy brass valves because of early failure. Honestly I am not sure we can keep working with you. Reference attached.
1086,146771,1997-12-18,email,late_delivery,0,"Hello, we planned a production run around the economy brass valves arriving on the 29 November. Nothing has arrived and the line is idle. Reference attached."
1087,75316,1998-02-05,phone transcript,billing,0,"Following up: Our finance team cannot reconcile your invoice, the quantities of brushed aluminium panels (40 units) are off. Reference attached."
1088,29326,1997-07-18,chat,late_delivery,0,Urgent: Still no sign of the plated nickel bolts on PO 98529. Our warehouse team has been standing by since the 12 July. Escalating to my manager if not resolved.
1089,105163,1997-12-08,phone transcript,praise,0,"Your account team sorted our promo tin cans issue in a single call, really appreciated. Reference attached."
1090,12005,1997-07-27,email,praise,0,"Hello, thanks for the quick turnaround on the polished steel brackets, it saved our production week. Thanks."
1091,137291,1997-09-30,account manager note,account,0,Please add my colleague as a second contact on our account.
1092,35875,1997-05-15,phone transcript,billing,0,"Hi team, we still have not received the credit note you promised for the standard steel flanges. Reference attached."
1093,88576,1998-03-15,chat,billing,0,"Urgent: Our finance team cannot reconcile your invoice, the quantities of economy brass valves are off. Need an answer by end of day."
1094,112226,1997-10-14,phone transcript,damaged,1,"To whom it may concern: Pallet of large copper coils (800 units) arrived with the wrapping torn open and several pieces dented. This is the last chance, after this we are going elsewhere."
1095,85454,1997-01-07,phone transcript,late_delivery,1,To whom it may concern: The brass fittings consignment slipped again. That is the second slip this quarter. Frankly we are already talking to your competitors. Please call me back today.
1096,74426,1997-01-06,phone transcript,late_delivery,0,"Urgent: Your carrier keeps rescheduling. We were told the 21 December, then Friday, now 'next week' for the brushed aluminium panels (1200 units). Please call me back today."
1097,39245,1998-06-17,email,damaged,0,Following up: Opened the delivery of large copper coils on PO 60570 this morning and a good third of them are cracked. Escalating to my manager if not resolved.
1098,27751,1998-06-12,portal,late_delivery,0,"Hello, the small polished rods consignment slipped again. That is the second slip this quarter. Please call me back today."
1099,136208,1997-03-06,portal,late_delivery,1,The anodized copper pipe consignment slipped again. That is the second slip this quarter. Honestly I am not sure we can keep working with you.
1100,46385,1998-05-17,portal,damaged,0,Opened the delivery of anodized copper pipe this morning and a good third of them are cracked.
1101,133937,1998-05-07,account manager note,praise,0,"Urgent: Thanks for the quick turnaround on the standard steel flanges (250 units), it saved our production week."
1102,128066,1998-07-22,portal,damaged,0,Urgent: Several of the burnished tin sheets were snapped in two when we unpacked them. Escalating to my manager if not resolved.
1103,44878,1997-08-11,email,late_delivery,0,"To whom it may concern: Third week waiting on the promo tin cans on PO 13836. The tracking page has said 'in transit' since the 4 August. Regards, procurement."
1104,64100,1997-12-01,chat,quality,0,Good morning. Our QA rejected the medium plated fasteners on PO 93932. Finish is uneven and some pieces fail the stress test. Reference attached.
1105,53546,1998-07-08,phone transcript,praise,0,"Hi Tom, thanks for the quick turnaround on the burnished tin sheets (250 units), it saved our production week. Escalating to my manager if not resolved."
1106,95479,1997-01-21,portal,late_delivery,0,Following up: Third week waiting on the promo tin cans (250 units). The tracking page has said 'in transit' since the 4 January. Escalating to my manager if not resolved.
1107,30316,1997-06-15,chat,wrong_item,0,Following up: We ordered brass fittings (200 units) and received something completely different. Reference attached.
1108,135955,1997-06-02,chat,late_delivery,1,"Hi Priya, the brass fittings consignment slipped again. That is the second slip this quarter. If this happens again we will move our business to another supplier. Need an answer by end of day."
1109,10601,1998-03-25,portal,wrong_item,0,Urgent: The box is labelled brushed aluminium panels but inside are parts in the wrong size. Thanks.
1110,149558,1997-11-06,email,late_delivery,0,"To whom it may concern: Can someone tell me where order for burnished tin sheets (PO 85060, 75 units) is? It was meant to be here days ago. Please call me back today."
1111,128086,1997-06-02,email,late_delivery,1,"To whom it may concern: Our shipment of medium plated fasteners on PO 86923 was promised for the 21 May and still has not turned up. We are reviewing whether to renew the contract at the end of the quarter. Regards, procurement."
1112,145025,1998-04-27,email,billing,0,"Our finance team cannot reconcile your invoice, the quantities of polished steel brackets are off. Please call me back today."
1113,133081,1998-04-17,email,praise,0,"Just wanted to say the economy brass valves (PO 17012, 120 units) arrived early and in perfect condition. Great job."
1114,95479,1997-02-02,portal,late_delivery,0,"Urgent: Third week waiting on the standard steel flanges. The tracking page has said 'in transit' since the 24 January. Regards, procurement."
1115,107768,1997-12-12,email,wrong_item,1,"Hi team, this is not what we asked for. The burnished tin sheets on PO 96551 on the invoice do not match what is on the pallet. We are reviewing whether to renew the contract at the end of the quarter. Please call me back today."
1116,84976,1998-02-09,phone transcript,praise,0,"Your account team sorted our medium plated fasteners on PO 54191 issue in a single call, really appreciated. Thanks."
1117,59996,1997-12-25,account manager note,account,0,Could you send us a copy of last year's statements for our auditors? Escalating to my manager if not resolved.
1118,57788,1997-10-10,phone transcript,late_delivery,0,"To whom it may concern: Can someone tell me where order for burnished tin sheets (PO 82049, 500 units) is? It was meant to be here days ago. Please call me back today."
1119,76940,1997-06-09,chat,account,0,"Hi Tom, could you send us a copy of last year's statements for our auditors? Escalating to my manager if not resolved."
1120,41576,1998-03-30,email,billing,1,The price on the invoice for small polished rods is higher than the price we agreed in the contract. We are reviewing whether to renew the contract at the end of the quarter.
1121,80809,1997-10-20,chat,late_delivery,0,Can someone tell me where order for brass fittings is? It was meant to be here days ago. Escalating to my manager if not resolved.
1122,15434,1998-03-30,account manager note,late_delivery,0,"Hi support, third week waiting on the promo tin cans (500 units). The tracking page has said 'in transit' since the 19 March."
1123,26314,1997-04-24,account manager note,wrong_item,1,Urgent: We ordered brass fittings on PO 25533 and received something completely different. Honestly I am not sure we can keep working with you. Thanks.
1124,7991,1997-04-03,email,damaged,0,Received the standard steel flanges but the packaging was soaked through and the metal has started to rust. Reference attached.
1125,94666,1997-03-04,chat,account,0,"We have moved office, please update the delivery address on our account. Escalating to my manager if not resolved."
1126,138445,1998-05-19,phone transcript,account,0,"I cannot log into the ordering portal, the password reset email never arrives. Please call me back today."
1127,41048,1998-03-16,account manager note,wrong_item,0,"Hello, your warehouse picked the wrong SKU again, these are not promo tin cans (1200 units). Regards, procurement."
1128,140569,1998-03-24,phone transcript,account,0,To whom it may concern: Please add my colleague as a second contact on our account. Escalating to my manager if not resolved.
1129,32591,1998-03-12,phone transcript,damaged,0,Half the polished steel brackets (500 units) came out of the crate bent and scratched. Escalating to my manager if not resolved.
1130,45121,1997-09-26,email,late_delivery,0,Good morning. We planned a production run around the promo tin cans arriving on the 16 September. Nothing has arrived and the line is idle.
1131,52079,1998-05-29,account manager note,late_delivery,0,"Following up: Still no sign of the brass fittings on PO 94749. Our warehouse team has been standing by since the 10 May. Regards, procurement."
1132,149689,1997-05-04,phone transcript,billing,1,"Hi Mei, we were invoiced twice for the same batch of economy brass valves (PO 23376, 250 units). We are reviewing whether to renew the contract at the end of the quarter."
1133,17563,1997-06-28,phone transcript,late_delivery,0,"Urgent: The brushed aluminium panels (PO 37647, 120 units) consignment slipped again. That is the second slip this quarter. Escalating to my manager if not resolved."
1134,69521,1998-03-18,email,late_delivery,0,Following up: The medium plated fasteners consignment slipped again. That is the second slip this quarter. Please call me back today.
1135,21890,1997-01-29,account manager note,praise,0,"Consistently good quality on the medium plated fasteners (75 units), our QA has not flagged anything in months. Escalating to my manager if not resolved."
1136,36239,1998-07-05,portal,account,0,"Urgent: I cannot log into the ordering portal, the password reset email never arrives. Need an answer by end of day."
1137,68027,1998-04-08,chat,quality,0,Following up: Two of our customers returned products built with your brushed aluminium panels on PO 84853 because of early failure.
1138,41375,1998-05-01,chat,late_delivery,1,"Hello, the brushed aluminium panels (PO 33570, 75 units) consignment slipped again. That is the second slip this quarter. Our procurement team has asked me to find an alternative vendor."
1139,13114,1997-10-04,phone transcript,praise,0,"Urgent: Thanks for the quick turnaround on the anodized copper pipe on PO 83359, it saved our production week. Escalating to my manager if not resolved."
1140,107768,1997-12-30,chat,late_delivery,1,"Hi Tom, we planned a production run around the burnished tin sheets arriving on the 14 December. Nothing has arrived and the line is idle. This is the last chance, after this we are going elsewhere. Regards, procurement."
1141,74198,1997-12-08,chat,billing,0,"Following up: The price on the invoice for small polished rods (PO 24025, 500 units) is higher than the price we agreed in the contract. Thanks."
1142,15371,1998-07-14,email,damaged,1,Good morning. Received the burnished tin sheets (800 units) but the packaging was soaked through and the metal has started to rust. Our procurement team has asked me to find an alternative vendor.
1143,78643,1997-06-13,chat,damaged,1,"Hi Rahul, received the brushed aluminium panels on PO 92616 but the packaging was soaked through and the metal has started to rust. This is the last chance, after this we are going elsewhere. Regards, procurement."
1144,17866,1997-08-22,account manager note,quality,0,Good morning. Two of our customers returned products built with your promo tin cans because of early failure. Escalating to my manager if not resolved.
1145,60988,1997-03-06,portal,late_delivery,0,"We planned a production run around the polished steel brackets (75 units) arriving on the 26 February. Nothing has arrived and the line is idle. Regards, procurement."
1146,5750,1998-02-22,portal,wrong_item,0,This is not what we asked for. The brass fittings (120 units) on the invoice do not match what is on the pallet. Thanks.
1147,71723,1997-10-13,email,damaged,0,"Opened the delivery of plated nickel bolts (PO 44364, 120 units) this morning and a good third of them are cracked. Regards, procurement."
1148,748,1998-03-03,account manager note,praise,0,"Consistently good quality on the economy brass valves, our QA has not flagged anything in months."
1149,85577,1998-07-19,chat,wrong_item,0,Following up: Got 200 units of the wrong finish instead of the anodized copper pipe we specified.
1150,132835,1998-02-08,account manager note,late_delivery,0,"Hi Anna, your carrier keeps rescheduling. We were told the 24 January, then Friday, now 'next week' for the medium plated fasteners (PO 81554, 250 units). Escalating to my manager if not resolved."
1151,144620,1997-04-03,phone transcript,billing,0,We were invoiced twice for the same batch of brushed aluminium panels (250 units). Please call me back today.
1152,92051,1998-01-26,chat,late_delivery,0,Our shipment of small polished rods was promised for the 10 January and still has not turned up.
1153,78941,1997-08-01,portal,praise,0,"Hi team, consistently good quality on the economy brass valves (200 units), our QA has not flagged anything in months."
1154,13108,1997-09-14,phone transcript,damaged,0,"Hi Rahul, several of the anodized copper pipe were snapped in two when we unpacked them. Thanks."
1155,80878,1997-09-26,phone transcript,praise,0,"Hi Marco, thanks for the quick turnaround on the anodized copper pipe, it saved our production week."
1156,48320,1997-07-16,account manager note,account,0,"Hi team, could you send us a copy of last year's statements for our auditors? Thanks."
1157,98020,1997-10-24,email,damaged,1,To whom it may concern: Pallet of brass fittings arrived with the wrapping torn open and several pieces dented. Honestly I am not sure we can keep working with you. Thanks.
1158,27173,1997-10-29,email,late_delivery,0,"Following up: Can someone tell me where order for anodized copper pipe (PO 72700, 800 units) is? It was meant to be here days ago."
1159,65056,1997-04-13,account manager note,late_delivery,0,Urgent: Our shipment of polished steel brackets (250 units) was promised for the 10 April and still has not turned up.
1160,107099,1998-05-22,phone transcript,wrong_item,0,"Hi team, got 200 units of the wrong finish instead of the large copper coils we specified. Need an answer by end of day."
1161,112744,1998-03-12,phone transcript,praise,0,"Consistently good quality on the polished steel brackets, our QA has not flagged anything in months. Escalating to my manager if not resolved."
1162,32351,1998-01-31,chat,quality,0,To whom it may concern: Compared with last year the large copper coils feel cheaper and wear out much faster. Please call me back today.
1163,87440,1997-08-27,phone transcript,quality,1,"Good morning. The latest batch of large copper coils (250 units) does not meet the tolerance in our spec, the threads are off. Honestly I am not sure we can keep working with you. Reference attached."
1164,118162,1997-07-21,account manager note,quality,0,"Hi team, compared with last year the polished steel brackets feel cheaper and wear out much faster. Escalating to my manager if not resolved."
1165,19078,1998-02-12,account manager note,account,0,"Hi team, please add my colleague as a second contact on our account. Thanks."
1166,104594,1997-01-13,phone transcript,damaged,0,"Hi Anna, half the medium plated fasteners on PO 18817 came out of the crate bent and scratched. Regards, procurement."
1167,103898,1998-05-31,account manager note,quality,0,"Hello, the latest batch of anodized copper pipe (200 units) does not meet the tolerance in our spec, the threads are off."
1168,138659,1997-10-21,email,wrong_item,0,"Hi team, this is not what we asked for. The large copper coils on the invoice do not match what is on the pallet. Reference attached."
1169,36604,1997-08-04,portal,praise,0,"Hello, just wanted to say the large copper coils (75 units) arrived early and in perfect condition. Great job. Reference attached."
1170,34825,1998-05-30,account manager note,billing,0,"Hi support, we still have not received the credit note you promised for the large copper coils (800 units). Reference attached."
1171,45883,1998-04-06,phone transcript,late_delivery,0,"Hello, still no sign of the medium plated fasteners. Our warehouse team has been standing by since the 1 April. Thanks."
1172,145025,1997-07-28,chat,late_delivery,1,Urgent: Third week waiting on the large copper coils. The tracking page has said 'in transit' since the 22 July. If this happens again we will move our business to another supplier. Escalating to my manager if not resolved.
1173,69046,1997-06-26,email,late_delivery,1,Urgent: Third week waiting on the large copper coils on PO 85769. The tracking page has said 'in transit' since the 19 June. If this happens again we will move our business to another supplier.
1174,31904,1998-06-19,email,late_delivery,0,"Our shipment of economy brass valves (PO 59729, 800 units) was promised for the 31 May and still has not turned up. Escalating to my manager if not resolved."
1175,126508,1997-10-30,phone transcript,billing,0,Good morning. The price on the invoice for burnished tin sheets (800 units) is higher than the price we agreed in the contract. Reference attached.
1176,29326,1998-07-18,email,wrong_item,0,"Good morning. Your warehouse picked the wrong SKU again, these are not medium plated fasteners."
1177,110647,1998-02-18,phone transcript,wrong_item,0,To whom it may concern: Got 200 units of the wrong finish instead of the anodized copper pipe we specified.
1178,141992,1997-01-14,phone transcript,late_delivery,0,"Your carrier keeps rescheduling. We were told the 4 January, then Friday, now 'next week' for the medium plated fasteners (PO 49202, 500 units)."
1179,53033,1997-10-03,phone transcript,late_delivery,0,"Still no sign of the promo tin cans (PO 78523, 40 units). Our warehouse team has been standing by since the 13 September. Thanks."
1180,19045,1998-01-22,phone transcript,billing,1,"Hi account team, we were invoiced twice for the same batch of large copper coils on PO 30880. Our procurement team has asked me to find an alternative vendor."
1181,119159,1998-03-16,chat,late_delivery,1,Following up: Our shipment of anodized copper pipe (1200 units) was promised for the 6 March and still has not turned up. If this happens again we will move our business to another supplier. Please call me back today.
1182,87980,1997-07-11,chat,billing,0,Urgent: We still have not received the credit note you promised for the economy brass valves.
1183,25316,1997-05-01,chat,damaged,0,"Opened the delivery of standard steel flanges (PO 48114, 1200 units) this morning and a good third of them are cracked. Please call me back today."
1184,19517,1998-07-19,account manager note,quality,1,"Hi support, two of our customers returned products built with your anodized copper pipe (75 units) because of early failure. Frankly we are already talking to your competitors. Escalating to my manager if not resolved."
1185,132592,1997-09-28,portal,late_delivery,0,"Your carrier keeps rescheduling. We were told the 16 September, then Friday, now 'next week' for the small polished rods (250 units)."
1186,13852,1997-05-25,account manager note,late_delivery,1,Our shipment of anodized copper pipe (1200 units) was promised for the 10 May and still has not turned up. Honestly I am not sure we can keep working with you. Reference attached.
1187,47912,1997-05-20,portal,late_delivery,1,"Hi team, your carrier keeps rescheduling. We were told the 9 May, then Friday, now 'next week' for the plated nickel bolts (PO 75942, 120 units). If this happens again we will move our business to another supplier. Escalating to my manager if not resolved."
1188,147446,1998-04-09,email,quality,0,Compared with last year the burnished tin sheets feel cheaper and wear out much faster.
1189,59615,1998-01-16,account manager note,late_delivery,0,We planned a production run around the brass fittings on PO 70794 arriving on the 8 January. Nothing has arrived and the line is idle.
1190,22708,1997-05-20,chat,late_delivery,0,The burnished tin sheets consignment slipped again. That is the second slip this quarter.
1191,30296,1997-11-16,account manager note,billing,0,"Hi team, our finance team cannot reconcile your invoice, the quantities of large copper coils (250 units) are off. Thanks."
1192,106540,1997-04-01,email,praise,0,"Hello, just wanted to say the promo tin cans on PO 72145 arrived early and in perfect condition. Great job."
1193,137369,1998-07-29,portal,late_delivery,1,"Hi team, can someone tell me where order for medium plated fasteners on PO 39069 is? It was meant to be here days ago. Honestly I am not sure we can keep working with you. Reference attached."
1194,65896,1997-06-05,phone transcript,damaged,0,"Good morning. Half the economy brass valves on PO 63166 came out of the crate bent and scratched. Regards, procurement."
1195,13913,1998-05-31,account manager note,account,0,"To whom it may concern: We have moved office, please update the delivery address on our account. Please call me back today."
1196,136294,1997-10-11,portal,praise,0,"Following up: Consistently good quality on the small polished rods, our QA has not flagged anything in months. Thanks."
1197,26144,1997-01-10,email,quality,0,Two of our customers returned products built with your promo tin cans because of early failure.
1198,14152,1998-04-19,portal,account,0,Could you send us a copy of last year's statements for our auditors? Escalating to my manager if not resolved.
1199,47774,1997-01-25,account manager note,late_delivery,0,"To whom it may concern: Your carrier keeps rescheduling. We were told the 20 January, then Friday, now 'next week' for the economy brass valves on PO 40645."
1200,90971,1998-01-01,chat,account,0,Could you send us a copy of last year's statements for our auditors? Please call me back today.
1201,92764,1997-12-14,chat,late_delivery,0,"Following up: Still no sign of the brass fittings (PO 15744, 250 units). Our warehouse team has been standing by since the 27 November. Please call me back today."
1202,82292,1997-01-29,email,quality,0,"Hi Rahul, our QA rejected the burnished tin sheets. Finish is uneven and some pieces fail the stress test."
1203,45682,1997-12-23,chat,late_delivery,0,Our shipment of anodized copper pipe was promised for the 18 December and still has not turned up.
1204,3421,1997-09-07,email,damaged,1,Opened the delivery of brushed aluminium panels on PO 29203 this morning and a good third of them are cracked. Our procurement team has asked me to find an alternative vendor. Escalating to my manager if not resolved.
1205,131323,1998-03-15,phone transcript,damaged,1,"Hi account team, opened the delivery of large copper coils this morning and a good third of them are cracked. Honestly I am not sure we can keep working with you. Regards, procurement."
1206,41203,1997-05-09,phone transcript,quality,1,Good morning. Compared with last year the small polished rods feel cheaper and wear out much faster. Our procurement team has asked me to find an alternative vendor. Escalating to my manager if not resolved.
1207,60044,1997-08-12,account manager note,damaged,0,Following up: Opened the delivery of anodized copper pipe (40 units) this morning and a good third of them are cracked. Thanks.
1208,110786,1997-07-08,chat,billing,0,"Hi team, the price on the invoice for promo tin cans is higher than the price we agreed in the contract."
1209,53546,1998-03-08,account manager note,late_delivery,1,The medium plated fasteners consignment slipped again. That is the second slip this quarter. Frankly we are already talking to your competitors.
1210,148267,1997-05-20,portal,late_delivery,0,To whom it may concern: We planned a production run around the promo tin cans arriving on the 30 April. Nothing has arrived and the line is idle. Escalating to my manager if not resolved.
1211,136489,1998-03-10,portal,late_delivery,0,"Hello, can someone tell me where order for plated nickel bolts is? It was meant to be here days ago. Please call me back today."
1212,144371,1998-04-19,email,late_delivery,0,"Following up: Our shipment of standard steel flanges was promised for the 5 April and still has not turned up. Regards, procurement."
1213,95956,1998-03-18,chat,late_delivery,0,"Hi team, we planned a production run around the small polished rods arriving on the 27 February. Nothing has arrived and the line is idle. Escalating to my manager if not resolved."
1214,121570,1997-04-19,account manager note,late_delivery,0,Urgent: We planned a production run around the polished steel brackets on PO 37713 arriving on the 30 March. Nothing has arrived and the line is idle. Reference attached.
1215,17963,1997-04-07,chat,late_delivery,0,"To whom it may concern: Can someone tell me where order for economy brass valves on PO 16598 is? It was meant to be here days ago. Regards, procurement."
1216,144620,1998-06-05,portal,account,0,Good morning. Could you send us a copy of last year's statements for our auditors? Please call me back today.
1217,106709,1997-07-01,portal,late_delivery,1,"Hi team, third week waiting on the large copper coils. The tracking page has said 'in transit' since the 24 June. If this happens again we will move our business to another supplier. Need an answer by end of day."
1218,127400,1998-06-22,email,quality,0,"To whom it may concern: The latest batch of small polished rods does not meet the tolerance in our spec, the threads are off."
1219,141290,1997-06-02,chat,damaged,1,"Following up: Pallet of burnished tin sheets arrived with the wrapping torn open and several pieces dented. Honestly I am not sure we can keep working with you. Regards, procurement."
1220,115336,1997-12-10,account manager note,late_delivery,0,"Hello, your carrier keeps rescheduling. We were told the 6 December, then Friday, now 'next week' for the brass fittings (PO 61887, 250 units). Regards, procurement."
1221,99122,1998-02-12,chat,wrong_item,0,The box is labelled promo tin cans but inside are parts in the wrong size.
1222,102730,1997-06-12,portal,late_delivery,0,Third week waiting on the promo tin cans on PO 25641. The tracking page has said 'in transit' since the 23 May.
1223,103090,1997-03-25,account manager note,late_delivery,0,We planned a production run around the burnished tin sheets arriving on the 10 March. Nothing has arrived and the line is idle. Reference attached.
1224,66778,1997-02-11,phone transcript,account,0,Could you send us a copy of last year's statements for our auditors? Need an answer by end of day.
1225,98810,1998-03-28,portal,billing,0,"Good morning. The price on the invoice for economy brass valves (PO 99765, 200 units) is higher than the price we agreed in the contract. Need an answer by end of day."
1226,90053,1997-05-13,chat,wrong_item,0,"This is not what we asked for. The anodized copper pipe (PO 66864, 120 units) on the invoice do not match what is on the pallet. Thanks."
1227,58904,1997-09-30,phone transcript,quality,0,Urgent: Two of our customers returned products built with your medium plated fasteners because of early failure. Thanks.
1228,48932,1997-03-28,phone transcript,account,0,"Hello, could you send us a copy of last year's statements for our auditors? Need an answer by end of day."
1229,98006,1998-01-09,phone transcript,billing,1,Good morning. We were invoiced twice for the same batch of large copper coils. Honestly I am not sure we can keep working with you. Reference attached.
1230,94501,1998-04-24,portal,damaged,0,"To whom it may concern: Opened the delivery of small polished rods (PO 75454, 250 units) this morning and a good third of them are cracked. Reference attached."
1231,99346,1998-04-29,phone transcript,wrong_item,1,"Urgent: We ordered plated nickel bolts (PO 87941, 800 units) and received something completely different. We are reviewing whether to renew the contract at the end of the quarter. Please call me back today."
1232,97312,1998-07-03,chat,damaged,0,"Good morning. The small polished rods were crushed in transit, the box looked like it had been dropped from a height. Please call me back today."
1233,109898,1997-11-06,email,damaged,1,"The standard steel flanges were crushed in transit, the box looked like it had been dropped from a height. Honestly I am not sure we can keep working with you."
1234,120436,1997-10-20,account manager note,account,0,"Hi team, I cannot log into the ordering portal, the password reset email never arrives. Need an answer by end of day."
1235,31523,1997-08-14,email,billing,0,"We still have not received the credit note you promised for the medium plated fasteners (PO 23664, 200 units). Reference attached."
1236,132511,1998-07-17,account manager note,damaged,0,"Hi team, the standard steel flanges were crushed in transit, the box looked like it had been dropped from a height. Please call me back today."
1237,38690,1998-05-26,portal,late_delivery,0,"Hi team, your carrier keeps rescheduling. We were told the 7 May, then Friday, now 'next week' for the brass fittings. Reference attached."
1238,20657,1998-04-19,email,account,0,To whom it may concern: Please add my colleague as a second contact on our account.
1239,17227,1998-01-01,phone transcript,account,1,"To whom it may concern: I cannot log into the ordering portal, the password reset email never arrives. Frankly we are already talking to your competitors. Escalating to my manager if not resolved."
1240,138697,1998-04-20,email,late_delivery,0,"Third week waiting on the medium plated fasteners. The tracking page has said 'in transit' since the 14 April. Regards, procurement."
1241,57788,1997-06-18,chat,wrong_item,0,"Hi Marco, this is not what we asked for. The brass fittings on the invoice do not match what is on the pallet. Thanks."
1242,141395,1998-05-12,chat,billing,1,To whom it may concern: The price on the invoice for burnished tin sheets (120 units) is higher than the price we agreed in the contract. Honestly I am not sure we can keep working with you. Escalating to my manager if not resolved.
1243,9112,1997-06-28,account manager note,billing,1,"Hello, the price on the invoice for brass fittings (500 units) is higher than the price we agreed in the contract. Our procurement team has asked me to find an alternative vendor."
1244,3712,1997-02-20,account manager note,damaged,0,"Hi team, received the large copper coils (PO 77036, 40 units) but the packaging was soaked through and the metal has started to rust."
1245,113965,1998-02-10,phone transcript,late_delivery,0,"Urgent: Your carrier keeps rescheduling. We were told the 5 February, then Friday, now 'next week' for the polished steel brackets (200 units). Escalating to my manager if not resolved."
1246,140764,1997-09-22,chat,billing,1,"Following up: The price on the invoice for economy brass valves (PO 52508, 200 units) is higher than the price we agreed in the contract. Frankly we are already talking to your competitors. Please call me back today."
1247,52144,1997-04-19,chat,late_delivery,1,"To whom it may concern: Your carrier keeps rescheduling. We were told the 11 April, then Friday, now 'next week' for the promo tin cans (250 units). We are reviewing whether to renew the contract at the end of the quarter. Thanks."
1248,104024,1997-12-12,account manager note,account,0,"Hello, please add my colleague as a second contact on our account."
1249,18806,1997-08-30,portal,damaged,0,"Urgent: Half the brass fittings (PO 40030, 500 units) came out of the crate bent and scratched."
1250,124819,1997-06-28,email,quality,0,"Hi Anna, two of our customers returned products built with your economy brass valves because of early failure. Reference attached."
1251,136294,1997-09-15,phone transcript,damaged,0,Half the promo tin cans came out of the crate bent and scratched. Need an answer by end of day.
1252,48461,1997-10-06,email,damaged,0,"Hi Anna, received the brass fittings on PO 85527 but the packaging was soaked through and the metal has started to rust. Escalating to my manager if not resolved."
1253,54922,1997-01-01,portal,wrong_item,0,"Hi support, we ordered anodized copper pipe and received something completely different. Escalating to my manager if not resolved."
1254,29243,1997-07-26,account manager note,damaged,0,"Hi account team, received the promo tin cans but the packaging was soaked through and the metal has started to rust. Escalating to my manager if not resolved."
1255,110194,1998-05-11,phone transcript,wrong_item,0,Following up: We ordered burnished tin sheets and received something completely different. Escalating to my manager if not resolved.
1256,46414,1997-08-01,chat,late_delivery,0,"Your carrier keeps rescheduling. We were told the 17 July, then Friday, now 'next week' for the medium plated fasteners on PO 36609. Regards, procurement."
1257,127478,1997-07-06,account manager note,billing,0,"Hi team, we still have not received the credit note you promised for the burnished tin sheets."
1258,81052,1997-10-17,chat,damaged,0,"Half the promo tin cans (PO 72906, 250 units) came out of the crate bent and scratched. Escalating to my manager if not resolved."
1259,91111,1998-03-22,account manager note,billing,0,"Following up: Please explain the extra surcharge on our last statement for the standard steel flanges (PO 85025, 250 units). Regards, procurement."
1260,109898,1997-02-04,phone transcript,quality,0,"Hi Anna, compared with last year the plated nickel bolts (40 units) feel cheaper and wear out much faster. Escalating to my manager if not resolved."
1261,122147,1997-07-10,email,billing,1,"To whom it may concern: We still have not received the credit note you promised for the standard steel flanges (PO 24406, 75 units). Frankly we are already talking to your competitors."
1262,137500,1997-12-25,chat,late_delivery,1,"Hi Anna, can someone tell me where order for polished steel brackets is? It was meant to be here days ago. If this happens again we will move our business to another supplier. Reference attached."
1263,76588,1997-12-10,portal,praise,0,"Hi Mei, your account team sorted our promo tin cans (PO 46922, 500 units) issue in a single call, really appreciated. Need an answer by end of day."
1264,18344,1997-09-21,phone transcript,damaged,0,"Hello, several of the polished steel brackets (75 units) were snapped in two when we unpacked them. Escalating to my manager if not resolved."
1265,57286,1997-09-28,chat,praise,0,"Hello, consistently good quality on the brass fittings on PO 29150, our QA has not flagged anything in months. Escalating to my manager if not resolved."
1266,851,1998-06-30,email,billing,0,"Hello, we were invoiced twice for the same batch of medium plated fasteners on PO 23075. Escalating to my manager if not resolved."
1267,34580,1997-02-14,portal,praise,0,"To whom it may concern: Consistently good quality on the standard steel flanges (250 units), our QA has not flagged anything in months. Escalating to my manager if not resolved."
1268,7180,1997-01-11,portal,late_delivery,1,"Hi Rahul, can someone tell me where order for brass fittings (250 units) is? It was meant to be here days ago. This is the last chance, after this we are going elsewhere. Regards, procurement."
1269,132940,1997-12-31,phone transcript,praise,0,"Following up: Thanks for the quick turnaround on the polished steel brackets, it saved our production week. Thanks."
1270,24449,1998-04-28,account manager note,billing,0,"Hello, please explain the extra surcharge on our last statement for the brass fittings on PO 20339. Regards, procurement."
1271,35582,1997-03-28,email,damaged,0,"Hello, pallet of polished steel brackets arrived with the wrapping torn open and several pieces dented. Please call me back today."
1272,108970,1997-07-19,chat,praise,0,"Good morning. Your account team sorted our plated nickel bolts (PO 34000, 250 units) issue in a single call, really appreciated. Regards, procurement."
1273,54922,1998-02-10,account manager note,quality,0,To whom it may concern: Compared with last year the large copper coils feel cheaper and wear out much faster.
1274,42827,1997-10-20,portal,wrong_item,1,"The box is labelled polished steel brackets (PO 34683, 250 units) but inside are parts in the wrong size. Frankly we are already talking to your competitors. Reference attached."
1275,61283,1997-10-15,email,praise,0,"Following up: Your account team sorted our economy brass valves (PO 33746, 500 units) issue in a single call, really appreciated. Please call me back today."
1276,17753,1997-05-18,email,late_delivery,1,"Hello, third week waiting on the brushed aluminium panels (PO 38249, 75 units). The tracking page has said 'in transit' since the 15 May. We are reviewing whether to renew the contract at the end of the quarter. Thanks."
1277,140569,1998-03-15,portal,quality,0,"Hi support, two of our customers returned products built with your standard steel flanges (40 units) because of early failure. Reference attached."
1278,33307,1998-01-15,chat,damaged,1,"Hello, opened the delivery of burnished tin sheets this morning and a good third of them are cracked. Frankly we are already talking to your competitors. Need an answer by end of day."
1279,34723,1997-03-11,phone transcript,damaged,0,"Hi team, several of the promo tin cans were snapped in two when we unpacked them. Reference attached."
1280,13120,1998-07-14,account manager note,billing,1,"Following up: Please explain the extra surcharge on our last statement for the standard steel flanges. This is the last chance, after this we are going elsewhere. Please call me back today."
1281,144265,1998-07-09,chat,damaged,0,"Following up: The burnished tin sheets on PO 30196 were crushed in transit, the box looked like it had been dropped from a height."
1282,26144,1997-12-18,portal,late_delivery,1,"Urgent: Third week waiting on the economy brass valves (PO 43386, 250 units). The tracking page has said 'in transit' since the 30 November. Frankly we are already talking to your competitors. Escalating to my manager if not resolved."
1283,19382,1997-02-18,account manager note,late_delivery,0,"Your carrier keeps rescheduling. We were told the 4 February, then Friday, now 'next week' for the polished steel brackets on PO 77307. Thanks."
1284,129497,1998-05-12,email,praise,0,"Hi team, just wanted to say the plated nickel bolts arrived early and in perfect condition. Great job. Please call me back today."
1285,17963,1997-05-26,portal,late_delivery,1,"Hello, third week waiting on the standard steel flanges (PO 42738, 250 units). The tracking page has said 'in transit' since the 18 May. We are reviewing whether to renew the contract at the end of the quarter. Please call me back today."
1286,77183,1997-11-25,phone transcript,damaged,0,"Hello, several of the medium plated fasteners (800 units) were snapped in two when we unpacked them. Regards, procurement."
1287,98966,1997-01-19,chat,wrong_item,1,To whom it may concern: This is not what we asked for. The plated nickel bolts on PO 76659 on the invoice do not match what is on the pallet. Frankly we are already talking to your competitors.
1288,144265,1997-03-15,account manager note,quality,0,"Following up: Compared with last year the promo tin cans (200 units) feel cheaper and wear out much faster. Regards, procurement."
1289,21946,1997-07-09,portal,late_delivery,1,"Hi team, we planned a production run around the standard steel flanges (PO 51799, 1200 units) arriving on the 2 July. Nothing has arrived and the line is idle. If this happens again we will move our business to another supplier. Thanks."
1290,16654,1997-05-18,chat,praise,0,Good morning. Just wanted to say the brass fittings (120 units) arrived early and in perfect condition. Great job. Thanks.
1291,17816,1998-02-16,email,damaged,0,"Hi team, pallet of burnished tin sheets (PO 70722, 200 units) arrived with the wrapping torn open and several pieces dented. Please call me back today."
1292,10604,1997-09-23,email,damaged,1,"Urgent: Half the promo tin cans on PO 94712 came out of the crate bent and scratched. If this happens again we will move our business to another supplier. Regards, procurement."
1293,77614,1998-07-02,chat,damaged,0,Pallet of burnished tin sheets arrived with the wrapping torn open and several pieces dented. Please call me back today.
1294,27259,1997-04-26,chat,billing,0,Urgent: We still have not received the credit note you promised for the small polished rods (120 units). Need an answer by end of day.
1295,148171,1997-12-01,portal,late_delivery,0,Good morning. Still no sign of the plated nickel bolts on PO 61047. Our warehouse team has been standing by since the 24 November.
1296,33896,1998-05-30,portal,billing,0,"To whom it may concern: Our finance team cannot reconcile your invoice, the quantities of standard steel flanges (PO 42053, 1200 units) are off. Thanks."
1297,69947,1997-07-04,chat,damaged,1,"Hi team, half the polished steel brackets on PO 67162 came out of the crate bent and scratched. We are reviewing whether to renew the contract at the end of the quarter."
1298,138110,1997-08-11,email,late_delivery,1,Can someone tell me where order for polished steel brackets (1200 units) is? It was meant to be here days ago. Our procurement team has asked me to find an alternative vendor. Need an answer by end of day.
1299,44065,1998-06-11,email,billing,0,The price on the invoice for small polished rods is higher than the price we agreed in the contract.
1300,47045,1997-12-23,phone transcript,late_delivery,1,Urgent: Third week waiting on the burnished tin sheets. The tracking page has said 'in transit' since the 17 December. Honestly I am not sure we can keep working with you.
1301,34309,1998-06-27,chat,late_delivery,0,Urgent: Can someone tell me where order for burnished tin sheets on PO 56567 is? It was meant to be here days ago.
1302,21838,1997-06-17,chat,quality,1,"Hi team, two of our customers returned products built with your standard steel flanges (PO 39771, 200 units) because of early failure. Our procurement team has asked me to find an alternative vendor. Thanks."
1303,49774,1997-04-27,portal,damaged,0,"Hi account team, half the medium plated fasteners on PO 33204 came out of the crate bent and scratched. Need an answer by end of day."
1304,106447,1997-06-10,account manager note,billing,0,Urgent: Please explain the extra surcharge on our last statement for the burnished tin sheets.
1305,75862,1997-04-08,chat,wrong_item,0,To whom it may concern: We ordered medium plated fasteners and received something completely different. Need an answer by end of day.
1306,78358,1998-04-01,phone transcript,late_delivery,0,"The economy brass valves consignment slipped again. That is the second slip this quarter. Regards, procurement."
1307,92774,1997-07-02,chat,billing,0,"Hi Marco, our finance team cannot reconcile your invoice, the quantities of small polished rods are off. Please call me back today."
1308,2368,1997-05-22,account manager note,praise,0,"Urgent: Consistently good quality on the brushed aluminium panels (PO 50376, 200 units), our QA has not flagged anything in months. Need an answer by end of day."
1309,30259,1997-05-20,chat,quality,0,Good morning. Our QA rejected the promo tin cans on PO 68333. Finish is uneven and some pieces fail the stress test. Need an answer by end of day.
1310,19732,1998-05-12,chat,billing,0,"Following up: Our finance team cannot reconcile your invoice, the quantities of brass fittings on PO 82515 are off. Need an answer by end of day."
1311,78728,1998-06-01,chat,late_delivery,0,"Hello, still no sign of the plated nickel bolts. Our warehouse team has been standing by since the 15 May. Reference attached."
1312,85634,1997-04-20,portal,praise,0,Good morning. Just wanted to say the economy brass valves (40 units) arrived early and in perfect condition. Great job. Thanks.
1313,140566,1997-02-02,portal,late_delivery,0,"Can someone tell me where order for anodized copper pipe (PO 70120, 120 units) is? It was meant to be here days ago."
1314,68659,1997-09-16,email,damaged,0,Several of the brushed aluminium panels on PO 39024 were snapped in two when we unpacked them. Need an answer by end of day.
1315,105722,1998-03-02,email,billing,1,To whom it may concern: We were invoiced twice for the same batch of burnished tin sheets. Honestly I am not sure we can keep working with you. Reference attached.
1316,113245,1997-12-31,account manager note,billing,1,"Hi Rahul, we were invoiced twice for the same batch of medium plated fasteners. This is the last chance, after this we are going elsewhere. Regards, procurement."
1317,32212,1998-05-30,email,billing,1,"Following up: Our finance team cannot reconcile your invoice, the quantities of standard steel flanges are off. Honestly I am not sure we can keep working with you. Regards, procurement."
1318,105086,1997-10-30,phone transcript,late_delivery,0,Can someone tell me where order for plated nickel bolts (120 units) is? It was meant to be here days ago. Thanks.
1319,111535,1997-02-09,portal,late_delivery,0,To whom it may concern: The economy brass valves consignment slipped again. That is the second slip this quarter. Please call me back today.
1320,73019,1997-07-05,account manager note,late_delivery,0,"Hello, your carrier keeps rescheduling. We were told the 23 June, then Friday, now 'next week' for the polished steel brackets on PO 53487."
1321,81931,1997-11-07,email,account,0,"Hello, could you send us a copy of last year's statements for our auditors? Regards, procurement."
1322,40066,1997-03-25,email,wrong_item,1,"Hello, the box is labelled anodized copper pipe (500 units) but inside are parts in the wrong size. Frankly we are already talking to your competitors. Thanks."
1323,143020,1997-03-11,portal,account,0,"Hi team, we have moved office, please update the delivery address on our account. Need an answer by end of day."
1324,131690,1998-07-24,phone transcript,billing,1,"Hi team, the price on the invoice for brushed aluminium panels (500 units) is higher than the price we agreed in the contract. We are reviewing whether to renew the contract at the end of the quarter."
1325,80546,1997-03-28,phone transcript,wrong_item,0,This is not what we asked for. The standard steel flanges on the invoice do not match what is on the pallet. Need an answer by end of day.
1326,149705,1998-01-10,account manager note,wrong_item,1,"Good morning. Your warehouse picked the wrong SKU again, these are not medium plated fasteners. Our procurement team has asked me to find an alternative vendor."
1327,110438,1997-10-24,email,late_delivery,1,"Hello, the promo tin cans consignment slipped again. That is the second slip this quarter. Frankly we are already talking to your competitors."
1328,145967,1997-03-12,email,praise,0,"Urgent: Thanks for the quick turnaround on the small polished rods, it saved our production week. Please call me back today."
1329,32042,1997-06-28,account manager note,damaged,1,Received the standard steel flanges on PO 35729 but the packaging was soaked through and the metal has started to rust. Honestly I am not sure we can keep working with you.
1330,125401,1998-02-23,portal,quality,0,"Following up: The latest batch of brushed aluminium panels does not meet the tolerance in our spec, the threads are off."
1331,55025,1998-01-26,account manager note,damaged,0,"Hi support, received the standard steel flanges but the packaging was soaked through and the metal has started to rust."
1332,4447,1997-09-21,chat,late_delivery,1,"Your carrier keeps rescheduling. We were told the 17 September, then Friday, now 'next week' for the economy brass valves (PO 54755, 250 units). This is the last chance, after this we are going elsewhere. Reference attached."
1333,107929,1997-12-15,chat,account,0,"Hi Rahul, could you send us a copy of last year's statements for our auditors? Thanks."
1334,33140,1998-04-14,chat,damaged,0,Urgent: Opened the delivery of promo tin cans (1200 units) this morning and a good third of them are cracked. Reference attached.
1335,118451,1997-02-22,email,quality,0,"Following up: Our QA rejected the anodized copper pipe. Finish is uneven and some pieces fail the stress test. Regards, procurement."
1336,102556,1997-12-03,chat,wrong_item,0,To whom it may concern: This is not what we asked for. The promo tin cans on PO 44431 on the invoice do not match what is on the pallet. Please call me back today.
1337,128893,1997-07-06,chat,late_delivery,0,Urgent: Still no sign of the small polished rods. Our warehouse team has been standing by since the 20 June.
1338,146873,1997-12-11,account manager note,late_delivery,0,"Hi team, can someone tell me where order for promo tin cans is? It was meant to be here days ago. Reference attached."
1339,103753,1997-08-01,email,account,0,"To whom it may concern: We have moved office, please update the delivery address on our account. Reference attached."
1340,82615,1997-05-05,phone transcript,quality,1,"Our QA rejected the polished steel brackets on PO 86610. Finish is uneven and some pieces fail the stress test. This is the last chance, after this we are going elsewhere. Escalating to my manager if not resolved."
1341,20657,1998-03-13,portal,late_delivery,0,To whom it may concern: Still no sign of the brass fittings on PO 79614. Our warehouse team has been standing by since the 22 February.
1342,20675,1998-04-18,portal,damaged,0,"Urgent: Pallet of burnished tin sheets (PO 54990, 75 units) arrived with the wrapping torn open and several pieces dented. Please call me back today."
1343,87521,1998-06-06,chat,quality,0,"Hello, compared with last year the small polished rods on PO 84494 feel cheaper and wear out much faster."
1344,144842,1998-03-17,chat,damaged,0,"Hello, several of the polished steel brackets (250 units) were snapped in two when we unpacked them. Thanks."
1345,47635,1997-12-22,account manager note,late_delivery,0,"Hello, your carrier keeps rescheduling. We were told the 18 December, then Friday, now 'next week' for the polished steel brackets. Regards, procurement."
1346,118859,1997-06-12,account manager note,late_delivery,0,"Hi Mei, our shipment of large copper coils on PO 95217 was promised for the 30 May and still has not turned up. Need an answer by end of day."
1347,69626,1997-09-20,email,praise,0,"Consistently good quality on the polished steel brackets (PO 14582, 75 units), our QA has not flagged anything in months. Need an answer by end of day."
1348,104701,1997-05-08,chat,account,0,"Following up: I cannot log into the ordering portal, the password reset email never arrives. Thanks."
1349,109679,1997-09-27,account manager note,praise,0,"Consistently good quality on the medium plated fasteners (250 units), our QA has not flagged anything in months. Thanks."
1350,91909,1997-01-04,email,damaged,0,Urgent: Received the promo tin cans but the packaging was soaked through and the metal has started to rust. Need an answer by end of day.
1351,111364,1997-08-31,chat,praise,0,"Following up: Thanks for the quick turnaround on the brushed aluminium panels on PO 27797, it saved our production week."
1352,116179,1997-05-03,phone transcript,account,0,"Hello, please add my colleague as a second contact on our account."
1353,36580,1997-08-16,chat,account,0,"Good morning. We have moved office, please update the delivery address on our account."
1354,17779,1997-04-26,portal,late_delivery,0,"Hi team, can someone tell me where order for brushed aluminium panels is? It was meant to be here days ago. Please call me back today."
1355,120436,1997-08-27,account manager note,praise,0,"To whom it may concern: Thanks for the quick turnaround on the polished steel brackets on PO 95507, it saved our production week. Need an answer by end of day."
1356,81151,1997-10-06,email,quality,0,Good morning. Our QA rejected the polished steel brackets on PO 30913. Finish is uneven and some pieces fail the stress test.
1357,27895,1997-05-28,phone transcript,account,0,Urgent: Please add my colleague as a second contact on our account. Thanks.
1358,13532,1998-05-23,email,late_delivery,1,Still no sign of the plated nickel bolts. Our warehouse team has been standing by since the 14 May. If this happens again we will move our business to another supplier.
1359,44522,1998-01-27,email,late_delivery,1,"Hello, can someone tell me where order for large copper coils (PO 60001, 75 units) is? It was meant to be here days ago. Our procurement team has asked me to find an alternative vendor. Escalating to my manager if not resolved."
1360,142529,1997-06-05,chat,account,0,"Hi Mei, please add my colleague as a second contact on our account. Regards, procurement."
1361,24196,1997-12-14,portal,late_delivery,1,"Can someone tell me where order for standard steel flanges (PO 13935, 500 units) is? It was meant to be here days ago. This is the last chance, after this we are going elsewhere."
1362,123893,1997-04-02,email,billing,0,"Hi team, we were invoiced twice for the same batch of burnished tin sheets. Thanks."
1363,76940,1998-05-23,chat,billing,0,Good morning. Please explain the extra surcharge on our last statement for the anodized copper pipe. Escalating to my manager if not resolved.
1364,79046,1997-03-12,phone transcript,praise,0,"Good morning. Thanks for the quick turnaround on the standard steel flanges, it saved our production week. Please call me back today."
1365,4462,1997-05-15,chat,praise,0,"Hi Priya, your account team sorted our anodized copper pipe (120 units) issue in a single call, really appreciated. Need an answer by end of day."
1366,58891,1998-04-02,portal,damaged,0,Several of the standard steel flanges were snapped in two when we unpacked them. Reference attached.
1367,91949,1997-03-22,email,wrong_item,0,"This is not what we asked for. The medium plated fasteners (PO 83032, 250 units) on the invoice do not match what is on the pallet. Reference attached."
1368,74852,1997-05-15,chat,damaged,0,Urgent: Pallet of polished steel brackets arrived with the wrapping torn open and several pieces dented. Thanks.
1369,131125,1998-02-28,chat,praise,0,"Hi support, your account team sorted our plated nickel bolts (PO 77331, 800 units) issue in a single call, really appreciated."
1370,141152,1998-04-13,portal,damaged,0,Urgent: Received the plated nickel bolts but the packaging was soaked through and the metal has started to rust. Escalating to my manager if not resolved.
1371,73034,1997-11-04,chat,late_delivery,0,Urgent: Can someone tell me where order for brass fittings is? It was meant to be here days ago. Reference attached.
1372,38807,1998-03-24,email,damaged,0,"Hi team, pallet of plated nickel bolts (PO 76082, 40 units) arrived with the wrapping torn open and several pieces dented. Need an answer by end of day."
1373,60991,1997-06-20,chat,late_delivery,0,"To whom it may concern: Our shipment of burnished tin sheets (PO 11906, 120 units) was promised for the 11 June and still has not turned up."
1374,120286,1997-09-12,account manager note,wrong_item,0,"We ordered plated nickel bolts (PO 41361, 1200 units) and received something completely different."
1375,120542,1997-01-24,chat,praise,0,"Hi team, your account team sorted our promo tin cans issue in a single call, really appreciated. Escalating to my manager if not resolved."
1376,107929,1997-01-10,phone transcript,late_delivery,0,Can someone tell me where order for large copper coils (250 units) is? It was meant to be here days ago.
1377,82229,1997-09-13,phone transcript,quality,0,"Following up: The latest batch of economy brass valves does not meet the tolerance in our spec, the threads are off. Reference attached."
1378,108233,1997-12-04,account manager note,quality,1,Compared with last year the large copper coils feel cheaper and wear out much faster. Frankly we are already talking to your competitors. Reference attached.
1379,36263,1997-11-26,phone transcript,late_delivery,1,Good morning. Can someone tell me where order for economy brass valves on PO 47143 is? It was meant to be here days ago. If this happens again we will move our business to another supplier.
1380,39136,1997-01-17,account manager note,praise,0,"Hi team, your account team sorted our anodized copper pipe on PO 76452 issue in a single call, really appreciated. Need an answer by end of day."
1381,58267,1998-06-28,phone transcript,late_delivery,1,"Good morning. Third week waiting on the brushed aluminium panels on PO 75127. The tracking page has said 'in transit' since the 11 June. We are reviewing whether to renew the contract at the end of the quarter. Regards, procurement."
1382,46319,1997-01-18,phone transcript,account,0,Could you send us a copy of last year's statements for our auditors? Thanks.
1383,14099,1997-01-19,email,damaged,1,"Received the plated nickel bolts (PO 14155, 75 units) but the packaging was soaked through and the metal has started to rust. We are reviewing whether to renew the contract at the end of the quarter. Thanks."
1384,54922,1997-09-06,portal,late_delivery,1,"Your carrier keeps rescheduling. We were told the 29 August, then Friday, now 'next week' for the large copper coils. Frankly we are already talking to your competitors. Thanks."
1385,80075,1997-09-28,portal,late_delivery,1,"Hi Mei, still no sign of the large copper coils (40 units). Our warehouse team has been standing by since the 15 September. Honestly I am not sure we can keep working with you. Need an answer by end of day."
1386,53729,1998-03-27,phone transcript,praise,0,Just wanted to say the economy brass valves arrived early and in perfect condition. Great job. Reference attached.
1387,26623,1997-06-02,portal,wrong_item,0,"Hi Tom, got 200 units of the wrong finish instead of the plated nickel bolts we specified. Please call me back today."
1388,34085,1997-07-07,phone transcript,praise,0,"Hi Mei, thanks for the quick turnaround on the economy brass valves (PO 76766, 40 units), it saved our production week. Thanks."
1389,54446,1998-03-29,phone transcript,account,0,"Good morning. We have moved office, please update the delivery address on our account. Please call me back today."
1390,99197,1998-02-27,chat,late_delivery,1,"Following up: Third week waiting on the polished steel brackets on PO 75614. The tracking page has said 'in transit' since the 20 February. We are reviewing whether to renew the contract at the end of the quarter. Regards, procurement."
1391,78643,1997-04-24,phone transcript,late_delivery,1,"Hi Rahul, the anodized copper pipe consignment slipped again. That is the second slip this quarter. We are reviewing whether to renew the contract at the end of the quarter. Please call me back today."
1392,141374,1997-04-01,phone transcript,praise,0,"Urgent: Your account team sorted our polished steel brackets issue in a single call, really appreciated. Thanks."
1393,60991,1997-10-22,phone transcript,quality,1,Urgent: Two of our customers returned products built with your large copper coils on PO 18489 because of early failure. Our procurement team has asked me to find an alternative vendor. Thanks.
1394,41854,1997-04-14,email,praise,0,"To whom it may concern: Your account team sorted our brass fittings issue in a single call, really appreciated. Please call me back today."
1395,140569,1997-02-22,portal,quality,0,"Hello, our QA rejected the plated nickel bolts on PO 10549. Finish is uneven and some pieces fail the stress test. Thanks."
1396,115825,1997-07-26,email,late_delivery,1,"Our shipment of polished steel brackets on PO 82189 was promised for the 15 July and still has not turned up. If this happens again we will move our business to another supplier. Regards, procurement."
1397,40787,1998-05-24,phone transcript,late_delivery,0,Urgent: Our shipment of small polished rods was promised for the 18 May and still has not turned up. Thanks.
1398,30259,1997-02-22,phone transcript,quality,0,Good morning. Compared with last year the small polished rods on PO 22913 feel cheaper and wear out much faster.
1399,14743,1998-06-27,portal,late_delivery,0,"Hi team, the anodized copper pipe consignment slipped again. That is the second slip this quarter. Escalating to my manager if not resolved."
1400,15185,1998-03-02,chat,wrong_item,0,"Urgent: Your warehouse picked the wrong SKU again, these are not polished steel brackets (PO 82420, 40 units). Please call me back today."
1401,109898,1998-01-29,chat,praise,0,"Urgent: Thanks for the quick turnaround on the plated nickel bolts (PO 25809, 1200 units), it saved our production week."
1402,86620,1997-01-08,phone transcript,praise,0,"Urgent: Consistently good quality on the anodized copper pipe (40 units), our QA has not flagged anything in months."
1403,144569,1997-05-19,phone transcript,late_delivery,0,"The burnished tin sheets (PO 31268, 120 units) consignment slipped again. That is the second slip this quarter. Thanks."
1404,13145,1997-09-23,portal,praise,0,"Following up: Just wanted to say the economy brass valves (PO 60978, 40 units) arrived early and in perfect condition. Great job."
1405,13145,1997-02-26,email,late_delivery,0,"Hi team, our shipment of small polished rods was promised for the 23 February and still has not turned up."
1406,57775,1998-06-20,email,account,0,Please add my colleague as a second contact on our account. Need an answer by end of day.
1407,95612,1997-04-20,chat,late_delivery,1,"To whom it may concern: Our shipment of small polished rods (PO 12027, 75 units) was promised for the 13 April and still has not turned up. If this happens again we will move our business to another supplier. Thanks."
1408,72388,1997-10-25,account manager note,account,0,To whom it may concern: Could you send us a copy of last year's statements for our auditors?
1409,20917,1997-06-09,account manager note,wrong_item,0,To whom it may concern: The box is labelled standard steel flanges on PO 26027 but inside are parts in the wrong size.
1410,4945,1997-12-04,portal,account,0,"To whom it may concern: I cannot log into the ordering portal, the password reset email never arrives. Please call me back today."
1411,65830,1997-10-27,portal,damaged,0,Following up: Pallet of economy brass valves (250 units) arrived with the wrapping torn open and several pieces dented. Escalating to my manager if not resolved.
1412,144842,1998-05-28,phone transcript,late_delivery,0,Good morning. The standard steel flanges consignment slipped again. That is the second slip this quarter.
1413,100486,1997-08-22,email,damaged,0,"Good morning. The large copper coils were crushed in transit, the box looked like it had been dropped from a height. Escalating to my manager if not resolved."
1414,117623,1997-06-26,account manager note,late_delivery,1,"Urgent: Third week waiting on the brushed aluminium panels (800 units). The tracking page has said 'in transit' since the 9 June. This is the last chance, after this we are going elsewhere. Need an answer by end of day."
1415,105091,1997-05-20,account manager note,wrong_item,0,"Hello, got 200 units of the wrong finish instead of the brass fittings (PO 99547, 800 units) we specified. Regards, procurement."
1416,135532,1997-05-22,chat,damaged,0,Urgent: Several of the brushed aluminium panels on PO 38559 were snapped in two when we unpacked them.
1417,21970,1997-08-28,phone transcript,account,0,"Hello, I cannot log into the ordering portal, the password reset email never arrives. Please call me back today."
1418,88868,1998-04-06,phone transcript,billing,1,"Hello, our finance team cannot reconcile your invoice, the quantities of economy brass valves (40 units) are off. Our procurement team has asked me to find an alternative vendor. Escalating to my manager if not resolved."
1419,34142,1998-03-23,account manager note,late_delivery,0,Urgent: Third week waiting on the polished steel brackets on PO 41619. The tracking page has said 'in transit' since the 15 March. Thanks.
1420,128476,1997-07-04,account manager note,quality,0,"Hi team, the latest batch of brass fittings does not meet the tolerance in our spec, the threads are off. Escalating to my manager if not resolved."
1421,28418,1998-05-19,account manager note,billing,0,"Good morning. We still have not received the credit note you promised for the polished steel brackets (PO 17498, 120 units). Need an answer by end of day."
1422,149066,1997-08-27,chat,billing,1,"Hi Priya, the price on the invoice for brass fittings (120 units) is higher than the price we agreed in the contract. Frankly we are already talking to your competitors. Thanks."
1423,56633,1997-09-30,email,late_delivery,1,"Can someone tell me where order for anodized copper pipe (PO 74940, 250 units) is? It was meant to be here days ago. If this happens again we will move our business to another supplier. Escalating to my manager if not resolved."
1424,49915,1997-07-18,account manager note,damaged,1,"The standard steel flanges were crushed in transit, the box looked like it had been dropped from a height. Our procurement team has asked me to find an alternative vendor. Escalating to my manager if not resolved."
1425,85223,1997-04-26,phone transcript,billing,0,"Hi Anna, we still have not received the credit note you promised for the standard steel flanges."
1426,93133,1997-12-25,portal,late_delivery,0,"Hello, third week waiting on the promo tin cans on PO 24250. The tracking page has said 'in transit' since the 8 December. Escalating to my manager if not resolved."
1427,118637,1997-05-01,account manager note,praise,0,"Thanks for the quick turnaround on the economy brass valves, it saved our production week. Thanks."
1428,78998,1997-06-25,email,billing,1,"Hello, please explain the extra surcharge on our last statement for the standard steel flanges. Honestly I am not sure we can keep working with you."
1429,20383,1998-05-23,phone transcript,damaged,0,"Several of the brushed aluminium panels (PO 32235, 40 units) were snapped in two when we unpacked them. Please call me back today."
1430,64820,1997-11-03,portal,quality,0,Good morning. Our QA rejected the burnished tin sheets on PO 46633. Finish is uneven and some pieces fail the stress test. Reference attached.
1431,141374,1997-06-21,phone transcript,late_delivery,0,"Hi team, your carrier keeps rescheduling. We were told the 8 June, then Friday, now 'next week' for the burnished tin sheets (75 units)."
1432,42785,1997-02-04,chat,damaged,0,"Hello, pallet of burnished tin sheets (PO 37282, 250 units) arrived with the wrapping torn open and several pieces dented. Regards, procurement."
1433,23716,1997-01-08,portal,wrong_item,0,Urgent: We ordered large copper coils and received something completely different. Need an answer by end of day.
1434,126124,1997-02-28,account manager note,praise,0,"Hi team, just wanted to say the standard steel flanges (800 units) arrived early and in perfect condition. Great job. Escalating to my manager if not resolved."
1435,89627,1998-01-16,chat,damaged,0,"Hi support, received the plated nickel bolts but the packaging was soaked through and the metal has started to rust. Regards, procurement."
1436,33583,1997-04-11,account manager note,account,0,"Following up: Please add my colleague as a second contact on our account. Regards, procurement."
1437,111601,1997-10-08,email,praise,0,"Urgent: Consistently good quality on the standard steel flanges (120 units), our QA has not flagged anything in months. Please call me back today."
1438,60044,1997-08-23,email,wrong_item,0,"Urgent: This is not what we asked for. The brass fittings on the invoice do not match what is on the pallet. Regards, procurement."
1439,94105,1997-08-24,chat,damaged,1,Pallet of brushed aluminium panels (40 units) arrived with the wrapping torn open and several pieces dented. Honestly I am not sure we can keep working with you.
1440,142936,1998-05-12,portal,praise,0,"Following up: Consistently good quality on the promo tin cans (PO 44200, 120 units), our QA has not flagged anything in months. Please call me back today."
1441,100193,1997-09-18,chat,quality,0,"Hi team, compared with last year the medium plated fasteners (75 units) feel cheaper and wear out much faster."
1442,72074,1997-08-02,email,late_delivery,1,Still no sign of the burnished tin sheets. Our warehouse team has been standing by since the 29 July. Our procurement team has asked me to find an alternative vendor. Need an answer by end of day.
1443,851,1997-12-08,email,praise,0,"Urgent: Your account team sorted our medium plated fasteners on PO 79113 issue in a single call, really appreciated. Escalating to my manager if not resolved."
1444,102706,1997-09-30,portal,quality,0,"Hi team, compared with last year the economy brass valves (PO 96305, 120 units) feel cheaper and wear out much faster. Reference attached."
1445,69521,1997-06-26,portal,billing,1,Urgent: Please explain the extra surcharge on our last statement for the anodized copper pipe (40 units). We are reviewing whether to renew the contract at the end of the quarter. Escalating to my manager if not resolved.
1446,109447,1997-09-15,account manager note,billing,0,"Hi team, please explain the extra surcharge on our last statement for the anodized copper pipe. Please call me back today."
1447,94715,1998-03-31,account manager note,late_delivery,0,Still no sign of the brass fittings. Our warehouse team has been standing by since the 18 March.
1448,52637,1997-03-10,chat,late_delivery,0,"Hello, our shipment of standard steel flanges (40 units) was promised for the 5 March and still has not turned up. Regards, procurement."
1449,37636,1997-05-18,account manager note,billing,0,"Our finance team cannot reconcile your invoice, the quantities of anodized copper pipe (1200 units) are off. Thanks."
1450,57250,1997-02-08,chat,wrong_item,0,"We ordered brushed aluminium panels (PO 62459, 250 units) and received something completely different. Please call me back today."
1451,38434,1997-12-29,portal,quality,0,Following up: Our QA rejected the brass fittings. Finish is uneven and some pieces fail the stress test. Escalating to my manager if not resolved.
1452,72358,1997-07-30,phone transcript,quality,1,"Good morning. The latest batch of burnished tin sheets (PO 11629, 75 units) does not meet the tolerance in our spec, the threads are off. Frankly we are already talking to your competitors."
1453,65801,1997-07-21,chat,late_delivery,0,"Hi Marco, can someone tell me where order for standard steel flanges is? It was meant to be here days ago."
1454,129608,1997-02-16,chat,damaged,0,"To whom it may concern: Half the plated nickel bolts (PO 72047, 75 units) came out of the crate bent and scratched."
1455,20387,1997-07-13,account manager note,billing,0,"Hi team, we still have not received the credit note you promised for the anodized copper pipe (120 units). Need an answer by end of day."
1456,28645,1997-10-03,chat,late_delivery,0,"Urgent: The brushed aluminium panels (PO 35738, 500 units) consignment slipped again. That is the second slip this quarter."
1457,16573,1997-08-19,email,damaged,1,"Several of the economy brass valves were snapped in two when we unpacked them. This is the last chance, after this we are going elsewhere. Thanks."
1458,61462,1997-01-04,phone transcript,account,0,"To whom it may concern: We have moved office, please update the delivery address on our account. Thanks."
1459,76966,1997-01-17,portal,praise,0,"Urgent: Consistently good quality on the brass fittings on PO 72515, our QA has not flagged anything in months. Escalating to my manager if not resolved."
1460,92119,1998-06-20,account manager note,wrong_item,0,Got 200 units of the wrong finish instead of the plated nickel bolts (200 units) we specified. Escalating to my manager if not resolved.
1461,135668,1998-03-01,chat,late_delivery,0,"Hi Tom, we planned a production run around the standard steel flanges arriving on the 17 February. Nothing has arrived and the line is idle."
1462,5357,1997-03-03,phone transcript,billing,0,"We still have not received the credit note you promised for the anodized copper pipe (PO 31880, 1200 units). Escalating to my manager if not resolved."
1463,55385,1998-01-08,email,account,0,Please add my colleague as a second contact on our account. Thanks.
1464,73718,1998-03-27,email,damaged,1,Following up: Received the medium plated fasteners but the packaging was soaked through and the metal has started to rust. Frankly we are already talking to your competitors. Thanks.
1465,53570,1998-06-09,phone transcript,billing,0,"Hello, we still have not received the credit note you promised for the standard steel flanges on PO 53135. Regards, procurement."
1466,30920,1997-06-23,account manager note,quality,0,Compared with last year the small polished rods on PO 62403 feel cheaper and wear out much faster. Need an answer by end of day.
1467,124405,1998-07-29,portal,late_delivery,1,Following up: Can someone tell me where order for economy brass valves is? It was meant to be here days ago. If this happens again we will move our business to another supplier.
1468,53497,1997-07-01,portal,account,0,"Urgent: We have moved office, please update the delivery address on our account. Thanks."
1469,85678,1998-04-14,phone transcript,wrong_item,1,"Good morning. Got 200 units of the wrong finish instead of the small polished rods we specified. Frankly we are already talking to your competitors. Regards, procurement."
1470,141193,1997-01-20,account manager note,quality,0,"Hi account team, the latest batch of polished steel brackets (500 units) does not meet the tolerance in our spec, the threads are off."
1471,141238,1998-01-12,email,late_delivery,0,"Hello, your carrier keeps rescheduling. We were told the 2 January, then Friday, now 'next week' for the plated nickel bolts on PO 45593. Please call me back today."
1472,60016,1998-05-30,chat,damaged,0,"Good morning. Several of the brass fittings (PO 94003, 800 units) were snapped in two when we unpacked them."
1473,40915,1997-05-26,account manager note,account,0,"We have moved office, please update the delivery address on our account."
1474,29243,1997-02-13,chat,billing,0,Urgent: We still have not received the credit note you promised for the standard steel flanges. Thanks.
1475,48196,1998-07-18,account manager note,account,0,"To whom it may concern: I cannot log into the ordering portal, the password reset email never arrives. Reference attached."
1476,4078,1997-04-01,chat,billing,0,"We were invoiced twice for the same batch of polished steel brackets (PO 65441, 40 units). Thanks."
1477,43288,1997-05-17,phone transcript,late_delivery,0,Can someone tell me where order for brass fittings is? It was meant to be here days ago. Need an answer by end of day.
1478,78187,1998-01-26,portal,praise,0,Urgent: Just wanted to say the medium plated fasteners arrived early and in perfect condition. Great job. Need an answer by end of day.
1479,56161,1998-01-18,chat,billing,0,"The price on the invoice for burnished tin sheets (PO 86751, 40 units) is higher than the price we agreed in the contract."
1480,73019,1997-03-02,email,wrong_item,0,Following up: The box is labelled burnished tin sheets on PO 95069 but inside are parts in the wrong size. Reference attached.
1481,133699,1997-08-16,chat,damaged,0,"The small polished rods (PO 75697, 250 units) were crushed in transit, the box looked like it had been dropped from a height. Regards, procurement."
1482,60509,1997-12-27,account manager note,late_delivery,0,"Hello, we planned a production run around the small polished rods on PO 75327 arriving on the 12 December. Nothing has arrived and the line is idle. Regards, procurement."
1483,45661,1998-02-17,portal,late_delivery,0,We planned a production run around the standard steel flanges on PO 47185 arriving on the 5 February. Nothing has arrived and the line is idle. Escalating to my manager if not resolved.
1484,69202,1997-09-20,chat,quality,0,"Hi team, our QA rejected the anodized copper pipe on PO 34185. Finish is uneven and some pieces fail the stress test. Thanks."
1485,104810,1997-07-01,chat,billing,0,"Hi team, the price on the invoice for burnished tin sheets (800 units) is higher than the price we agreed in the contract. Escalating to my manager if not resolved."
1486,15434,1998-05-23,chat,wrong_item,0,"Hi Priya, this is not what we asked for. The standard steel flanges on PO 58780 on the invoice do not match what is on the pallet. Please call me back today."
1487,75916,1997-04-08,phone transcript,praise,0,"Your account team sorted our brushed aluminium panels issue in a single call, really appreciated."
1488,120286,1998-04-23,email,late_delivery,0,"Hello, still no sign of the economy brass valves. Our warehouse team has been standing by since the 11 April."
1489,57494,1998-05-23,phone transcript,late_delivery,0,"Your carrier keeps rescheduling. We were told the 10 May, then Friday, now 'next week' for the brushed aluminium panels. Thanks."
1490,112226,1997-12-04,chat,account,0,"Hi team, could you send us a copy of last year's statements for our auditors? Escalating to my manager if not resolved."
1491,13145,1997-04-15,portal,account,0,Urgent: Could you send us a copy of last year's statements for our auditors?
1492,81166,1997-01-03,portal,billing,0,We still have not received the credit note you promised for the standard steel flanges on PO 63613. Please call me back today.
1493,25411,1997-11-11,email,praise,0,To whom it may concern: Just wanted to say the standard steel flanges (75 units) arrived early and in perfect condition. Great job. Reference attached.
1494,38434,1998-05-17,phone transcript,late_delivery,0,Following up: Our shipment of standard steel flanges was promised for the 7 May and still has not turned up. Please call me back today.
1495,72106,1997-03-14,account manager note,praise,0,"Hello, just wanted to say the promo tin cans arrived early and in perfect condition. Great job. Please call me back today."
1496,123322,1997-01-01,account manager note,damaged,0,"Following up: Pallet of plated nickel bolts (PO 13364, 800 units) arrived with the wrapping torn open and several pieces dented."
1497,40580,1997-03-15,account manager note,damaged,0,Following up: Several of the standard steel flanges were snapped in two when we unpacked them. Reference attached.
1498,25019,1997-09-19,phone transcript,late_delivery,0,To whom it may concern: We planned a production run around the brass fittings on PO 83183 arriving on the 5 September. Nothing has arrived and the line is idle.
1499,706,1998-04-08,email,praise,0,To whom it may concern: Just wanted to say the plated nickel bolts (800 units) arrived early and in perfect condition. Great job. Escalating to my manager if not resolved.
1500,133538,1997-09-09,email,damaged,0,Half the brass fittings (500 units) came out of the crate bent and scratched. Please call me back today.
1501,140032,1998-01-27,chat,quality,0,Urgent: Two of our customers returned products built with your economy brass valves because of early failure.
1502,89797,1998-02-06,account manager note,late_delivery,0,"Hi Rahul, your carrier keeps rescheduling. We were told the 21 January, then Friday, now 'next week' for the brushed aluminium panels. Regards, procurement."
1503,132538,1997-02-26,chat,late_delivery,0,Good morning. The burnished tin sheets on PO 49319 consignment slipped again. That is the second slip this quarter. Thanks.
1504,28744,1997-02-13,account manager note,billing,0,We still have not received the credit note you promised for the promo tin cans.
1505,37453,1997-04-09,email,damaged,0,"To whom it may concern: The brushed aluminium panels on PO 82554 were crushed in transit, the box looked like it had been dropped from a height. Regards, procurement."
1506,71471,1998-02-17,phone transcript,billing,1,"Hi team, we were invoiced twice for the same batch of brass fittings (1200 units). Our procurement team has asked me to find an alternative vendor."
1507,88856,1997-10-31,portal,quality,1,"Hello, two of our customers returned products built with your standard steel flanges because of early failure. Honestly I am not sure we can keep working with you."
1508,60841,1998-03-08,email,billing,0,"Hi support, the price on the invoice for standard steel flanges (PO 27336, 800 units) is higher than the price we agreed in the contract. Thanks."
1509,148171,1998-01-29,chat,late_delivery,0,"Hi team, can someone tell me where order for polished steel brackets on PO 12155 is? It was meant to be here days ago."
1510,58439,1997-12-05,email,damaged,0,"Hi Mei, pallet of brass fittings (PO 15443, 200 units) arrived with the wrapping torn open and several pieces dented. Reference attached."
1511,6110,1998-03-16,chat,billing,0,"Hello, we still have not received the credit note you promised for the plated nickel bolts."
1512,10921,1997-06-11,email,damaged,0,Following up: Pallet of small polished rods arrived with the wrapping torn open and several pieces dented. Please call me back today.
1513,122428,1998-07-01,chat,billing,1,To whom it may concern: Please explain the extra surcharge on our last statement for the economy brass valves. We are reviewing whether to renew the contract at the end of the quarter. Please call me back today.
1514,102050,1997-10-16,phone transcript,account,1,"Urgent: I cannot log into the ordering portal, the password reset email never arrives. This is the last chance, after this we are going elsewhere."
1515,33410,1998-06-27,chat,billing,0,"Hi Mei, the price on the invoice for burnished tin sheets (250 units) is higher than the price we agreed in the contract. Reference attached."
1516,2749,1997-11-19,phone transcript,wrong_item,0,"Hello, we ordered small polished rods (PO 11582, 800 units) and received something completely different. Need an answer by end of day."
1517,29326,1997-06-07,email,wrong_item,0,"Hello, we ordered economy brass valves (PO 27181, 40 units) and received something completely different."
1518,46988,1997-08-24,phone transcript,late_delivery,0,Can someone tell me where order for medium plated fasteners is? It was meant to be here days ago. Escalating to my manager if not resolved.
1519,25667,1997-08-03,account manager note,damaged,0,Following up: Half the burnished tin sheets on PO 50316 came out of the crate bent and scratched. Reference attached.
1520,112640,1997-11-23,phone transcript,billing,0,"Our finance team cannot reconcile your invoice, the quantities of small polished rods (PO 85060, 75 units) are off. Thanks."
1521,122869,1997-05-07,email,damaged,0,Following up: Several of the large copper coils were snapped in two when we unpacked them.
1522,42977,1997-09-06,email,quality,0,"Urgent: Our QA rejected the small polished rods (PO 21626, 1200 units). Finish is uneven and some pieces fail the stress test."
1523,98020,1998-03-19,chat,billing,1,"Hi team, the price on the invoice for standard steel flanges is higher than the price we agreed in the contract. Our procurement team has asked me to find an alternative vendor. Need an answer by end of day."
1524,41800,1997-11-26,portal,account,0,"Hi support, could you send us a copy of last year's statements for our auditors? Regards, procurement."
1525,49519,1997-12-13,portal,quality,1,"Hello, the latest batch of medium plated fasteners does not meet the tolerance in our spec, the threads are off. If this happens again we will move our business to another supplier."
1526,2384,1997-06-29,account manager note,quality,0,"Hello, two of our customers returned products built with your large copper coils (250 units) because of early failure. Please call me back today."
1527,110924,1997-11-25,email,damaged,0,"Hi team, half the polished steel brackets (250 units) came out of the crate bent and scratched."
1528,129175,1998-02-07,account manager note,late_delivery,0,"Hi team, still no sign of the plated nickel bolts. Our warehouse team has been standing by since the 22 January. Please call me back today."
1529,116117,1997-08-12,email,wrong_item,0,Got 200 units of the wrong finish instead of the burnished tin sheets we specified.
1530,22234,1998-01-06,email,late_delivery,0,To whom it may concern: Third week waiting on the brass fittings. The tracking page has said 'in transit' since the 18 December. Please call me back today.
1531,112205,1997-11-01,account manager note,billing,0,"Good morning. Our finance team cannot reconcile your invoice, the quantities of small polished rods are off. Reference attached."
1532,68780,1998-01-16,account manager note,wrong_item,1,"The box is labelled promo tin cans but inside are parts in the wrong size. This is the last chance, after this we are going elsewhere. Reference attached."
1533,142000,1997-10-17,phone transcript,quality,0,"Following up: The latest batch of promo tin cans (PO 51295, 250 units) does not meet the tolerance in our spec, the threads are off. Escalating to my manager if not resolved."
1534,74708,1997-03-21,account manager note,praise,0,"To whom it may concern: Just wanted to say the plated nickel bolts on PO 14506 arrived early and in perfect condition. Great job. Regards, procurement."
1535,27350,1997-05-11,phone transcript,damaged,0,Half the anodized copper pipe came out of the crate bent and scratched.
1536,139030,1997-12-14,chat,billing,0,"Our finance team cannot reconcile your invoice, the quantities of burnished tin sheets (40 units) are off. Please call me back today."
1537,46414,1997-11-08,chat,account,0,"Hi team, we have moved office, please update the delivery address on our account. Escalating to my manager if not resolved."
1538,52411,1997-05-12,phone transcript,wrong_item,0,"To whom it may concern: We ordered burnished tin sheets (PO 17577, 1200 units) and received something completely different. Thanks."
1539,70606,1998-01-14,chat,billing,0,"Urgent: Our finance team cannot reconcile your invoice, the quantities of economy brass valves (1200 units) are off. Reference attached."
1540,15560,1998-02-01,chat,quality,0,Following up: Our QA rejected the burnished tin sheets on PO 10485. Finish is uneven and some pieces fail the stress test.
1541,132794,1998-03-04,account manager note,praise,0,"Thanks for the quick turnaround on the polished steel brackets (PO 27355, 800 units), it saved our production week. Reference attached."
1542,78481,1997-12-05,phone transcript,account,0,"To whom it may concern: We have moved office, please update the delivery address on our account. Please call me back today."
1543,93694,1997-02-23,email,late_delivery,0,Urgent: Still no sign of the economy brass valves on PO 54247. Our warehouse team has been standing by since the 4 February. Need an answer by end of day.
1544,1295,1997-12-28,portal,damaged,1,"Hi team, the plated nickel bolts (75 units) were crushed in transit, the box looked like it had been dropped from a height. This is the last chance, after this we are going elsewhere. Escalating to my manager if not resolved."
1545,5212,1997-07-26,portal,praise,0,"Hi Priya, your account team sorted our burnished tin sheets on PO 80046 issue in a single call, really appreciated."
1546,141704,1997-02-16,chat,damaged,1,"Hello, half the promo tin cans (250 units) came out of the crate bent and scratched. Honestly I am not sure we can keep working with you. Reference attached."
1547,35371,1997-08-17,phone transcript,quality,0,"Hello, the latest batch of brass fittings on PO 19065 does not meet the tolerance in our spec, the threads are off. Escalating to my manager if not resolved."
1548,121645,1997-06-06,portal,damaged,0,To whom it may concern: Received the large copper coils (75 units) but the packaging was soaked through and the metal has started to rust. Need an answer by end of day.
1549,143788,1998-01-22,email,damaged,0,"Opened the delivery of small polished rods (PO 76773, 250 units) this morning and a good third of them are cracked."
1550,87065,1998-03-19,chat,late_delivery,0,"Hi team, still no sign of the brass fittings. Our warehouse team has been standing by since the 9 March. Reference attached."
1551,69329,1997-01-18,account manager note,damaged,0,Half the standard steel flanges came out of the crate bent and scratched. Escalating to my manager if not resolved.
1552,123389,1998-01-10,portal,damaged,0,"Hi Rahul, several of the polished steel brackets (75 units) were snapped in two when we unpacked them. Regards, procurement."
1553,2051,1997-11-24,email,praise,0,"Good morning. Thanks for the quick turnaround on the medium plated fasteners on PO 77410, it saved our production week. Regards, procurement."
1554,54995,1998-01-05,email,quality,0,Good morning. Two of our customers returned products built with your small polished rods on PO 91619 because of early failure. Need an answer by end of day.
1555,39212,1998-03-31,phone transcript,praise,0,"Hi team, just wanted to say the burnished tin sheets arrived early and in perfect condition. Great job."
1556,42358,1998-01-26,email,quality,1,Urgent: Two of our customers returned products built with your brushed aluminium panels (250 units) because of early failure. Our procurement team has asked me to find an alternative vendor. Please call me back today.
1557,142123,1998-05-30,account manager note,wrong_item,1,"Hello, your warehouse picked the wrong SKU again, these are not promo tin cans. Our procurement team has asked me to find an alternative vendor. Reference attached."
1558,137582,1998-07-20,email,late_delivery,0,"To whom it may concern: Our shipment of plated nickel bolts (PO 86142, 1200 units) was promised for the 3 July and still has not turned up. Reference attached."
1559,146231,1998-07-12,chat,account,0,"Hello, I cannot log into the ordering portal, the password reset email never arrives. Reference attached."
1560,137659,1998-06-07,email,damaged,0,"Urgent: Received the promo tin cans (PO 63082, 120 units) but the packaging was soaked through and the metal has started to rust. Escalating to my manager if not resolved."
1561,87488,1997-01-18,email,praise,0,"Hi team, thanks for the quick turnaround on the medium plated fasteners (PO 20390, 800 units), it saved our production week."
1562,9608,1998-07-14,email,billing,1,We were invoiced twice for the same batch of polished steel brackets. Our procurement team has asked me to find an alternative vendor. Thanks.
1563,42599,1997-05-16,account manager note,late_delivery,0,"Urgent: Can someone tell me where order for burnished tin sheets (PO 87264, 120 units) is? It was meant to be here days ago. Regards, procurement."
1564,50072,1998-04-11,phone transcript,billing,0,"Hi account team, please explain the extra surcharge on our last statement for the brass fittings. Thanks."
1565,8582,1998-04-02,phone transcript,damaged,1,"Several of the brass fittings (PO 40949, 1200 units) were snapped in two when we unpacked them. We are reviewing whether to renew the contract at the end of the quarter. Reference attached."
1566,20917,1997-04-06,phone transcript,late_delivery,0,"Good morning. We planned a production run around the large copper coils (PO 77708, 200 units) arriving on the 2 April. Nothing has arrived and the line is idle. Regards, procurement."
1567,53546,1998-05-10,chat,late_delivery,0,To whom it may concern: Third week waiting on the brass fittings. The tracking page has said 'in transit' since the 25 April. Escalating to my manager if not resolved.
1568,69995,1997-02-08,phone transcript,billing,0,"Following up: The price on the invoice for promo tin cans (PO 90990, 1200 units) is higher than the price we agreed in the contract. Need an answer by end of day."
1569,17405,1997-10-26,account manager note,wrong_item,0,"Good morning. The box is labelled plated nickel bolts (PO 85301, 1200 units) but inside are parts in the wrong size. Thanks."
1570,41987,1997-05-18,chat,late_delivery,0,Following up: Still no sign of the promo tin cans (1200 units). Our warehouse team has been standing by since the 12 May. Escalating to my manager if not resolved.
1571,96545,1997-05-31,phone transcript,account,0,Urgent: Please add my colleague as a second contact on our account.
1572,6283,1997-08-21,account manager note,billing,0,"Hi Marco, we were invoiced twice for the same batch of burnished tin sheets. Need an answer by end of day."
1573,21583,1997-11-04,account manager note,account,0,"Hi support, I cannot log into the ordering portal, the password reset email never arrives. Reference attached."
1574,144655,1997-04-28,email,damaged,1,To whom it may concern: Pallet of economy brass valves arrived with the wrapping torn open and several pieces dented. Honestly I am not sure we can keep working with you.
1575,117899,1997-10-21,phone transcript,billing,0,"Following up: We were invoiced twice for the same batch of polished steel brackets. Regards, procurement."
1576,91195,1997-05-12,email,late_delivery,0,"Hello, still no sign of the promo tin cans. Our warehouse team has been standing by since the 9 May. Thanks."
1577,114166,1998-01-29,email,billing,0,"Hello, our finance team cannot reconcile your invoice, the quantities of small polished rods are off. Thanks."
1578,140566,1997-11-17,email,late_delivery,1,"Hi team, third week waiting on the small polished rods (PO 46422, 200 units). The tracking page has said 'in transit' since the 10 November. Honestly I am not sure we can keep working with you. Regards, procurement."
1579,53372,1997-08-02,chat,late_delivery,0,"Hello, can someone tell me where order for small polished rods (PO 82578, 800 units) is? It was meant to be here days ago."
1580,74777,1997-06-03,email,late_delivery,0,"We planned a production run around the medium plated fasteners (250 units) arriving on the 31 May. Nothing has arrived and the line is idle. Regards, procurement."
1581,57196,1998-02-09,email,wrong_item,0,"Hi Priya, we ordered brushed aluminium panels (PO 28364, 250 units) and received something completely different. Escalating to my manager if not resolved."
1582,11792,1998-01-01,email,billing,0,"Hi team, our finance team cannot reconcile your invoice, the quantities of small polished rods (PO 56663, 500 units) are off. Need an answer by end of day."
1583,104683,1998-07-15,account manager note,late_delivery,0,"To whom it may concern: Your carrier keeps rescheduling. We were told the 6 July, then Friday, now 'next week' for the brushed aluminium panels. Need an answer by end of day."
1584,21940,1998-07-01,phone transcript,late_delivery,1,Following up: Third week waiting on the large copper coils. The tracking page has said 'in transit' since the 26 June. We are reviewing whether to renew the contract at the end of the quarter. Need an answer by end of day.
1585,56009,1997-10-27,email,quality,0,Compared with last year the promo tin cans feel cheaper and wear out much faster. Escalating to my manager if not resolved.
1586,59663,1997-01-09,phone transcript,late_delivery,0,"Hello, can someone tell me where order for plated nickel bolts is? It was meant to be here days ago. Regards, procurement."
1587,27155,1997-03-03,account manager note,wrong_item,0,The box is labelled polished steel brackets on PO 41877 but inside are parts in the wrong size.
1588,83908,1997-06-24,account manager note,billing,1,"Urgent: We still have not received the credit note you promised for the medium plated fasteners. This is the last chance, after this we are going elsewhere. Thanks."
1589,12013,1997-12-05,phone transcript,damaged,0,"Urgent: Pallet of standard steel flanges arrived with the wrapping torn open and several pieces dented. Regards, procurement."
1590,4946,1997-07-03,phone transcript,account,0,Please add my colleague as a second contact on our account. Thanks.
1591,75862,1997-05-22,phone transcript,account,0,"Good morning. I cannot log into the ordering portal, the password reset email never arrives."
1592,110786,1997-05-26,phone transcript,damaged,1,"Hello, several of the brass fittings were snapped in two when we unpacked them. Frankly we are already talking to your competitors. Please call me back today."
1593,29851,1997-05-14,portal,late_delivery,1,"Hi support, your carrier keeps rescheduling. We were told the 11 May, then Friday, now 'next week' for the anodized copper pipe. Honestly I am not sure we can keep working with you."
1594,41504,1997-11-11,portal,late_delivery,0,"Hello, we planned a production run around the burnished tin sheets arriving on the 3 November. Nothing has arrived and the line is idle."
1595,78106,1997-09-18,chat,quality,0,"Hi team, compared with last year the brushed aluminium panels (PO 53680, 250 units) feel cheaper and wear out much faster. Need an answer by end of day."
1596,69202,1997-01-06,account manager note,wrong_item,0,"Hello, the box is labelled anodized copper pipe (800 units) but inside are parts in the wrong size. Reference attached."
1597,97237,1997-09-06,phone transcript,billing,0,Following up: Please explain the extra surcharge on our last statement for the plated nickel bolts on PO 33245.
1598,96856,1997-03-09,portal,billing,0,"To whom it may concern: We still have not received the credit note you promised for the plated nickel bolts (PO 30670, 800 units). Thanks."
1599,78728,1998-01-15,account manager note,late_delivery,0,"Hi Mei, your carrier keeps rescheduling. We were told the 2 January, then Friday, now 'next week' for the anodized copper pipe (1200 units). Reference attached."
1600,128066,1998-07-19,account manager note,late_delivery,1,"Hello, can someone tell me where order for brushed aluminium panels is? It was meant to be here days ago. We are reviewing whether to renew the contract at the end of the quarter. Escalating to my manager if not resolved."
1601,6851,1998-07-15,account manager note,account,0,"Good morning. Could you send us a copy of last year's statements for our auditors? Regards, procurement."
1602,21838,1998-02-07,email,praise,0,"Following up: Just wanted to say the small polished rods on PO 48801 arrived early and in perfect condition. Great job. Regards, procurement."
1603,32723,1998-06-12,account manager note,damaged,0,Half the medium plated fasteners came out of the crate bent and scratched. Escalating to my manager if not resolved.
1604,69437,1997-01-05,phone transcript,quality,0,"Urgent: Our QA rejected the polished steel brackets (800 units). Finish is uneven and some pieces fail the stress test. Regards, procurement."
1605,90302,1997-07-21,account manager note,damaged,0,"Hi team, several of the promo tin cans (1200 units) were snapped in two when we unpacked them. Please call me back today."
1606,47585,1997-07-15,account manager note,late_delivery,0,Good morning. Third week waiting on the promo tin cans. The tracking page has said 'in transit' since the 30 June. Need an answer by end of day.
1607,69484,1998-01-28,chat,quality,0,"Hi account team, the latest batch of small polished rods (1200 units) does not meet the tolerance in our spec, the threads are off. Regards, procurement."
1608,8884,1997-04-18,email,late_delivery,0,Can someone tell me where order for economy brass valves is? It was meant to be here days ago. Need an answer by end of day.
1609,26317,1997-08-26,phone transcript,late_delivery,0,"Hi account team, your carrier keeps rescheduling. We were told the 17 August, then Friday, now 'next week' for the plated nickel bolts (200 units). Need an answer by end of day."
1610,26869,1998-07-13,phone transcript,late_delivery,1,Can someone tell me where order for small polished rods (75 units) is? It was meant to be here days ago. We are reviewing whether to renew the contract at the end of the quarter.
1611,31214,1997-03-27,account manager note,billing,0,"Hi team, the price on the invoice for brass fittings is higher than the price we agreed in the contract. Thanks."
1612,68455,1997-02-03,portal,account,0,"Good morning. I cannot log into the ordering portal, the password reset email never arrives. Reference attached."
1613,140566,1997-08-03,account manager note,account,0,"I cannot log into the ordering portal, the password reset email never arrives."
1614,4253,1997-11-28,portal,late_delivery,0,Third week waiting on the standard steel flanges. The tracking page has said 'in transit' since the 22 November. Need an answer by end of day.
1615,78401,1998-04-21,phone transcript,damaged,1,"Urgent: The medium plated fasteners were crushed in transit, the box looked like it had been dropped from a height. This is the last chance, after this we are going elsewhere. Escalating to my manager if not resolved."
1616,62612,1998-05-12,chat,late_delivery,1,"Following up: Can someone tell me where order for small polished rods is? It was meant to be here days ago. Our procurement team has asked me to find an alternative vendor. Regards, procurement."
1617,107768,1997-03-23,email,praise,0,"Just wanted to say the brass fittings (PO 90565, 250 units) arrived early and in perfect condition. Great job. Please call me back today."
1618,106567,1997-09-01,chat,late_delivery,0,The polished steel brackets (200 units) consignment slipped again. That is the second slip this quarter. Please call me back today.
1619,17041,1997-12-19,account manager note,late_delivery,1,Following up: Our shipment of brushed aluminium panels was promised for the 16 December and still has not turned up. We are reviewing whether to renew the contract at the end of the quarter. Need an answer by end of day.
1620,118337,1997-10-10,phone transcript,billing,0,"Hi Rahul, we still have not received the credit note you promised for the large copper coils on PO 65826."
1621,105961,1998-02-16,portal,account,0,Good morning. Please add my colleague as a second contact on our account.
1622,63701,1998-01-06,email,quality,0,"Hi Priya, two of our customers returned products built with your economy brass valves (40 units) because of early failure."
1623,107965,1997-01-06,account manager note,praise,0,"Good morning. Thanks for the quick turnaround on the economy brass valves on PO 33597, it saved our production week."
1624,29183,1997-03-02,email,billing,0,"Hi team, we were invoiced twice for the same batch of medium plated fasteners (75 units). Regards, procurement."
1625,137891,1997-06-15,portal,damaged,1,"Hi team, pallet of anodized copper pipe arrived with the wrapping torn open and several pieces dented. If this happens again we will move our business to another supplier. Need an answer by end of day."
1626,7787,1997-11-01,phone transcript,damaged,1,Opened the delivery of brass fittings this morning and a good third of them are cracked. If this happens again we will move our business to another supplier.
1627,121730,1998-03-30,chat,late_delivery,0,"Hi Rahul, our shipment of anodized copper pipe was promised for the 16 March and still has not turned up."
1628,20917,1997-05-11,chat,late_delivery,0,Good morning. The large copper coils consignment slipped again. That is the second slip this quarter. Reference attached.
1629,22283,1997-05-10,chat,damaged,0,Following up: Opened the delivery of large copper coils this morning and a good third of them are cracked. Please call me back today.
1630,25519,1997-08-17,portal,quality,0,"Following up: Our QA rejected the brass fittings (PO 55135, 200 units). Finish is uneven and some pieces fail the stress test."
1631,149990,1998-04-01,phone transcript,praise,0,"Consistently good quality on the plated nickel bolts, our QA has not flagged anything in months. Reference attached."
1632,142403,1997-01-22,account manager note,quality,0,Two of our customers returned products built with your large copper coils (120 units) because of early failure. Reference attached.
1633,11333,1997-03-10,email,late_delivery,0,"Hi account team, third week waiting on the small polished rods. The tracking page has said 'in transit' since the 28 February. Need an answer by end of day."
1634,73493,1997-05-28,portal,damaged,1,"Hi Tom, the standard steel flanges (PO 39185, 75 units) were crushed in transit, the box looked like it had been dropped from a height. We are reviewing whether to renew the contract at the end of the quarter. Regards, procurement."
1635,47278,1998-02-13,phone transcript,wrong_item,0,"Hi Rahul, this is not what we asked for. The promo tin cans on PO 93905 on the invoice do not match what is on the pallet. Escalating to my manager if not resolved."
1636,71803,1997-01-10,email,praise,0,"Hi team, your account team sorted our large copper coils (120 units) issue in a single call, really appreciated."
1637,73870,1997-05-10,chat,wrong_item,0,"Hello, your warehouse picked the wrong SKU again, these are not plated nickel bolts. Reference attached."
1638,55810,1998-01-29,portal,account,0,"Hi team, please add my colleague as a second contact on our account. Regards, procurement."
1639,59339,1997-12-13,email,billing,0,"Hi team, we were invoiced twice for the same batch of medium plated fasteners on PO 57033. Please call me back today."
1640,6932,1997-05-24,phone transcript,damaged,0,"Pallet of promo tin cans (PO 34093, 800 units) arrived with the wrapping torn open and several pieces dented. Please call me back today."
1641,93049,1998-04-21,email,late_delivery,0,"Hello, can someone tell me where order for large copper coils is? It was meant to be here days ago. Escalating to my manager if not resolved."
1642,27851,1997-05-05,chat,account,0,Could you send us a copy of last year's statements for our auditors?
1643,78728,1997-09-07,phone transcript,late_delivery,1,Following up: The burnished tin sheets (200 units) consignment slipped again. That is the second slip this quarter. Honestly I am not sure we can keep working with you.
1644,117833,1998-01-21,chat,wrong_item,0,Good morning. We ordered anodized copper pipe and received something completely different. Reference attached.
1645,140110,1997-05-27,email,account,0,"Hello, please add my colleague as a second contact on our account. Escalating to my manager if not resolved."
1646,85009,1998-01-21,email,damaged,0,"Following up: Several of the plated nickel bolts (PO 42120, 250 units) were snapped in two when we unpacked them. Reference attached."
1647,57788,1998-05-26,chat,quality,0,"Our QA rejected the economy brass valves (PO 54562, 800 units). Finish is uneven and some pieces fail the stress test. Thanks."
1648,145208,1997-03-30,email,late_delivery,0,"Your carrier keeps rescheduling. We were told the 25 March, then Friday, now 'next week' for the small polished rods (1200 units)."
1649,96788,1998-02-05,email,quality,1,"Hi account team, two of our customers returned products built with your standard steel flanges on PO 13151 because of early failure. Frankly we are already talking to your competitors. Please call me back today."
1650,122428,1997-06-09,portal,billing,0,Urgent: We still have not received the credit note you promised for the polished steel brackets. Escalating to my manager if not resolved.
1651,54311,1997-07-17,portal,billing,0,Following up: The price on the invoice for brass fittings is higher than the price we agreed in the contract. Please call me back today.
1652,52876,1997-12-19,account manager note,late_delivery,0,"Hello, can someone tell me where order for promo tin cans on PO 59805 is? It was meant to be here days ago."
1653,2051,1997-03-15,account manager note,damaged,0,"The brushed aluminium panels were crushed in transit, the box looked like it had been dropped from a height. Reference attached."
1654,18611,1998-03-18,account manager note,damaged,0,"Hi team, pallet of standard steel flanges arrived with the wrapping torn open and several pieces dented. Reference attached."
1655,41876,1998-01-10,portal,account,0,Following up: Could you send us a copy of last year's statements for our auditors? Need an answer by end of day.
1656,148763,1997-10-22,account manager note,damaged,0,Good morning. Several of the small polished rods (75 units) were snapped in two when we unpacked them. Thanks.
1657,135680,1998-07-01,phone transcript,damaged,0,Pallet of brushed aluminium panels arrived with the wrapping torn open and several pieces dented. Escalating to my manager if not resolved.
1658,97321,1998-03-28,email,quality,0,"Good morning. The latest batch of promo tin cans does not meet the tolerance in our spec, the threads are off. Need an answer by end of day."
1659,35899,1997-07-20,phone transcript,late_delivery,0,"We planned a production run around the plated nickel bolts (PO 82103, 1200 units) arriving on the 2 July. Nothing has arrived and the line is idle. Escalating to my manager if not resolved."
1660,37754,1998-06-17,portal,late_delivery,1,"Hello, your carrier keeps rescheduling. We were told the 29 May, then Friday, now 'next week' for the plated nickel bolts. We are reviewing whether to renew the contract at the end of the quarter. Escalating to my manager if not resolved."
1661,128086,1997-06-09,account manager note,late_delivery,0,Can someone tell me where order for small polished rods is? It was meant to be here days ago. Escalating to my manager if not resolved.
1662,70366,1997-05-24,portal,billing,1,"The price on the invoice for large copper coils (PO 10569, 200 units) is higher than the price we agreed in the contract. If this happens again we will move our business to another supplier. Need an answer by end of day."
1663,141626,1997-09-17,chat,damaged,1,"Hi account team, several of the large copper coils were snapped in two when we unpacked them. This is the last chance, after this we are going elsewhere. Please call me back today."
1664,14911,1997-03-29,account manager note,damaged,0,To whom it may concern: Received the small polished rods but the packaging was soaked through and the metal has started to rust. Please call me back today.
1665,43598,1997-02-23,phone transcript,damaged,0,To whom it may concern: Received the polished steel brackets but the packaging was soaked through and the metal has started to rust.
1666,94801,1998-05-02,email,damaged,0,Received the brushed aluminium panels on PO 80895 but the packaging was soaked through and the metal has started to rust.
1667,125125,1997-10-06,phone transcript,damaged,0,"Hi Marco, half the burnished tin sheets came out of the crate bent and scratched. Regards, procurement."
1668,70187,1997-12-27,account manager note,wrong_item,0,Got 200 units of the wrong finish instead of the large copper coils we specified. Thanks.
1669,26957,1998-04-07,account manager note,praise,0,"Thanks for the quick turnaround on the large copper coils (40 units), it saved our production week. Regards, procurement."
1670,136660,1998-01-10,portal,late_delivery,0,"Hi Tom, our shipment of large copper coils (PO 77811, 800 units) was promised for the 23 December and still has not turned up. Thanks."
1671,17557,1997-06-13,chat,billing,1,To whom it may concern: Please explain the extra surcharge on our last statement for the economy brass valves. Frankly we are already talking to your competitors. Need an answer by end of day.
1672,37232,1997-12-02,email,damaged,1,To whom it may concern: Pallet of standard steel flanges arrived with the wrapping torn open and several pieces dented. Frankly we are already talking to your competitors. Thanks.
1673,15185,1998-05-09,email,wrong_item,0,"To whom it may concern: Got 200 units of the wrong finish instead of the brushed aluminium panels on PO 18720 we specified. Regards, procurement."
1674,50408,1998-06-12,phone transcript,late_delivery,0,"Hi team, still no sign of the brushed aluminium panels. Our warehouse team has been standing by since the 28 May. Regards, procurement."
1675,122452,1997-03-04,portal,praise,0,"To whom it may concern: Thanks for the quick turnaround on the anodized copper pipe (120 units), it saved our production week."
1676,124549,1997-01-08,account manager note,account,0,Please add my colleague as a second contact on our account. Please call me back today.
1677,20657,1997-04-29,email,wrong_item,0,"To whom it may concern: Got 200 units of the wrong finish instead of the polished steel brackets on PO 28377 we specified. Regards, procurement."
1678,90166,1997-03-26,phone transcript,wrong_item,0,Good morning. The box is labelled anodized copper pipe but inside are parts in the wrong size. Escalating to my manager if not resolved.
1679,104533,1998-05-11,account manager note,quality,0,"Hi Tom, two of our customers returned products built with your small polished rods (PO 22312, 1200 units) because of early failure. Thanks."
1680,24727,1998-02-21,portal,quality,1,"Hello, compared with last year the plated nickel bolts feel cheaper and wear out much faster. This is the last chance, after this we are going elsewhere. Reference attached."
1681,110605,1998-01-24,account manager note,account,0,"Hello, please add my colleague as a second contact on our account. Need an answer by end of day."
1682,25214,1997-10-19,email,late_delivery,1,Can someone tell me where order for standard steel flanges is? It was meant to be here days ago. We are reviewing whether to renew the contract at the end of the quarter.
1683,88150,1997-06-05,chat,late_delivery,0,"Can someone tell me where order for economy brass valves is? It was meant to be here days ago. Regards, procurement."
1684,95479,1998-07-24,account manager note,wrong_item,0,Urgent: This is not what we asked for. The burnished tin sheets on the invoice do not match what is on the pallet. Please call me back today.
1685,129724,1997-04-04,portal,wrong_item,0,"Hi Mei, this is not what we asked for. The plated nickel bolts (PO 76238, 200 units) on the invoice do not match what is on the pallet."
1686,130564,1998-02-22,portal,praise,0,"Hi team, thanks for the quick turnaround on the economy brass valves (120 units), it saved our production week. Please call me back today."
1687,83789,1997-02-10,email,damaged,0,"Hi Priya, half the brass fittings came out of the crate bent and scratched. Thanks."
1688,83957,1998-07-27,account manager note,billing,0,"Following up: Our finance team cannot reconcile your invoice, the quantities of brushed aluminium panels (200 units) are off. Regards, procurement."
1689,71395,1997-08-11,chat,praise,0,"Just wanted to say the economy brass valves on PO 11686 arrived early and in perfect condition. Great job. Regards, procurement."
1690,13258,1997-01-04,chat,late_delivery,1,"Urgent: We planned a production run around the plated nickel bolts on PO 32739 arriving on the 24 December. Nothing has arrived and the line is idle. This is the last chance, after this we are going elsewhere. Please call me back today."
1691,21587,1997-02-20,portal,quality,0,"Hi Tom, our QA rejected the plated nickel bolts. Finish is uneven and some pieces fail the stress test."
1692,57748,1998-03-16,email,account,0,Good morning. Could you send us a copy of last year's statements for our auditors? Reference attached.
1693,76079,1997-04-01,portal,account,0,"Hello, we have moved office, please update the delivery address on our account. Escalating to my manager if not resolved."
1694,27223,1997-05-08,account manager note,late_delivery,0,"Hi Anna, can someone tell me where order for small polished rods (120 units) is? It was meant to be here days ago. Reference attached."
1695,6443,1998-03-14,email,praise,0,"Hi support, your account team sorted our standard steel flanges issue in a single call, really appreciated. Thanks."
1696,2935,1998-02-11,chat,quality,0,"Hi team, our QA rejected the medium plated fasteners. Finish is uneven and some pieces fail the stress test. Escalating to my manager if not resolved."
1697,63397,1997-07-19,phone transcript,quality,0,"To whom it may concern: Our QA rejected the standard steel flanges (PO 61796, 75 units). Finish is uneven and some pieces fail the stress test."
1698,6538,1997-04-19,chat,billing,0,"Following up: Our finance team cannot reconcile your invoice, the quantities of anodized copper pipe (500 units) are off. Escalating to my manager if not resolved."
1699,101590,1998-07-25,phone transcript,praise,0,"Consistently good quality on the brushed aluminium panels on PO 51561, our QA has not flagged anything in months."
1700,55739,1997-07-12,phone transcript,wrong_item,0,To whom it may concern: This is not what we asked for. The promo tin cans on the invoice do not match what is on the pallet. Escalating to my manager if not resolved.
1701,128785,1997-02-10,phone transcript,wrong_item,0,"Hi team, this is not what we asked for. The brass fittings (40 units) on the invoice do not match what is on the pallet. Escalating to my manager if not resolved."
1702,16727,1997-02-20,chat,billing,0,"Hello, we were invoiced twice for the same batch of medium plated fasteners. Please call me back today."
1703,42350,1997-02-06,account manager note,damaged,1,Several of the standard steel flanges (120 units) were snapped in two when we unpacked them. Frankly we are already talking to your competitors. Please call me back today.
1704,45289,1997-05-02,account manager note,billing,0,"Hi team, we were invoiced twice for the same batch of medium plated fasteners on PO 60389."
1705,72638,1998-03-10,phone transcript,billing,0,"Hello, please explain the extra surcharge on our last statement for the anodized copper pipe (1200 units). Reference attached."
1706,57376,1998-01-12,phone transcript,damaged,0,"Hi account team, pallet of economy brass valves (PO 16514, 250 units) arrived with the wrapping torn open and several pieces dented. Need an answer by end of day."
1707,147211,1997-03-09,portal,damaged,1,"Urgent: The plated nickel bolts (PO 81954, 800 units) were crushed in transit, the box looked like it had been dropped from a height. Honestly I am not sure we can keep working with you. Need an answer by end of day."
1708,135682,1997-12-28,phone transcript,billing,0,"Hi team, our finance team cannot reconcile your invoice, the quantities of medium plated fasteners on PO 92572 are off. Thanks."
1709,140938,1997-01-31,chat,late_delivery,0,"Urgent: Our shipment of medium plated fasteners (PO 57830, 1200 units) was promised for the 12 January and still has not turned up. Need an answer by end of day."
1710,15617,1997-09-15,phone transcript,billing,0,To whom it may concern: Please explain the extra surcharge on our last statement for the plated nickel bolts. Need an answer by end of day.
1711,128086,1997-02-02,chat,account,0,"Following up: I cannot log into the ordering portal, the password reset email never arrives. Need an answer by end of day."
1712,117758,1998-04-24,email,late_delivery,0,"To whom it may concern: Your carrier keeps rescheduling. We were told the 10 April, then Friday, now 'next week' for the standard steel flanges."
1713,24698,1997-12-10,phone transcript,wrong_item,0,We ordered large copper coils (75 units) and received something completely different.
1714,146002,1997-08-21,email,late_delivery,0,Good morning. Still no sign of the polished steel brackets. Our warehouse team has been standing by since the 11 August. Reference attached.
1715,99695,1997-12-28,portal,late_delivery,0,"Hi Marco, third week waiting on the promo tin cans. The tracking page has said 'in transit' since the 11 December. Please call me back today."
1716,78481,1997-12-19,email,praise,0,"Hello, consistently good quality on the polished steel brackets, our QA has not flagged anything in months."
1717,124232,1997-03-24,portal,praise,0,"Consistently good quality on the promo tin cans, our QA has not flagged anything in months. Reference attached."
1718,83221,1997-04-21,account manager note,billing,0,"Following up: Our finance team cannot reconcile your invoice, the quantities of economy brass valves (PO 42433, 200 units) are off. Please call me back today."
1719,115888,1998-03-10,account manager note,damaged,0,Opened the delivery of small polished rods this morning and a good third of them are cracked.
1720,114250,1997-03-02,account manager note,late_delivery,0,"Hi Anna, our shipment of economy brass valves on PO 20988 was promised for the 20 February and still has not turned up. Reference attached."
1721,56444,1997-11-15,phone transcript,account,0,Urgent: Please add my colleague as a second contact on our account.
1722,5515,1998-06-28,account manager note,praise,0,Urgent: Just wanted to say the large copper coils on PO 50445 arrived early and in perfect condition. Great job.
1723,122306,1997-02-17,portal,damaged,0,"The medium plated fasteners were crushed in transit, the box looked like it had been dropped from a height. Reference attached."
1724,65204,1997-03-07,account manager note,billing,0,"Please explain the extra surcharge on our last statement for the polished steel brackets (250 units). Regards, procurement."
1725,106955,1998-01-17,portal,praise,0,"Hi team, thanks for the quick turnaround on the burnished tin sheets, it saved our production week."
1726,37030,1997-04-28,chat,quality,0,"To whom it may concern: Two of our customers returned products built with your medium plated fasteners (PO 61095, 120 units) because of early failure."
1727,116039,1997-02-24,portal,late_delivery,1,"Hi team, our shipment of small polished rods on PO 39961 was promised for the 4 February and still has not turned up. This is the last chance, after this we are going elsewhere."
1728,97822,1998-03-22,portal,quality,0,"Hi team, two of our customers returned products built with your standard steel flanges because of early failure. Need an answer by end of day."
1729,145478,1997-10-08,chat,late_delivery,0,"Still no sign of the brushed aluminium panels. Our warehouse team has been standing by since the 23 September. Regards, procurement."
1730,25354,1997-08-07,phone transcript,late_delivery,0,"Hi team, the small polished rods (500 units) consignment slipped again. That is the second slip this quarter. Thanks."
1731,79304,1997-07-30,chat,late_delivery,0,"To whom it may concern: Your carrier keeps rescheduling. We were told the 25 July, then Friday, now 'next week' for the plated nickel bolts (PO 99052, 1200 units). Please call me back today."
1732,26359,1997-02-15,chat,wrong_item,1,"Hi team, we ordered polished steel brackets and received something completely different. Frankly we are already talking to your competitors. Need an answer by end of day."
1733,20132,1997-06-02,account manager note,damaged,1,"Urgent: The brass fittings were crushed in transit, the box looked like it had been dropped from a height. This is the last chance, after this we are going elsewhere. Regards, procurement."
1734,133768,1998-02-25,chat,wrong_item,0,"Urgent: Got 200 units of the wrong finish instead of the burnished tin sheets (PO 41137, 40 units) we specified."
1735,124228,1998-05-13,email,quality,1,"Compared with last year the economy brass valves (PO 16051, 120 units) feel cheaper and wear out much faster. Honestly I am not sure we can keep working with you."
1736,70187,1998-03-21,chat,wrong_item,1,Urgent: We ordered burnished tin sheets (500 units) and received something completely different. If this happens again we will move our business to another supplier. Reference attached.
1737,48776,1997-09-29,account manager note,quality,0,To whom it may concern: Two of our customers returned products built with your medium plated fasteners (500 units) because of early failure. Reference attached.
1738,35252,1997-03-22,account manager note,wrong_item,0,"The box is labelled burnished tin sheets (PO 99699, 1200 units) but inside are parts in the wrong size. Reference attached."
1739,137561,1998-01-26,account manager note,quality,0,"To whom it may concern: Two of our customers returned products built with your standard steel flanges on PO 13310 because of early failure. Regards, procurement."
1740,79304,1997-02-17,portal,quality,1,"Good morning. The latest batch of anodized copper pipe does not meet the tolerance in our spec, the threads are off. Our procurement team has asked me to find an alternative vendor. Thanks."
1741,77470,1997-01-01,chat,quality,0,"Hi Tom, compared with last year the plated nickel bolts feel cheaper and wear out much faster."
1742,148211,1998-02-11,account manager note,late_delivery,0,"Good morning. Our shipment of large copper coils (PO 64481, 200 units) was promised for the 31 January and still has not turned up. Thanks."
1743,105268,1998-05-10,portal,billing,1,Urgent: We were invoiced twice for the same batch of brass fittings. Frankly we are already talking to your competitors. Escalating to my manager if not resolved.
1744,24313,1997-03-22,phone transcript,quality,0,"Two of our customers returned products built with your brushed aluminium panels on PO 29001 because of early failure. Regards, procurement."
1745,5354,1997-05-29,email,late_delivery,1,Following up: Third week waiting on the promo tin cans. The tracking page has said 'in transit' since the 10 May. Our procurement team has asked me to find an alternative vendor.
1746,125060,1998-04-03,phone transcript,billing,0,Please explain the extra surcharge on our last statement for the small polished rods on PO 95459. Need an answer by end of day.
1747,109448,1998-04-05,phone transcript,billing,1,"Hi team, we were invoiced twice for the same batch of promo tin cans on PO 51382. We are reviewing whether to renew the contract at the end of the quarter. Thanks."
1748,24829,1997-04-08,account manager note,wrong_item,0,"Hi Tom, got 200 units of the wrong finish instead of the large copper coils on PO 11233 we specified. Reference attached."
1749,48101,1997-04-07,chat,late_delivery,0,To whom it may concern: Still no sign of the anodized copper pipe on PO 58040. Our warehouse team has been standing by since the 30 March. Thanks.
1750,29840,1998-05-15,portal,damaged,0,"Hello, opened the delivery of large copper coils on PO 21623 this morning and a good third of them are cracked. Please call me back today."
1751,31598,1997-01-14,portal,billing,0,"To whom it may concern: The price on the invoice for standard steel flanges is higher than the price we agreed in the contract. Regards, procurement."
1752,97406,1998-06-24,chat,late_delivery,0,Good morning. Third week waiting on the brushed aluminium panels (40 units). The tracking page has said 'in transit' since the 6 June. Reference attached.
1753,84452,1998-05-31,phone transcript,quality,0,"Urgent: Our QA rejected the burnished tin sheets (800 units). Finish is uneven and some pieces fail the stress test. Regards, procurement."
1754,27865,1997-10-06,portal,late_delivery,0,"Urgent: Your carrier keeps rescheduling. We were told the 25 September, then Friday, now 'next week' for the polished steel brackets on PO 52293. Thanks."
1755,82301,1998-02-20,account manager note,quality,0,Good morning. Compared with last year the brass fittings feel cheaper and wear out much faster. Need an answer by end of day.
1756,141133,1997-02-23,account manager note,late_delivery,0,"Hi Marco, still no sign of the promo tin cans. Our warehouse team has been standing by since the 19 February. Thanks."
1757,133228,1997-10-12,email,late_delivery,0,"Following up: Your carrier keeps rescheduling. We were told the 3 October, then Friday, now 'next week' for the small polished rods."
1758,2938,1997-07-31,portal,late_delivery,0,"Hi account team, our shipment of burnished tin sheets on PO 35180 was promised for the 13 July and still has not turned up."
1759,31721,1997-06-25,account manager note,damaged,0,"Urgent: Half the medium plated fasteners came out of the crate bent and scratched. Regards, procurement."
1760,41854,1997-01-15,portal,damaged,0,"Good morning. The polished steel brackets on PO 95041 were crushed in transit, the box looked like it had been dropped from a height. Need an answer by end of day."
1761,71819,1997-09-08,email,quality,0,"Hi Marco, the latest batch of brushed aluminium panels does not meet the tolerance in our spec, the threads are off. Thanks."
1762,85142,1997-10-19,email,billing,1,"Hello, the price on the invoice for polished steel brackets (1200 units) is higher than the price we agreed in the contract. We are reviewing whether to renew the contract at the end of the quarter. Please call me back today."
1763,86560,1997-02-27,chat,quality,0,Our QA rejected the large copper coils. Finish is uneven and some pieces fail the stress test. Need an answer by end of day.
1764,61271,1997-02-06,portal,account,0,"Hi Mei, we have moved office, please update the delivery address on our account. Please call me back today."
1765,33245,1997-04-06,phone transcript,billing,0,"Urgent: We still have not received the credit note you promised for the promo tin cans (75 units). Regards, procurement."
1766,54707,1997-06-02,account manager note,billing,1,"Hi team, please explain the extra surcharge on our last statement for the plated nickel bolts. We are reviewing whether to renew the contract at the end of the quarter. Regards, procurement."
1767,145355,1998-06-24,phone transcript,damaged,1,"Urgent: The economy brass valves (PO 14886, 250 units) were crushed in transit, the box looked like it had been dropped from a height. Frankly we are already talking to your competitors. Please call me back today."
1768,125726,1998-04-06,email,damaged,0,To whom it may concern: Received the plated nickel bolts but the packaging was soaked through and the metal has started to rust. Reference attached.
1769,67795,1998-03-14,account manager note,late_delivery,0,"Hello, the promo tin cans (PO 52828, 250 units) consignment slipped again. That is the second slip this quarter. Escalating to my manager if not resolved."
1770,63701,1998-07-17,phone transcript,late_delivery,0,To whom it may concern: Third week waiting on the large copper coils. The tracking page has said 'in transit' since the 27 June. Escalating to my manager if not resolved.
1771,5833,1998-02-16,account manager note,quality,0,"Following up: Two of our customers returned products built with your medium plated fasteners (PO 66321, 800 units) because of early failure."
1772,68359,1997-03-29,account manager note,billing,1,The price on the invoice for plated nickel bolts on PO 20752 is higher than the price we agreed in the contract. Honestly I am not sure we can keep working with you. Escalating to my manager if not resolved.
1773,68357,1998-03-05,chat,praise,0,"To whom it may concern: Thanks for the quick turnaround on the economy brass valves (40 units), it saved our production week. Thanks."
1774,107207,1997-07-05,account manager note,praise,0,"Hi Marco, just wanted to say the burnished tin sheets (200 units) arrived early and in perfect condition. Great job."
1775,43993,1997-08-23,phone transcript,praise,0,"Hi team, your account team sorted our standard steel flanges (250 units) issue in a single call, really appreciated. Escalating to my manager if not resolved."
1776,78868,1997-05-08,chat,praise,0,"Consistently good quality on the plated nickel bolts, our QA has not flagged anything in months. Please call me back today."
1777,46414,1997-03-15,phone transcript,account,0,"Good morning. We have moved office, please update the delivery address on our account. Thanks."
1778,28645,1997-03-28,chat,late_delivery,1,"Urgent: The brass fittings consignment slipped again. That is the second slip this quarter. This is the last chance, after this we are going elsewhere. Regards, procurement."
1779,38452,1997-05-31,email,praise,0,"Urgent: Thanks for the quick turnaround on the small polished rods (PO 55911, 1200 units), it saved our production week. Thanks."
1780,60983,1998-03-09,email,account,0,Good morning. Could you send us a copy of last year's statements for our auditors? Thanks.
1781,79025,1997-06-04,phone transcript,billing,0,"Hi Tom, our finance team cannot reconcile your invoice, the quantities of burnished tin sheets are off. Regards, procurement."
1782,133547,1998-04-18,chat,praise,0,"Hi support, thanks for the quick turnaround on the standard steel flanges (PO 98500, 120 units), it saved our production week. Escalating to my manager if not resolved."
1783,87631,1998-07-22,portal,account,0,Following up: Could you send us a copy of last year's statements for our auditors? Need an answer by end of day.
1784,127249,1997-07-14,portal,billing,0,"Hello, our finance team cannot reconcile your invoice, the quantities of standard steel flanges (PO 13604, 250 units) are off. Escalating to my manager if not resolved."
1785,15571,1998-05-07,chat,late_delivery,1,"Good morning. We planned a production run around the economy brass valves (PO 20553, 500 units) arriving on the 28 April. Nothing has arrived and the line is idle. If this happens again we will move our business to another supplier. Reference attached."
1786,15890,1997-02-03,phone transcript,billing,0,"Hi Marco, our finance team cannot reconcile your invoice, the quantities of medium plated fasteners are off. Please call me back today."
1787,9652,1998-06-22,phone transcript,damaged,0,"To whom it may concern: Pallet of brushed aluminium panels (PO 42243, 500 units) arrived with the wrapping torn open and several pieces dented. Thanks."
1788,21064,1997-03-22,email,wrong_item,0,To whom it may concern: We ordered polished steel brackets and received something completely different. Thanks.
1789,24382,1997-11-22,chat,billing,0,"Hi Mei, we were invoiced twice for the same batch of large copper coils. Escalating to my manager if not resolved."
1790,4148,1998-02-23,phone transcript,billing,0,"Following up: Our finance team cannot reconcile your invoice, the quantities of large copper coils (PO 46787, 40 units) are off. Please call me back today."
1791,133081,1998-01-13,chat,quality,0,"Urgent: Compared with last year the economy brass valves (500 units) feel cheaper and wear out much faster. Regards, procurement."
1792,120436,1998-05-24,phone transcript,quality,0,Good morning. Our QA rejected the economy brass valves (40 units). Finish is uneven and some pieces fail the stress test. Please call me back today.
1793,23669,1997-04-01,phone transcript,late_delivery,0,"Good morning. We planned a production run around the large copper coils (PO 14224, 800 units) arriving on the 15 March. Nothing has arrived and the line is idle. Regards, procurement."
1794,24562,1998-05-28,portal,wrong_item,1,"Good morning. The box is labelled brushed aluminium panels but inside are parts in the wrong size. This is the last chance, after this we are going elsewhere. Need an answer by end of day."
1795,53422,1997-08-20,email,account,0,"We have moved office, please update the delivery address on our account. Escalating to my manager if not resolved."
1796,140120,1998-01-11,email,account,0,"Hi team, could you send us a copy of last year's statements for our auditors? Thanks."
1797,44777,1998-06-24,chat,damaged,0,"Following up: The large copper coils (120 units) were crushed in transit, the box looked like it had been dropped from a height. Need an answer by end of day."
1798,143585,1997-12-05,email,account,0,Following up: Please add my colleague as a second contact on our account.
1799,63482,1997-07-20,email,quality,1,"Hello, our QA rejected the large copper coils. Finish is uneven and some pieces fail the stress test. Frankly we are already talking to your competitors."
1800,23101,1997-04-15,portal,praise,0,"Following up: Consistently good quality on the anodized copper pipe, our QA has not flagged anything in months. Need an answer by end of day."
1801,89885,1997-12-07,account manager note,late_delivery,1,We planned a production run around the medium plated fasteners (500 units) arriving on the 27 November. Nothing has arrived and the line is idle. If this happens again we will move our business to another supplier. Need an answer by end of day.
1802,48101,1997-04-13,phone transcript,billing,0,Urgent: Please explain the extra surcharge on our last statement for the brass fittings on PO 57259. Thanks.
1803,21505,1997-11-07,chat,account,0,"We have moved office, please update the delivery address on our account."
1804,15434,1997-04-16,portal,account,0,"Hi Tom, I cannot log into the ordering portal, the password reset email never arrives. Please call me back today."
1805,44696,1997-05-07,account manager note,praise,0,"Urgent: Your account team sorted our economy brass valves on PO 64709 issue in a single call, really appreciated. Escalating to my manager if not resolved."
1806,40580,1998-01-26,account manager note,praise,0,"Good morning. Just wanted to say the anodized copper pipe arrived early and in perfect condition. Great job. Regards, procurement."
1807,146501,1997-05-16,phone transcript,late_delivery,0,"Hi team, our shipment of large copper coils (PO 36376, 40 units) was promised for the 12 May and still has not turned up. Escalating to my manager if not resolved."
1808,135269,1997-05-12,account manager note,billing,0,"Hi team, we were invoiced twice for the same batch of plated nickel bolts."
1809,69073,1998-01-25,account manager note,late_delivery,0,"Hi team, our shipment of brass fittings (40 units) was promised for the 9 January and still has not turned up. Need an answer by end of day."
1810,53540,1998-02-13,email,account,0,"I cannot log into the ordering portal, the password reset email never arrives. Reference attached."
1811,99856,1998-02-03,phone transcript,late_delivery,0,"Hello, the brushed aluminium panels (800 units) consignment slipped again. That is the second slip this quarter. Escalating to my manager if not resolved."
1812,25609,1997-09-01,portal,wrong_item,0,The box is labelled polished steel brackets but inside are parts in the wrong size.
1813,67201,1997-01-10,chat,billing,1,"Following up: We still have not received the credit note you promised for the plated nickel bolts (PO 97216, 250 units). If this happens again we will move our business to another supplier. Regards, procurement."
1814,61174,1997-11-27,phone transcript,billing,1,"Good morning. We were invoiced twice for the same batch of small polished rods. This is the last chance, after this we are going elsewhere."
1815,33055,1998-07-29,account manager note,wrong_item,0,"Hi account team, the box is labelled burnished tin sheets on PO 22186 but inside are parts in the wrong size. Reference attached."
1816,43726,1998-07-24,phone transcript,wrong_item,0,Urgent: This is not what we asked for. The plated nickel bolts on PO 92154 on the invoice do not match what is on the pallet. Please call me back today.
1817,69329,1998-07-02,chat,quality,1,"Hi team, the latest batch of medium plated fasteners does not meet the tolerance in our spec, the threads are off. Frankly we are already talking to your competitors. Reference attached."
1818,28418,1998-03-14,portal,wrong_item,0,"Hi account team, your warehouse picked the wrong SKU again, these are not large copper coils (800 units). Thanks."
1819,144620,1997-10-03,phone transcript,wrong_item,0,"Following up: The box is labelled small polished rods (500 units) but inside are parts in the wrong size. Regards, procurement."
1820,76319,1997-12-04,chat,praise,0,"Urgent: Consistently good quality on the promo tin cans, our QA has not flagged anything in months."
1821,93217,1997-06-10,phone transcript,damaged,0,"Opened the delivery of economy brass valves (PO 25768, 500 units) this morning and a good third of them are cracked. Need an answer by end of day."
1822,13061,1998-01-02,chat,late_delivery,1,"Hi account team, the medium plated fasteners (PO 24626, 250 units) consignment slipped again. That is the second slip this quarter. Honestly I am not sure we can keep working with you."
1823,40694,1997-12-26,portal,account,0,Please add my colleague as a second contact on our account. Reference attached.
1824,136289,1997-05-29,phone transcript,account,0,"Hello, please add my colleague as a second contact on our account."
1825,87463,1997-02-20,portal,wrong_item,0,The box is labelled polished steel brackets on PO 45991 but inside are parts in the wrong size.
1826,64238,1997-09-05,chat,wrong_item,0,Following up: This is not what we asked for. The brushed aluminium panels on PO 62460 on the invoice do not match what is on the pallet. Thanks.
1827,103570,1998-02-07,phone transcript,late_delivery,0,"Good morning. Your carrier keeps rescheduling. We were told the 31 January, then Friday, now 'next week' for the brass fittings on PO 73511."
1828,44752,1997-03-06,email,billing,0,"To whom it may concern: Our finance team cannot reconcile your invoice, the quantities of polished steel brackets on PO 79561 are off. Reference attached."
1829,101261,1998-01-01,portal,praise,0,"Following up: Consistently good quality on the brushed aluminium panels, our QA has not flagged anything in months."
1830,90019,1997-08-11,email,damaged,1,"Urgent: The promo tin cans (800 units) were crushed in transit, the box looked like it had been dropped from a height. This is the last chance, after this we are going elsewhere."
1831,73019,1997-04-13,chat,billing,1,Following up: Please explain the extra surcharge on our last statement for the promo tin cans on PO 69779. Honestly I am not sure we can keep working with you. Need an answer by end of day.
1832,124747,1997-12-14,phone transcript,praise,0,"Urgent: Your account team sorted our burnished tin sheets issue in a single call, really appreciated. Reference attached."
1833,55115,1998-03-21,phone transcript,wrong_item,0,"We ordered brushed aluminium panels (PO 86329, 500 units) and received something completely different. Need an answer by end of day."
1834,69634,1998-03-19,chat,late_delivery,0,"To whom it may concern: Still no sign of the large copper coils (PO 23349, 1200 units). Our warehouse team has been standing by since the 11 March."
1835,90166,1997-02-25,email,praise,0,"Your account team sorted our standard steel flanges (PO 49119, 200 units) issue in a single call, really appreciated. Escalating to my manager if not resolved."
1836,126814,1997-12-08,portal,late_delivery,1,"Hello, the medium plated fasteners (1200 units) consignment slipped again. That is the second slip this quarter. If this happens again we will move our business to another supplier. Need an answer by end of day."
1837,103156,1998-01-10,chat,late_delivery,1,Good morning. Third week waiting on the standard steel flanges on PO 62597. The tracking page has said 'in transit' since the 28 December. Honestly I am not sure we can keep working with you. Escalating to my manager if not resolved.
1838,90181,1998-01-19,account manager note,damaged,0,"Hello, received the standard steel flanges but the packaging was soaked through and the metal has started to rust. Reference attached."
1839,30818,1997-11-05,portal,quality,0,"Hi Mei, the latest batch of standard steel flanges (75 units) does not meet the tolerance in our spec, the threads are off. Need an answer by end of day."
1840,25171,1997-09-02,phone transcript,damaged,0,Good morning. Opened the delivery of burnished tin sheets (1200 units) this morning and a good third of them are cracked. Escalating to my manager if not resolved.
1841,56821,1998-05-20,account manager note,quality,0,Good morning. Compared with last year the medium plated fasteners on PO 42185 feel cheaper and wear out much faster.
1842,10306,1998-01-17,email,account,0,Following up: Please add my colleague as a second contact on our account.
1843,81947,1997-02-06,phone transcript,wrong_item,0,"Your warehouse picked the wrong SKU again, these are not economy brass valves (PO 85317, 250 units). Please call me back today."
1844,112313,1998-02-12,account manager note,quality,0,"Hello, two of our customers returned products built with your small polished rods because of early failure. Reference attached."
1845,95639,1998-01-12,portal,account,0,"Following up: We have moved office, please update the delivery address on our account. Regards, procurement."
1846,121276,1997-12-20,chat,late_delivery,0,Good morning. Our shipment of polished steel brackets was promised for the 3 December and still has not turned up. Need an answer by end of day.
1847,51385,1998-02-19,email,late_delivery,0,"Hi account team, still no sign of the medium plated fasteners. Our warehouse team has been standing by since the 14 February. Need an answer by end of day."
1848,89839,1998-04-13,portal,billing,0,"Hi Marco, we still have not received the credit note you promised for the medium plated fasteners."
1849,51413,1998-03-02,portal,account,0,"Hi team, we have moved office, please update the delivery address on our account. Please call me back today."
1850,80252,1997-06-20,account manager note,late_delivery,0,Still no sign of the brushed aluminium panels. Our warehouse team has been standing by since the 31 May. Please call me back today.
1851,20917,1997-11-23,email,account,0,To whom it may concern: Please add my colleague as a second contact on our account. Reference attached.
1852,22454,1998-06-30,chat,wrong_item,0,"Hi account team, the box is labelled medium plated fasteners (75 units) but inside are parts in the wrong size. Reference attached."
1853,21043,1998-07-07,phone transcript,praise,0,"Hi Rahul, just wanted to say the polished steel brackets on PO 68269 arrived early and in perfect condition. Great job. Need an answer by end of day."
1854,48388,1997-05-18,account manager note,damaged,0,Urgent: Pallet of anodized copper pipe arrived with the wrapping torn open and several pieces dented.
1855,2771,1997-08-01,account manager note,late_delivery,0,Urgent: Still no sign of the economy brass valves. Our warehouse team has been standing by since the 17 July. Escalating to my manager if not resolved.
1856,17218,1998-05-10,account manager note,billing,1,"Hi support, we still have not received the credit note you promised for the economy brass valves. Our procurement team has asked me to find an alternative vendor. Escalating to my manager if not resolved."
1857,58294,1997-04-07,email,late_delivery,0,Urgent: The standard steel flanges consignment slipped again. That is the second slip this quarter.
1858,84647,1997-06-15,portal,late_delivery,1,"Good morning. Can someone tell me where order for economy brass valves (500 units) is? It was meant to be here days ago. This is the last chance, after this we are going elsewhere."
1859,118130,1997-01-21,email,billing,1,Following up: The price on the invoice for economy brass valves (40 units) is higher than the price we agreed in the contract. Honestly I am not sure we can keep working with you.
1860,30898,1997-03-12,phone transcript,late_delivery,0,"Hi support, the small polished rods (75 units) consignment slipped again. That is the second slip this quarter."
1861,133705,1997-03-10,account manager note,account,0,"To whom it may concern: We have moved office, please update the delivery address on our account."
1862,118859,1997-10-10,email,damaged,1,"Hello, the large copper coils were crushed in transit, the box looked like it had been dropped from a height. This is the last chance, after this we are going elsewhere. Need an answer by end of day."
1863,69947,1998-04-05,email,damaged,0,"Good morning. The burnished tin sheets (75 units) were crushed in transit, the box looked like it had been dropped from a height. Reference attached."
1864,88834,1997-04-01,chat,damaged,0,"The anodized copper pipe on PO 34824 were crushed in transit, the box looked like it had been dropped from a height. Escalating to my manager if not resolved."
1865,79552,1998-05-20,email,wrong_item,0,"Hello, this is not what we asked for. The standard steel flanges on the invoice do not match what is on the pallet."
1866,109898,1998-01-27,chat,late_delivery,0,"Good morning. Still no sign of the brass fittings (75 units). Our warehouse team has been standing by since the 7 January. Regards, procurement."
1867,119288,1998-07-25,portal,late_delivery,1,"Hi Priya, our shipment of standard steel flanges (PO 70920, 1200 units) was promised for the 10 July and still has not turned up. We are reviewing whether to renew the contract at the end of the quarter. Reference attached."
1868,69214,1998-04-29,phone transcript,praise,0,"Hi team, thanks for the quick turnaround on the burnished tin sheets, it saved our production week. Escalating to my manager if not resolved."
1869,141926,1997-01-01,email,late_delivery,0,"Your carrier keeps rescheduling. We were told the 15 December, then Friday, now 'next week' for the plated nickel bolts on PO 79904. Regards, procurement."
1870,108412,1998-02-01,email,account,0,"Following up: We have moved office, please update the delivery address on our account. Need an answer by end of day."
1871,120937,1997-02-22,portal,late_delivery,0,Good morning. We planned a production run around the standard steel flanges on PO 61407 arriving on the 10 February. Nothing has arrived and the line is idle. Reference attached.
1872,2731,1998-04-12,chat,wrong_item,0,"Hello, your warehouse picked the wrong SKU again, these are not anodized copper pipe."
1873,28337,1998-01-25,portal,wrong_item,0,"Hi Mei, your warehouse picked the wrong SKU again, these are not large copper coils (800 units). Thanks."
1874,106501,1998-07-16,portal,account,0,"Following up: Could you send us a copy of last year's statements for our auditors? Regards, procurement."
1875,90620,1998-05-24,chat,damaged,0,Half the standard steel flanges on PO 68201 came out of the crate bent and scratched. Reference attached.
1876,12352,1997-07-11,portal,damaged,1,"Hi team, pallet of medium plated fasteners arrived with the wrapping torn open and several pieces dented. Honestly I am not sure we can keep working with you. Regards, procurement."
1877,34214,1997-08-24,portal,billing,0,"Hi Priya, our finance team cannot reconcile your invoice, the quantities of plated nickel bolts (800 units) are off."
1878,12730,1998-07-05,email,damaged,0,Good morning. Pallet of economy brass valves (120 units) arrived with the wrapping torn open and several pieces dented. Escalating to my manager if not resolved.
1879,14986,1997-09-29,phone transcript,praise,0,"Urgent: Consistently good quality on the plated nickel bolts on PO 47652, our QA has not flagged anything in months."
1880,144350,1997-05-27,chat,account,0,Following up: Could you send us a copy of last year's statements for our auditors?
1881,24388,1998-04-03,chat,billing,1,"Hi team, the price on the invoice for large copper coils (PO 98963, 40 units) is higher than the price we agreed in the contract. Frankly we are already talking to your competitors."
1882,20917,1997-11-30,phone transcript,account,0,"Hi team, we have moved office, please update the delivery address on our account. Escalating to my manager if not resolved."
1883,84976,1997-11-14,portal,praise,0,"Thanks for the quick turnaround on the promo tin cans (800 units), it saved our production week. Thanks."
1884,20785,1998-06-03,portal,billing,0,"To whom it may concern: We were invoiced twice for the same batch of brass fittings (PO 12540, 40 units). Need an answer by end of day."
1885,138892,1997-05-31,account manager note,account,0,Following up: Could you send us a copy of last year's statements for our auditors?
1886,95479,1997-03-11,account manager note,billing,0,"Hi team, please explain the extra surcharge on our last statement for the brass fittings (800 units). Reference attached."
1887,113063,1997-06-24,phone transcript,late_delivery,0,"Following up: We planned a production run around the brass fittings arriving on the 4 June. Nothing has arrived and the line is idle. Regards, procurement."
1888,40247,1998-05-21,portal,wrong_item,0,Urgent: Got 200 units of the wrong finish instead of the anodized copper pipe we specified. Need an answer by end of day.
1889,126718,1998-05-13,portal,late_delivery,0,Our shipment of polished steel brackets (500 units) was promised for the 7 May and still has not turned up.
1890,117956,1997-05-13,email,late_delivery,1,The brushed aluminium panels consignment slipped again. That is the second slip this quarter. Frankly we are already talking to your competitors. Please call me back today.
1891,32740,1997-07-22,email,praise,0,"Hi team, consistently good quality on the standard steel flanges on PO 76259, our QA has not flagged anything in months. Reference attached."
1892,29020,1997-08-05,phone transcript,wrong_item,0,"Hi team, got 200 units of the wrong finish instead of the promo tin cans (PO 47017, 75 units) we specified. Escalating to my manager if not resolved."
1893,62321,1997-11-03,email,account,0,"Hi support, we have moved office, please update the delivery address on our account."
1894,48101,1998-04-27,portal,late_delivery,0,"Hi account team, can someone tell me where order for small polished rods (PO 94641, 200 units) is? It was meant to be here days ago. Need an answer by end of day."
1895,106457,1997-12-17,phone transcript,billing,0,Following up: We still have not received the credit note you promised for the plated nickel bolts on PO 78012.
1896,68671,1998-06-15,chat,late_delivery,0,We planned a production run around the medium plated fasteners arriving on the 26 May. Nothing has arrived and the line is idle. Need an answer by end of day.
1897,18034,1997-02-21,portal,praise,0,Good morning. Just wanted to say the medium plated fasteners arrived early and in perfect condition. Great job. Escalating to my manager if not resolved.
1898,22159,1997-06-21,phone transcript,damaged,0,"To whom it may concern: Received the economy brass valves (PO 26500, 120 units) but the packaging was soaked through and the metal has started to rust. Regards, procurement."
1899,17258,1997-03-02,phone transcript,account,0,"Hello, I cannot log into the ordering portal, the password reset email never arrives. Please call me back today."
1900,42883,1997-12-03,portal,wrong_item,1,The box is labelled economy brass valves on PO 11510 but inside are parts in the wrong size. We are reviewing whether to renew the contract at the end of the quarter. Need an answer by end of day.
1901,5212,1997-09-06,portal,billing,0,"Hi account team, our finance team cannot reconcile your invoice, the quantities of medium plated fasteners (800 units) are off. Regards, procurement."
1902,4168,1997-06-17,chat,late_delivery,0,"Hi Marco, our shipment of small polished rods (1200 units) was promised for the 13 June and still has not turned up. Please call me back today."
1903,3869,1997-02-26,phone transcript,late_delivery,0,We planned a production run around the economy brass valves (1200 units) arriving on the 19 February. Nothing has arrived and the line is idle. Escalating to my manager if not resolved.
1904,95338,1997-02-23,phone transcript,late_delivery,0,"Hello, can someone tell me where order for small polished rods (120 units) is? It was meant to be here days ago."
1905,90901,1997-08-19,portal,account,0,"Hi Priya, could you send us a copy of last year's statements for our auditors? Please call me back today."
1906,143024,1998-07-26,portal,wrong_item,0,"Hello, your warehouse picked the wrong SKU again, these are not small polished rods. Regards, procurement."
1907,115825,1997-09-12,phone transcript,damaged,0,"Hello, the medium plated fasteners were crushed in transit, the box looked like it had been dropped from a height. Please call me back today."
1908,18611,1998-07-06,portal,late_delivery,1,Third week waiting on the brushed aluminium panels. The tracking page has said 'in transit' since the 22 June. If this happens again we will move our business to another supplier. Thanks.
1909,16654,1997-01-30,phone transcript,damaged,0,To whom it may concern: Half the standard steel flanges came out of the crate bent and scratched.
1910,9331,1998-02-07,account manager note,account,0,"Hi team, could you send us a copy of last year's statements for our auditors? Regards, procurement."
1911,17926,1997-03-19,chat,quality,0,Our QA rejected the promo tin cans. Finish is uneven and some pieces fail the stress test. Need an answer by end of day.
1912,107929,1998-04-27,portal,quality,0,"To whom it may concern: The latest batch of polished steel brackets (1200 units) does not meet the tolerance in our spec, the threads are off. Regards, procurement."
1913,112312,1998-02-24,email,account,0,"Hi support, I cannot log into the ordering portal, the password reset email never arrives. Thanks."
1914,93979,1997-01-01,account manager note,praise,0,"Your account team sorted our standard steel flanges (PO 50981, 75 units) issue in a single call, really appreciated. Thanks."
1915,61025,1998-04-17,phone transcript,billing,1,"Hello, we were invoiced twice for the same batch of polished steel brackets (200 units). This is the last chance, after this we are going elsewhere."
1916,68359,1998-03-04,email,quality,0,"Hi team, the latest batch of small polished rods does not meet the tolerance in our spec, the threads are off."
1917,11993,1997-09-06,phone transcript,damaged,0,Urgent: Several of the large copper coils on PO 63429 were snapped in two when we unpacked them.
1918,29185,1998-01-26,chat,billing,1,"Following up: We still have not received the credit note you promised for the brushed aluminium panels (PO 59832, 120 units). Frankly we are already talking to your competitors. Escalating to my manager if not resolved."
1919,139846,1997-10-25,portal,late_delivery,1,"Hello, can someone tell me where order for standard steel flanges is? It was meant to be here days ago. This is the last chance, after this we are going elsewhere. Regards, procurement."
1920,143024,1998-02-14,phone transcript,late_delivery,1,"Good morning. We planned a production run around the promo tin cans (PO 23531, 500 units) arriving on the 25 January. Nothing has arrived and the line is idle. Our procurement team has asked me to find an alternative vendor."
1921,110594,1998-03-22,phone transcript,billing,0,To whom it may concern: We still have not received the credit note you promised for the economy brass valves on PO 68909.
1922,40067,1997-12-26,email,wrong_item,0,"Hello, the box is labelled medium plated fasteners on PO 62713 but inside are parts in the wrong size. Escalating to my manager if not resolved."
1923,4831,1997-05-18,portal,quality,0,To whom it may concern: Our QA rejected the brushed aluminium panels on PO 66167. Finish is uneven and some pieces fail the stress test. Escalating to my manager if not resolved.
1924,57571,1998-05-23,portal,late_delivery,1,"Hi team, our shipment of small polished rods on PO 24190 was promised for the 9 May and still has not turned up. Our procurement team has asked me to find an alternative vendor. Please call me back today."
1925,8219,1997-02-28,chat,damaged,0,To whom it may concern: Several of the anodized copper pipe (250 units) were snapped in two when we unpacked them. Need an answer by end of day.
1926,17816,1997-02-07,email,account,0,"Following up: We have moved office, please update the delivery address on our account. Escalating to my manager if not resolved."
1927,145025,1997-01-14,chat,damaged,0,"Hello, half the burnished tin sheets (200 units) came out of the crate bent and scratched. Need an answer by end of day."
1928,80809,1997-08-20,portal,damaged,0,"Following up: The brass fittings (PO 23940, 250 units) were crushed in transit, the box looked like it had been dropped from a height. Thanks."
1929,147160,1998-06-19,portal,damaged,0,"To whom it may concern: Opened the delivery of promo tin cans (PO 29041, 120 units) this morning and a good third of them are cracked."
1930,11398,1997-08-18,phone transcript,late_delivery,1,Following up: Still no sign of the plated nickel bolts. Our warehouse team has been standing by since the 12 August. If this happens again we will move our business to another supplier. Reference attached.
1931,57019,1998-06-13,chat,late_delivery,1,"Can someone tell me where order for medium plated fasteners is? It was meant to be here days ago. This is the last chance, after this we are going elsewhere."
1932,68359,1998-06-24,chat,late_delivery,0,Still no sign of the large copper coils (250 units). Our warehouse team has been standing by since the 15 June. Reference attached.
1933,140566,1998-07-19,account manager note,damaged,0,Pallet of plated nickel bolts (250 units) arrived with the wrapping torn open and several pieces dented. Please call me back today.
1934,8275,1997-03-14,portal,late_delivery,1,"We planned a production run around the burnished tin sheets (PO 70558, 200 units) arriving on the 10 March. Nothing has arrived and the line is idle. If this happens again we will move our business to another supplier."
1935,44863,1998-01-25,chat,damaged,1,Several of the medium plated fasteners on PO 44546 were snapped in two when we unpacked them. If this happens again we will move our business to another supplier.
1936,99596,1997-05-08,portal,billing,0,"Hi support, please explain the extra surcharge on our last statement for the polished steel brackets on PO 51330. Regards, procurement."
1937,41045,1997-10-15,phone transcript,damaged,0,Received the polished steel brackets but the packaging was soaked through and the metal has started to rust. Reference attached.
1938,101291,1998-04-01,account manager note,billing,0,Following up: We still have not received the credit note you promised for the promo tin cans. Need an answer by end of day.
1939,71242,1998-05-31,phone transcript,late_delivery,0,Our shipment of standard steel flanges on PO 19071 was promised for the 20 May and still has not turned up. Reference attached.
1940,78728,1997-06-06,chat,wrong_item,1,Good morning. Got 200 units of the wrong finish instead of the standard steel flanges (1200 units) we specified. Frankly we are already talking to your competitors. Escalating to my manager if not resolved.
1941,18562,1998-06-22,email,account,0,"We have moved office, please update the delivery address on our account. Thanks."
1942,103961,1997-01-18,portal,praise,0,To whom it may concern: Just wanted to say the burnished tin sheets arrived early and in perfect condition. Great job. Escalating to my manager if not resolved.
1943,14201,1997-02-07,email,late_delivery,1,To whom it may concern: Can someone tell me where order for polished steel brackets is? It was meant to be here days ago. Frankly we are already talking to your competitors. Thanks.
1944,122500,1998-03-28,email,late_delivery,0,Good morning. Still no sign of the plated nickel bolts on PO 70801. Our warehouse team has been standing by since the 9 March. Need an answer by end of day.
1945,81250,1997-09-10,chat,praise,0,"Following up: Just wanted to say the economy brass valves arrived early and in perfect condition. Great job. Regards, procurement."
1946,109975,1997-07-26,portal,late_delivery,0,"Our shipment of brass fittings (PO 24502, 75 units) was promised for the 10 July and still has not turned up."
1947,136049,1997-10-02,phone transcript,account,0,"To whom it may concern: We have moved office, please update the delivery address on our account. Regards, procurement."
1948,331,1998-02-21,email,billing,0,"Hello, our finance team cannot reconcile your invoice, the quantities of small polished rods (500 units) are off. Regards, procurement."
1949,69202,1997-07-04,portal,damaged,0,"Hi Tom, several of the economy brass valves (PO 38107, 500 units) were snapped in two when we unpacked them. Escalating to my manager if not resolved."
1950,63859,1997-11-07,chat,account,0,Following up: Please add my colleague as a second contact on our account. Thanks.
1951,62771,1998-05-06,email,late_delivery,0,"Your carrier keeps rescheduling. We were told the 1 May, then Friday, now 'next week' for the medium plated fasteners (PO 97003, 1200 units). Regards, procurement."
1952,83737,1998-05-09,account manager note,praise,0,"Hi Priya, consistently good quality on the promo tin cans (PO 14374, 1200 units), our QA has not flagged anything in months."
1953,103061,1997-05-02,phone transcript,billing,0,"To whom it may concern: Our finance team cannot reconcile your invoice, the quantities of small polished rods are off. Reference attached."
1954,60497,1998-07-02,chat,damaged,0,Several of the small polished rods on PO 12041 were snapped in two when we unpacked them.
1955,14356,1997-09-14,phone transcript,quality,0,Urgent: Two of our customers returned products built with your medium plated fasteners because of early failure. Please call me back today.
1956,12013,1997-06-27,chat,late_delivery,1,"Your carrier keeps rescheduling. We were told the 23 June, then Friday, now 'next week' for the economy brass valves. We are reviewing whether to renew the contract at the end of the quarter. Thanks."
1957,50651,1997-09-22,chat,wrong_item,0,We ordered plated nickel bolts on PO 28260 and received something completely different. Please call me back today.
1958,127249,1998-01-20,phone transcript,praise,0,"Urgent: Thanks for the quick turnaround on the promo tin cans on PO 99181, it saved our production week. Regards, procurement."
1959,143380,1998-05-21,portal,wrong_item,1,"Hi Marco, this is not what we asked for. The medium plated fasteners (PO 92330, 200 units) on the invoice do not match what is on the pallet. Frankly we are already talking to your competitors. Please call me back today."
1960,40775,1997-01-22,portal,praise,0,"Hi Rahul, just wanted to say the economy brass valves arrived early and in perfect condition. Great job. Regards, procurement."
1961,3920,1997-04-30,portal,damaged,0,"Urgent: The small polished rods (PO 65516, 200 units) were crushed in transit, the box looked like it had been dropped from a height. Escalating to my manager if not resolved."
1962,26660,1997-03-11,portal,late_delivery,1,"Hi team, third week waiting on the small polished rods on PO 96322. The tracking page has said 'in transit' since the 19 February. Honestly I am not sure we can keep working with you. Thanks."
1963,67670,1997-09-04,phone transcript,damaged,1,"To whom it may concern: Pallet of standard steel flanges on PO 89300 arrived with the wrapping torn open and several pieces dented. This is the last chance, after this we are going elsewhere. Thanks."
1964,138659,1997-10-13,phone transcript,quality,0,"The latest batch of burnished tin sheets (PO 76492, 800 units) does not meet the tolerance in our spec, the threads are off. Regards, procurement."
1965,101884,1998-06-17,portal,late_delivery,0,We planned a production run around the brass fittings (1200 units) arriving on the 3 June. Nothing has arrived and the line is idle.
1966,122674,1998-06-28,portal,quality,0,To whom it may concern: Our QA rejected the standard steel flanges on PO 32509. Finish is uneven and some pieces fail the stress test. Need an answer by end of day.
1967,1760,1997-07-02,portal,late_delivery,0,"Hello, third week waiting on the small polished rods (PO 12947, 800 units). The tracking page has said 'in transit' since the 19 June."
1968,82798,1997-12-19,phone transcript,billing,0,"Hello, we still have not received the credit note you promised for the medium plated fasteners on PO 71395. Reference attached."
1969,119551,1997-05-30,email,late_delivery,0,"Our shipment of plated nickel bolts (PO 99415, 250 units) was promised for the 12 May and still has not turned up. Thanks."
1970,42040,1998-06-25,portal,late_delivery,1,"Following up: Our shipment of economy brass valves was promised for the 19 June and still has not turned up. This is the last chance, after this we are going elsewhere. Need an answer by end of day."
1971,36521,1997-01-15,chat,late_delivery,0,"Hello, your carrier keeps rescheduling. We were told the 27 December, then Friday, now 'next week' for the large copper coils. Please call me back today."
1972,92575,1997-06-25,phone transcript,wrong_item,0,"Urgent: We ordered polished steel brackets and received something completely different. Regards, procurement."
1973,34294,1997-06-02,phone transcript,billing,0,We still have not received the credit note you promised for the anodized copper pipe. Need an answer by end of day.
1974,23954,1997-03-13,email,praise,0,"Hi Anna, thanks for the quick turnaround on the economy brass valves, it saved our production week. Reference attached."
1975,3373,1998-01-08,portal,late_delivery,1,"Good morning. Your carrier keeps rescheduling. We were told the 1 January, then Friday, now 'next week' for the polished steel brackets. Frankly we are already talking to your competitors. Regards, procurement."
1976,37316,1998-04-08,phone transcript,damaged,1,"Several of the anodized copper pipe were snapped in two when we unpacked them. Honestly I am not sure we can keep working with you. Regards, procurement."
1977,142402,1998-04-13,account manager note,late_delivery,0,"Hi team, still no sign of the brushed aluminium panels. Our warehouse team has been standing by since the 7 April. Thanks."
1978,102115,1998-07-26,email,billing,1,"Hello, please explain the extra surcharge on our last statement for the standard steel flanges (40 units). We are reviewing whether to renew the contract at the end of the quarter."
1979,128399,1997-09-28,account manager note,wrong_item,0,"Urgent: This is not what we asked for. The promo tin cans (PO 14014, 40 units) on the invoice do not match what is on the pallet."
1980,108974,1998-02-27,email,damaged,0,"Hi team, half the small polished rods came out of the crate bent and scratched. Reference attached."
1981,143720,1997-07-19,portal,quality,1,"To whom it may concern: Our QA rejected the polished steel brackets (120 units). Finish is uneven and some pieces fail the stress test. This is the last chance, after this we are going elsewhere."
1982,52030,1998-04-01,chat,account,0,Good morning. Could you send us a copy of last year's statements for our auditors? Please call me back today.
1983,142423,1997-04-20,chat,damaged,0,To whom it may concern: Received the polished steel brackets but the packaging was soaked through and the metal has started to rust. Escalating to my manager if not resolved.
1984,30863,1998-02-16,chat,billing,1,Good morning. The price on the invoice for brass fittings is higher than the price we agreed in the contract. We are reviewing whether to renew the contract at the end of the quarter.
1985,116633,1997-11-13,account manager note,wrong_item,1,To whom it may concern: This is not what we asked for. The anodized copper pipe on the invoice do not match what is on the pallet. Honestly I am not sure we can keep working with you. Reference attached.
1986,65566,1997-04-01,phone transcript,billing,0,Urgent: We were invoiced twice for the same batch of polished steel brackets. Escalating to my manager if not resolved.
1987,22454,1997-04-17,portal,quality,0,"To whom it may concern: The latest batch of polished steel brackets (PO 82023, 40 units) does not meet the tolerance in our spec, the threads are off. Please call me back today."
1988,40516,1998-06-19,chat,damaged,0,"Urgent: The promo tin cans (PO 11017, 40 units) were crushed in transit, the box looked like it had been dropped from a height."
1989,86078,1997-08-21,account manager note,praise,0,"Your account team sorted our brass fittings (PO 61172, 250 units) issue in a single call, really appreciated. Please call me back today."
1990,27503,1997-08-14,chat,account,0,Urgent: Please add my colleague as a second contact on our account. Thanks.
1991,81955,1997-09-22,account manager note,quality,0,"Hello, the latest batch of burnished tin sheets on PO 61894 does not meet the tolerance in our spec, the threads are off. Escalating to my manager if not resolved."
1992,135680,1997-09-16,phone transcript,quality,1,Following up: Our QA rejected the plated nickel bolts (75 units). Finish is uneven and some pieces fail the stress test. Honestly I am not sure we can keep working with you. Reference attached.
1993,148817,1997-12-30,email,quality,1,"Good morning. Compared with last year the promo tin cans feel cheaper and wear out much faster. This is the last chance, after this we are going elsewhere. Reference attached."
1994,137953,1998-03-16,phone transcript,wrong_item,0,Urgent: Got 200 units of the wrong finish instead of the brushed aluminium panels on PO 69040 we specified.
1995,139030,1997-08-12,phone transcript,account,0,"I cannot log into the ordering portal, the password reset email never arrives. Thanks."
1996,31721,1997-01-03,portal,billing,0,"Hi team, the price on the invoice for standard steel flanges on PO 60843 is higher than the price we agreed in the contract. Reference attached."
1997,82592,1997-12-15,portal,damaged,0,Pallet of anodized copper pipe on PO 99406 arrived with the wrapping torn open and several pieces dented. Please call me back today.
1998,144842,1997-09-01,email,late_delivery,1,"Following up: We planned a production run around the brushed aluminium panels (75 units) arriving on the 28 August. Nothing has arrived and the line is idle. Frankly we are already talking to your competitors. Regards, procurement."
1999,39007,1997-12-04,email,damaged,0,"To whom it may concern: The brass fittings on PO 56784 were crushed in transit, the box looked like it had been dropped from a height."
2000,29140,1997-04-27,portal,late_delivery,0,"Hi Rahul, we planned a production run around the standard steel flanges (75 units) arriving on the 13 April. Nothing has arrived and the line is idle. Escalating to my manager if not resolved."
2001,26210,1997-09-13,email,late_delivery,0,"Hi team, your carrier keeps rescheduling. We were told the 10 September, then Friday, now 'next week' for the medium plated fasteners on PO 93213. Reference attached."
2002,72098,1997-06-22,phone transcript,account,0,"We have moved office, please update the delivery address on our account. Reference attached."
2003,81688,1997-11-28,portal,damaged,0,"Hi team, pallet of brushed aluminium panels on PO 16691 arrived with the wrapping torn open and several pieces dented. Escalating to my manager if not resolved."
2004,64015,1997-05-21,account manager note,late_delivery,1,"Your carrier keeps rescheduling. We were told the 5 May, then Friday, now 'next week' for the standard steel flanges (PO 85570, 200 units). This is the last chance, after this we are going elsewhere. Please call me back today."
2005,104966,1997-05-26,email,billing,0,"Hi team, we were invoiced twice for the same batch of economy brass valves on PO 34083. Reference attached."
2006,110786,1997-02-08,account manager note,wrong_item,1,"To whom it may concern: The box is labelled economy brass valves (PO 18799, 40 units) but inside are parts in the wrong size. This is the last chance, after this we are going elsewhere. Regards, procurement."
2007,41302,1998-05-03,chat,wrong_item,0,The box is labelled anodized copper pipe but inside are parts in the wrong size.
2008,120436,1997-05-31,chat,account,0,"I cannot log into the ordering portal, the password reset email never arrives. Thanks."
2009,140365,1997-05-29,account manager note,late_delivery,0,Good morning. Can someone tell me where order for large copper coils is? It was meant to be here days ago. Reference attached.
2010,145073,1998-07-15,email,praise,0,"Hi team, just wanted to say the anodized copper pipe arrived early and in perfect condition. Great job. Please call me back today."
2011,69539,1997-09-22,account manager note,account,0,To whom it may concern: Could you send us a copy of last year's statements for our auditors? Thanks.
2012,140600,1997-09-21,phone transcript,late_delivery,0,"Hello, the brushed aluminium panels consignment slipped again. That is the second slip this quarter. Escalating to my manager if not resolved."
2013,37298,1997-01-04,chat,late_delivery,0,To whom it may concern: Can someone tell me where order for small polished rods on PO 64601 is? It was meant to be here days ago.
2014,18665,1998-04-10,account manager note,wrong_item,0,"Hi Priya, your warehouse picked the wrong SKU again, these are not anodized copper pipe on PO 30324. Please call me back today."
2015,104285,1998-03-25,chat,late_delivery,0,"Following up: Your carrier keeps rescheduling. We were told the 6 March, then Friday, now 'next week' for the brass fittings."
2016,68816,1997-07-26,portal,wrong_item,0,"Following up: We ordered polished steel brackets (PO 50057, 800 units) and received something completely different. Regards, procurement."
2017,136918,1998-01-05,account manager note,billing,0,"Hi Priya, we were invoiced twice for the same batch of burnished tin sheets (250 units). Need an answer by end of day."
2018,123548,1997-05-02,phone transcript,late_delivery,0,Third week waiting on the standard steel flanges. The tracking page has said 'in transit' since the 28 April.
2019,14080,1997-08-20,phone transcript,late_delivery,0,"Hi account team, your carrier keeps rescheduling. We were told the 13 August, then Friday, now 'next week' for the burnished tin sheets (PO 68016, 500 units). Need an answer by end of day."
2020,27895,1997-04-04,email,account,0,"Following up: I cannot log into the ordering portal, the password reset email never arrives. Reference attached."
2021,123383,1997-06-02,phone transcript,damaged,1,"Hello, half the brushed aluminium panels (1200 units) came out of the crate bent and scratched. Honestly I am not sure we can keep working with you. Please call me back today."
2022,43778,1998-04-30,phone transcript,account,0,"Hello, could you send us a copy of last year's statements for our auditors? Need an answer by end of day."
2023,10316,1997-09-22,phone transcript,late_delivery,0,"We planned a production run around the medium plated fasteners arriving on the 16 September. Nothing has arrived and the line is idle. Regards, procurement."
2024,98756,1997-07-12,email,late_delivery,0,"Hi Mei, your carrier keeps rescheduling. We were told the 25 June, then Friday, now 'next week' for the burnished tin sheets (PO 68214, 200 units)."
2025,20668,1997-11-24,phone transcript,praise,0,"Good morning. Consistently good quality on the brushed aluminium panels (PO 70005, 75 units), our QA has not flagged anything in months. Thanks."
2026,69608,1997-02-05,phone transcript,damaged,0,Urgent: Pallet of large copper coils arrived with the wrapping torn open and several pieces dented. Reference attached.
2027,130871,1998-07-26,email,late_delivery,0,To whom it may concern: We planned a production run around the economy brass valves arriving on the 19 July. Nothing has arrived and the line is idle.
2028,43502,1997-02-28,email,quality,0,Urgent: Two of our customers returned products built with your small polished rods on PO 19282 because of early failure. Reference attached.
2029,10456,1998-02-26,portal,late_delivery,0,"Following up: Your carrier keeps rescheduling. We were told the 15 February, then Friday, now 'next week' for the polished steel brackets on PO 16857."
2030,42983,1998-03-05,chat,late_delivery,0,Following up: Our shipment of plated nickel bolts was promised for the 20 February and still has not turned up. Need an answer by end of day.
2031,77251,1998-05-11,portal,wrong_item,0,Good morning. This is not what we asked for. The large copper coils on the invoice do not match what is on the pallet. Need an answer by end of day.
2032,105131,1998-04-12,chat,billing,0,"Following up: We were invoiced twice for the same batch of polished steel brackets (PO 99416, 250 units). Escalating to my manager if not resolved."
2033,142019,1997-10-05,chat,late_delivery,0,Following up: The brushed aluminium panels consignment slipped again. That is the second slip this quarter. Escalating to my manager if not resolved.
2034,130871,1998-04-27,chat,wrong_item,0,"Urgent: Got 200 units of the wrong finish instead of the brushed aluminium panels (250 units) we specified. Regards, procurement."
2035,16778,1997-05-20,chat,account,0,"We have moved office, please update the delivery address on our account. Reference attached."
2036,110608,1998-01-21,phone transcript,late_delivery,1,"Hi team, still no sign of the burnished tin sheets on PO 24533. Our warehouse team has been standing by since the 2 January. We are reviewing whether to renew the contract at the end of the quarter. Escalating to my manager if not resolved."
2037,60835,1997-03-13,email,damaged,1,"Hi team, half the brushed aluminium panels (PO 27839, 800 units) came out of the crate bent and scratched. Our procurement team has asked me to find an alternative vendor. Reference attached."
2038,17671,1997-05-15,chat,damaged,1,Good morning. Pallet of small polished rods arrived with the wrapping torn open and several pieces dented. Our procurement team has asked me to find an alternative vendor. Please call me back today.
2039,128855,1997-06-15,chat,damaged,1,"Hi Anna, half the plated nickel bolts (1200 units) came out of the crate bent and scratched. If this happens again we will move our business to another supplier. Regards, procurement."
2040,98752,1998-07-25,portal,praise,0,"Hi Tom, consistently good quality on the standard steel flanges on PO 61785, our QA has not flagged anything in months. Reference attached."
2041,19930,1997-11-30,portal,damaged,0,Several of the small polished rods (75 units) were snapped in two when we unpacked them. Please call me back today.
2042,65413,1998-06-20,portal,account,0,Could you send us a copy of last year's statements for our auditors? Need an answer by end of day.
2043,141662,1998-06-30,chat,account,0,"Hi team, please add my colleague as a second contact on our account. Please call me back today."
2044,40750,1998-04-17,account manager note,praise,0,"Thanks for the quick turnaround on the polished steel brackets, it saved our production week. Need an answer by end of day."
2045,39202,1997-05-20,email,billing,0,Following up: We still have not received the credit note you promised for the economy brass valves on PO 34399.
2046,96544,1998-05-10,account manager note,wrong_item,1,"Following up: We ordered standard steel flanges on PO 45210 and received something completely different. This is the last chance, after this we are going elsewhere. Regards, procurement."
2047,123160,1998-03-12,portal,late_delivery,0,Following up: Our shipment of anodized copper pipe was promised for the 1 March and still has not turned up. Reference attached.
2048,42787,1997-05-09,phone transcript,late_delivery,0,Urgent: Still no sign of the standard steel flanges. Our warehouse team has been standing by since the 22 April.
2049,27332,1997-06-06,email,late_delivery,0,"Hi Anna, the brushed aluminium panels (500 units) consignment slipped again. That is the second slip this quarter. Escalating to my manager if not resolved."
2050,77863,1998-07-26,phone transcript,damaged,1,"Hi Rahul, opened the delivery of large copper coils this morning and a good third of them are cracked. Our procurement team has asked me to find an alternative vendor. Reference attached."
2051,43598,1997-09-28,phone transcript,wrong_item,0,"Hello, the box is labelled small polished rods (PO 39919, 1200 units) but inside are parts in the wrong size. Please call me back today."
2052,144842,1998-03-25,account manager note,billing,0,"Hello, please explain the extra surcharge on our last statement for the brass fittings. Thanks."
2053,63262,1998-07-23,chat,late_delivery,1,"Your carrier keeps rescheduling. We were told the 19 July, then Friday, now 'next week' for the promo tin cans (200 units). Frankly we are already talking to your competitors."
2054,24562,1998-01-20,email,wrong_item,0,"To whom it may concern: Your warehouse picked the wrong SKU again, these are not anodized copper pipe on PO 42473."
2055,134086,1997-08-12,account manager note,damaged,1,"To whom it may concern: Opened the delivery of burnished tin sheets (PO 35916, 250 units) this morning and a good third of them are cracked. Honestly I am not sure we can keep working with you. Escalating to my manager if not resolved."
2056,89984,1997-11-23,chat,late_delivery,0,"To whom it may concern: Your carrier keeps rescheduling. We were told the 11 November, then Friday, now 'next week' for the economy brass valves (800 units). Escalating to my manager if not resolved."
2057,19480,1998-01-12,chat,billing,0,"Hello, the price on the invoice for brass fittings (500 units) is higher than the price we agreed in the contract. Need an answer by end of day."
2058,103379,1997-12-20,phone transcript,late_delivery,0,To whom it may concern: Still no sign of the anodized copper pipe (120 units). Our warehouse team has been standing by since the 16 December. Please call me back today.
2059,124148,1997-03-10,account manager note,late_delivery,0,To whom it may concern: We planned a production run around the promo tin cans arriving on the 26 February. Nothing has arrived and the line is idle.
2060,45169,1997-09-26,email,quality,1,Urgent: Compared with last year the standard steel flanges feel cheaper and wear out much faster. Honestly I am not sure we can keep working with you. Reference attached.
2061,23660,1997-10-19,portal,praise,0,"Hello, your account team sorted our plated nickel bolts issue in a single call, really appreciated."
2062,66292,1997-04-01,email,praise,0,"Hi team, thanks for the quick turnaround on the large copper coils, it saved our production week."
2063,36748,1997-08-31,portal,late_delivery,0,The anodized copper pipe (250 units) consignment slipped again. That is the second slip this quarter.
2064,109055,1998-05-30,email,damaged,0,"Hello, received the small polished rods (1200 units) but the packaging was soaked through and the metal has started to rust. Escalating to my manager if not resolved."
2065,24188,1997-09-02,phone transcript,late_delivery,0,"Hi team, still no sign of the plated nickel bolts. Our warehouse team has been standing by since the 25 August. Regards, procurement."
2066,41362,1997-11-09,portal,billing,0,Urgent: We still have not received the credit note you promised for the large copper coils.
2067,16654,1997-04-21,portal,late_delivery,1,"Hi team, your carrier keeps rescheduling. We were told the 12 April, then Friday, now 'next week' for the medium plated fasteners on PO 77257. Our procurement team has asked me to find an alternative vendor. Regards, procurement."
2068,132692,1998-02-13,account manager note,quality,0,"Following up: The latest batch of standard steel flanges does not meet the tolerance in our spec, the threads are off."
2069,112685,1997-11-25,email,damaged,0,"Hi team, pallet of brass fittings arrived with the wrapping torn open and several pieces dented. Need an answer by end of day."
2070,120385,1997-03-20,portal,account,0,"To whom it may concern: We have moved office, please update the delivery address on our account. Please call me back today."
2071,120436,1998-01-22,phone transcript,late_delivery,0,"Your carrier keeps rescheduling. We were told the 4 January, then Friday, now 'next week' for the small polished rods."
2072,104128,1998-03-27,chat,quality,1,Two of our customers returned products built with your brass fittings because of early failure. We are reviewing whether to renew the contract at the end of the quarter. Need an answer by end of day.
2073,129887,1997-05-21,email,late_delivery,0,Our shipment of burnished tin sheets was promised for the 8 May and still has not turned up.
2074,128692,1997-02-19,phone transcript,damaged,0,"Hi team, the large copper coils (PO 42721, 200 units) were crushed in transit, the box looked like it had been dropped from a height. Thanks."
2075,129208,1998-07-09,portal,damaged,0,"Hi team, opened the delivery of small polished rods on PO 91664 this morning and a good third of them are cracked."
2076,55739,1997-11-29,chat,late_delivery,0,To whom it may concern: We planned a production run around the large copper coils arriving on the 16 November. Nothing has arrived and the line is idle.
2077,147481,1997-01-25,portal,account,0,"Hi account team, please add my colleague as a second contact on our account. Regards, procurement."
2078,71689,1997-09-04,chat,late_delivery,0,"Hello, we planned a production run around the large copper coils arriving on the 18 August. Nothing has arrived and the line is idle. Need an answer by end of day."
2079,90494,1998-05-07,portal,wrong_item,1,"Hello, we ordered small polished rods (75 units) and received something completely different. Frankly we are already talking to your competitors."
2080,61025,1998-05-08,phone transcript,billing,1,To whom it may concern: We were invoiced twice for the same batch of economy brass valves. Honestly I am not sure we can keep working with you. Need an answer by end of day.
2081,98318,1998-07-12,email,wrong_item,0,Got 200 units of the wrong finish instead of the polished steel brackets (200 units) we specified.
2082,131276,1997-06-20,portal,late_delivery,0,To whom it may concern: Can someone tell me where order for economy brass valves is? It was meant to be here days ago. Please call me back today.
2083,82513,1997-09-19,phone transcript,damaged,0,"Good morning. Pallet of burnished tin sheets (PO 21731, 1200 units) arrived with the wrapping torn open and several pieces dented. Need an answer by end of day."
2084,36089,1997-12-29,portal,account,0,"I cannot log into the ordering portal, the password reset email never arrives. Thanks."
2085,54437,1997-06-03,account manager note,wrong_item,0,Following up: The box is labelled burnished tin sheets on PO 86945 but inside are parts in the wrong size. Escalating to my manager if not resolved.
2086,94559,1997-08-26,email,praise,0,To whom it may concern: Just wanted to say the large copper coils (40 units) arrived early and in perfect condition. Great job.
2087,124220,1997-03-13,account manager note,billing,0,"Hello, we still have not received the credit note you promised for the burnished tin sheets (PO 12524, 250 units). Regards, procurement."
2088,148171,1998-03-07,account manager note,late_delivery,0,"To whom it may concern: We planned a production run around the anodized copper pipe (PO 96607, 500 units) arriving on the 27 February. Nothing has arrived and the line is idle. Reference attached."
2089,94801,1997-10-28,account manager note,billing,1,"Hi support, our finance team cannot reconcile your invoice, the quantities of anodized copper pipe are off. If this happens again we will move our business to another supplier."
2090,42548,1997-11-10,account manager note,late_delivery,0,"Hi team, we planned a production run around the standard steel flanges on PO 51802 arriving on the 4 November. Nothing has arrived and the line is idle. Regards, procurement."
2091,107768,1998-06-11,phone transcript,damaged,1,"Half the promo tin cans (PO 99589, 75 units) came out of the crate bent and scratched. This is the last chance, after this we are going elsewhere."
2092,91909,1997-03-18,portal,wrong_item,1,"Good morning. We ordered small polished rods and received something completely different. Honestly I am not sure we can keep working with you. Regards, procurement."
2093,12656,1998-07-09,portal,praise,0,"Urgent: Consistently good quality on the burnished tin sheets, our QA has not flagged anything in months."
2094,122879,1997-11-30,email,damaged,0,"The economy brass valves (1200 units) were crushed in transit, the box looked like it had been dropped from a height."
2095,105848,1998-06-19,email,quality,1,"Following up: The latest batch of promo tin cans (75 units) does not meet the tolerance in our spec, the threads are off. We are reviewing whether to renew the contract at the end of the quarter. Thanks."
2096,48425,1998-06-01,portal,account,0,Good morning. Could you send us a copy of last year's statements for our auditors? Reference attached.
2097,89296,1998-05-10,portal,wrong_item,0,Got 200 units of the wrong finish instead of the plated nickel bolts on PO 70095 we specified.
2098,106396,1997-04-08,account manager note,late_delivery,0,"Hi team, can someone tell me where order for anodized copper pipe is? It was meant to be here days ago."
2099,28421,1997-06-01,email,quality,1,"Urgent: Compared with last year the large copper coils (PO 36642, 500 units) feel cheaper and wear out much faster. We are reviewing whether to renew the contract at the end of the quarter. Thanks."
2100,134249,1997-07-13,account manager note,praise,0,"Just wanted to say the medium plated fasteners (PO 87821, 40 units) arrived early and in perfect condition. Great job."
2101,128899,1998-03-22,phone transcript,account,0,Following up: Please add my colleague as a second contact on our account. Please call me back today.
2102,123442,1998-02-24,account manager note,billing,0,Please explain the extra surcharge on our last statement for the medium plated fasteners. Thanks.
2103,88237,1997-10-10,portal,damaged,0,Received the polished steel brackets on PO 75817 but the packaging was soaked through and the metal has started to rust. Reference attached.
2104,67028,1997-05-16,phone transcript,damaged,1,"Hi team, received the anodized copper pipe but the packaging was soaked through and the metal has started to rust. Frankly we are already talking to your competitors. Thanks."
2105,59533,1998-01-16,phone transcript,late_delivery,0,Still no sign of the standard steel flanges. Our warehouse team has been standing by since the 5 January.
2106,146272,1998-06-12,portal,late_delivery,0,"Following up: Your carrier keeps rescheduling. We were told the 25 May, then Friday, now 'next week' for the brushed aluminium panels. Please call me back today."
2107,18575,1997-01-26,portal,wrong_item,0,"Hi Anna, the box is labelled brass fittings (200 units) but inside are parts in the wrong size. Regards, procurement."
2108,82292,1997-12-30,portal,late_delivery,0,"Hello, third week waiting on the small polished rods (PO 78109, 120 units). The tracking page has said 'in transit' since the 20 December. Please call me back today."
2109,2921,1997-08-27,phone transcript,late_delivery,1,"Urgent: Third week waiting on the burnished tin sheets (PO 10905, 40 units). The tracking page has said 'in transit' since the 18 August. If this happens again we will move our business to another supplier. Regards, procurement."
2110,3314,1997-08-27,phone transcript,late_delivery,1,Good morning. Can someone tell me where order for burnished tin sheets is? It was meant to be here days ago. Honestly I am not sure we can keep working with you. Escalating to my manager if not resolved.
2111,15332,1998-03-27,phone transcript,wrong_item,0,Got 200 units of the wrong finish instead of the polished steel brackets on PO 98805 we specified. Thanks.
2112,38134,1997-05-28,account manager note,damaged,0,Urgent: Opened the delivery of polished steel brackets (1200 units) this morning and a good third of them are cracked.
2113,149990,1998-03-15,email,late_delivery,0,"Hello, your carrier keeps rescheduling. We were told the 8 March, then Friday, now 'next week' for the large copper coils on PO 90837. Regards, procurement."
2114,42835,1998-04-13,chat,late_delivery,1,"Urgent: Your carrier keeps rescheduling. We were told the 4 April, then Friday, now 'next week' for the promo tin cans on PO 98727. We are reviewing whether to renew the contract at the end of the quarter."
2115,137366,1998-03-07,account manager note,wrong_item,0,This is not what we asked for. The brushed aluminium panels (75 units) on the invoice do not match what is on the pallet. Thanks.
2116,49829,1997-02-07,chat,billing,0,"Following up: Our finance team cannot reconcile your invoice, the quantities of economy brass valves (PO 49015, 200 units) are off. Thanks."
2117,57571,1997-04-02,phone transcript,damaged,0,"To whom it may concern: The small polished rods were crushed in transit, the box looked like it had been dropped from a height. Thanks."
2118,82229,1998-02-15,chat,damaged,0,"Hi Anna, received the burnished tin sheets (PO 36987, 250 units) but the packaging was soaked through and the metal has started to rust. Need an answer by end of day."
2119,41939,1997-10-20,email,damaged,1,"To whom it may concern: Half the economy brass valves (800 units) came out of the crate bent and scratched. Our procurement team has asked me to find an alternative vendor. Regards, procurement."
2120,120902,1997-05-30,portal,late_delivery,0,"Hi Anna, your carrier keeps rescheduling. We were told the 22 May, then Friday, now 'next week' for the small polished rods (PO 59829, 200 units). Thanks."
2121,99472,1997-07-10,chat,quality,0,Following up: Our QA rejected the anodized copper pipe. Finish is uneven and some pieces fail the stress test. Thanks.
2122,117251,1997-01-11,chat,late_delivery,0,Third week waiting on the plated nickel bolts on PO 61947. The tracking page has said 'in transit' since the 4 January. Need an answer by end of day.
2123,6085,1997-07-22,chat,praise,0,"To whom it may concern: Just wanted to say the medium plated fasteners (PO 90483, 500 units) arrived early and in perfect condition. Great job."
2124,109699,1997-04-10,account manager note,late_delivery,0,Urgent: Our shipment of economy brass valves (500 units) was promised for the 29 March and still has not turned up. Escalating to my manager if not resolved.
2125,101972,1997-11-04,account manager note,account,0,"Urgent: I cannot log into the ordering portal, the password reset email never arrives."
2126,71681,1997-03-31,portal,damaged,0,"Good morning. Opened the delivery of large copper coils this morning and a good third of them are cracked. Regards, procurement."
2127,58904,1997-12-30,email,praise,0,To whom it may concern: Just wanted to say the brass fittings on PO 76599 arrived early and in perfect condition. Great job. Reference attached.
2128,46349,1998-02-04,email,wrong_item,0,"Hello, the box is labelled plated nickel bolts (PO 44762, 120 units) but inside are parts in the wrong size. Thanks."
2129,121276,1997-04-15,account manager note,late_delivery,0,"Hello, our shipment of medium plated fasteners (800 units) was promised for the 12 April and still has not turned up."
2130,32120,1998-01-26,email,billing,1,"Our finance team cannot reconcile your invoice, the quantities of economy brass valves are off. We are reviewing whether to renew the contract at the end of the quarter. Escalating to my manager if not resolved."
2131,18385,1997-07-10,chat,wrong_item,0,"Hello, this is not what we asked for. The anodized copper pipe on the invoice do not match what is on the pallet. Thanks."
2132,105145,1997-02-15,email,account,0,Urgent: Please add my colleague as a second contact on our account. Thanks.
2133,28337,1997-08-17,email,late_delivery,0,The large copper coils (500 units) consignment slipped again. That is the second slip this quarter. Escalating to my manager if not resolved.
2134,23755,1997-02-01,chat,late_delivery,0,Following up: The polished steel brackets consignment slipped again. That is the second slip this quarter.
2135,107947,1997-04-29,chat,damaged,0,"To whom it may concern: Half the burnished tin sheets (PO 14742, 500 units) came out of the crate bent and scratched. Regards, procurement."
2136,146408,1998-05-29,phone transcript,wrong_item,0,"This is not what we asked for. The economy brass valves (PO 73311, 75 units) on the invoice do not match what is on the pallet. Regards, procurement."
2137,42781,1997-04-14,portal,late_delivery,1,"Hello, still no sign of the promo tin cans (PO 30145, 75 units). Our warehouse team has been standing by since the 7 April. Frankly we are already talking to your competitors. Need an answer by end of day."
2138,117694,1997-09-29,phone transcript,late_delivery,0,Can someone tell me where order for brass fittings is? It was meant to be here days ago. Reference attached.
2139,97151,1998-02-02,email,billing,0,"Hi support, we were invoiced twice for the same batch of economy brass valves. Thanks."
2140,34541,1998-05-18,portal,wrong_item,0,We ordered medium plated fasteners and received something completely different.
2141,107768,1997-08-15,phone transcript,praise,0,"To whom it may concern: Your account team sorted our burnished tin sheets issue in a single call, really appreciated. Please call me back today."
2142,94192,1998-07-23,email,billing,0,"Hi Tom, we still have not received the credit note you promised for the medium plated fasteners on PO 12642."
2143,66368,1997-04-02,phone transcript,damaged,0,"Hi Priya, received the polished steel brackets but the packaging was soaked through and the metal has started to rust. Need an answer by end of day."
2144,114310,1998-02-21,phone transcript,quality,0,"Following up: Compared with last year the brass fittings on PO 90109 feel cheaper and wear out much faster. Regards, procurement."
2145,34309,1997-12-27,account manager note,damaged,0,"To whom it may concern: Opened the delivery of brass fittings (PO 87414, 40 units) this morning and a good third of them are cracked. Escalating to my manager if not resolved."
2146,12352,1997-08-14,chat,billing,0,Please explain the extra surcharge on our last statement for the medium plated fasteners on PO 84907. Need an answer by end of day.
2147,102377,1997-10-25,chat,billing,0,Following up: The price on the invoice for promo tin cans (1200 units) is higher than the price we agreed in the contract. Need an answer by end of day.
2148,28645,1997-12-20,account manager note,late_delivery,0,Good morning. Third week waiting on the burnished tin sheets. The tracking page has said 'in transit' since the 1 December. Thanks.
2149,141596,1997-11-24,account manager note,praise,0,"Hi support, thanks for the quick turnaround on the promo tin cans, it saved our production week. Thanks."
2150,80809,1997-07-14,account manager note,wrong_item,1,"Hi Mei, got 200 units of the wrong finish instead of the plated nickel bolts on PO 45398 we specified. We are reviewing whether to renew the contract at the end of the quarter. Thanks."
2151,71701,1997-10-30,portal,praise,0,"Following up: Your account team sorted our brass fittings issue in a single call, really appreciated. Please call me back today."
2152,14986,1997-12-15,email,account,0,Could you send us a copy of last year's statements for our auditors? Escalating to my manager if not resolved.
2153,4367,1997-06-03,phone transcript,damaged,0,"Hello, pallet of brass fittings (200 units) arrived with the wrapping torn open and several pieces dented. Reference attached."
2154,59303,1997-08-24,email,billing,0,"Hi team, we were invoiced twice for the same batch of plated nickel bolts. Need an answer by end of day."
2155,25342,1997-10-11,email,praise,0,"Urgent: Your account team sorted our small polished rods issue in a single call, really appreciated. Regards, procurement."
2156,148600,1998-06-28,account manager note,wrong_item,0,"Following up: Your warehouse picked the wrong SKU again, these are not anodized copper pipe."
2157,118400,1997-11-15,phone transcript,late_delivery,0,"Urgent: Still no sign of the anodized copper pipe (PO 70707, 500 units). Our warehouse team has been standing by since the 6 November. Reference attached."
2158,33623,1997-12-22,phone transcript,quality,0,"Urgent: Our QA rejected the anodized copper pipe (PO 49388, 200 units). Finish is uneven and some pieces fail the stress test. Please call me back today."
2159,138220,1997-04-30,portal,late_delivery,1,"Our shipment of polished steel brackets (PO 82553, 120 units) was promised for the 20 April and still has not turned up. We are reviewing whether to renew the contract at the end of the quarter. Regards, procurement."
2160,141646,1998-04-29,chat,wrong_item,0,"Hi account team, got 200 units of the wrong finish instead of the anodized copper pipe we specified."
2161,145607,1997-11-03,phone transcript,account,0,"Hi team, we have moved office, please update the delivery address on our account. Regards, procurement."
2162,62392,1997-04-16,portal,billing,0,"Our finance team cannot reconcile your invoice, the quantities of brushed aluminium panels are off."
2163,81760,1997-05-05,phone transcript,late_delivery,0,"Good morning. Third week waiting on the brass fittings (PO 46354, 75 units). The tracking page has said 'in transit' since the 20 April. Reference attached."
2164,118207,1997-08-07,portal,account,0,Please add my colleague as a second contact on our account. Need an answer by end of day.
2165,142276,1998-04-24,phone transcript,billing,0,"Hello, the price on the invoice for brass fittings is higher than the price we agreed in the contract. Escalating to my manager if not resolved."
2166,66881,1998-02-28,portal,praise,0,Urgent: Just wanted to say the medium plated fasteners arrived early and in perfect condition. Great job. Please call me back today.
2167,84278,1997-08-13,phone transcript,wrong_item,1,"The box is labelled large copper coils but inside are parts in the wrong size. Frankly we are already talking to your competitors. Regards, procurement."
2168,130121,1998-03-26,phone transcript,billing,0,We still have not received the credit note you promised for the brass fittings (1200 units). Escalating to my manager if not resolved.
2169,42482,1997-01-19,chat,late_delivery,0,"To whom it may concern: Our shipment of burnished tin sheets (PO 63887, 800 units) was promised for the 16 January and still has not turned up. Escalating to my manager if not resolved."
2170,111847,1997-05-04,phone transcript,praise,0,"Hello, your account team sorted our anodized copper pipe on PO 25849 issue in a single call, really appreciated. Need an answer by end of day."
2171,105091,1997-08-09,account manager note,quality,0,Good morning. Two of our customers returned products built with your promo tin cans because of early failure.
2172,147436,1997-10-07,email,late_delivery,1,"Hi team, we planned a production run around the large copper coils (200 units) arriving on the 26 September. Nothing has arrived and the line is idle. We are reviewing whether to renew the contract at the end of the quarter. Need an answer by end of day."
2173,4975,1998-06-18,phone transcript,late_delivery,1,"We planned a production run around the medium plated fasteners (800 units) arriving on the 10 June. Nothing has arrived and the line is idle. Our procurement team has asked me to find an alternative vendor. Regards, procurement."
2174,67636,1997-08-19,portal,billing,0,"Hi Marco, we still have not received the credit note you promised for the economy brass valves (75 units). Reference attached."
2175,78643,1997-09-10,account manager note,late_delivery,0,"Hello, third week waiting on the standard steel flanges on PO 23684. The tracking page has said 'in transit' since the 26 August. Escalating to my manager if not resolved."
2176,19130,1998-05-20,chat,wrong_item,1,"Hello, your warehouse picked the wrong SKU again, these are not standard steel flanges (PO 84443, 500 units). We are reviewing whether to renew the contract at the end of the quarter."
2177,128453,1998-07-23,account manager note,damaged,1,"Hi account team, pallet of brass fittings on PO 33482 arrived with the wrapping torn open and several pieces dented. This is the last chance, after this we are going elsewhere."
2178,48085,1997-01-29,portal,late_delivery,0,"Hello, we planned a production run around the brass fittings arriving on the 17 January. Nothing has arrived and the line is idle."
2179,64544,1997-09-15,phone transcript,damaged,0,Good morning. Half the standard steel flanges on PO 19776 came out of the crate bent and scratched. Thanks.
2180,60599,1997-01-19,account manager note,praise,0,Following up: Just wanted to say the plated nickel bolts on PO 54908 arrived early and in perfect condition. Great job. Thanks.
2181,14978,1997-02-07,phone transcript,wrong_item,0,"Hi team, got 200 units of the wrong finish instead of the promo tin cans (PO 15905, 75 units) we specified. Regards, procurement."
2182,116374,1998-02-01,chat,wrong_item,1,"Good morning. Your warehouse picked the wrong SKU again, these are not promo tin cans on PO 30739. Honestly I am not sure we can keep working with you. Reference attached."
2183,108452,1998-05-16,email,late_delivery,0,"To whom it may concern: Your carrier keeps rescheduling. We were told the 10 May, then Friday, now 'next week' for the standard steel flanges. Escalating to my manager if not resolved."
2184,124331,1998-03-11,portal,praise,0,Urgent: Just wanted to say the large copper coils (800 units) arrived early and in perfect condition. Great job. Reference attached.
2185,62771,1998-05-28,portal,account,0,"Hello, could you send us a copy of last year's statements for our auditors?"
2186,67970,1998-05-20,chat,wrong_item,0,"Hi Rahul, this is not what we asked for. The medium plated fasteners (PO 87925, 500 units) on the invoice do not match what is on the pallet. Thanks."
2187,34003,1998-03-30,phone transcript,billing,0,"Hello, our finance team cannot reconcile your invoice, the quantities of small polished rods are off."
2188,67817,1998-01-09,phone transcript,late_delivery,0,"Your carrier keeps rescheduling. We were told the 21 December, then Friday, now 'next week' for the burnished tin sheets (PO 32236, 1200 units). Reference attached."
2189,18199,1997-08-31,phone transcript,praise,0,"Just wanted to say the standard steel flanges (250 units) arrived early and in perfect condition. Great job. Regards, procurement."
2190,7649,1997-07-13,account manager note,account,0,"Hi Mei, could you send us a copy of last year's statements for our auditors? Need an answer by end of day."
2191,82373,1997-08-03,email,late_delivery,0,Third week waiting on the brass fittings (75 units). The tracking page has said 'in transit' since the 26 July. Need an answer by end of day.
2192,111947,1997-05-25,phone transcript,late_delivery,0,Following up: Third week waiting on the economy brass valves (200 units). The tracking page has said 'in transit' since the 16 May. Thanks.
2193,74365,1998-02-08,email,quality,1,"Hi team, our QA rejected the economy brass valves. Finish is uneven and some pieces fail the stress test. We are reviewing whether to renew the contract at the end of the quarter. Please call me back today."
2194,117602,1997-04-01,chat,late_delivery,1,"Still no sign of the brass fittings. Our warehouse team has been standing by since the 12 March. This is the last chance, after this we are going elsewhere. Reference attached."
2195,13262,1998-04-18,account manager note,damaged,0,Urgent: Pallet of standard steel flanges on PO 36500 arrived with the wrapping torn open and several pieces dented. Need an answer by end of day.
2196,147586,1998-01-16,chat,praise,0,"Your account team sorted our plated nickel bolts (PO 54747, 200 units) issue in a single call, really appreciated. Escalating to my manager if not resolved."
2197,149419,1998-03-20,email,wrong_item,0,Urgent: The box is labelled standard steel flanges but inside are parts in the wrong size. Thanks.
2198,107801,1998-05-19,chat,late_delivery,0,"Urgent: Your carrier keeps rescheduling. We were told the 13 May, then Friday, now 'next week' for the standard steel flanges (500 units). Regards, procurement."
2199,10966,1997-12-09,email,wrong_item,1,Got 200 units of the wrong finish instead of the small polished rods on PO 74130 we specified. If this happens again we will move our business to another supplier. Thanks.
2200,86131,1998-06-25,phone transcript,account,0,Urgent: Please add my colleague as a second contact on our account. Reference attached.
2201,102226,1997-01-08,phone transcript,quality,1,"Hi team, the latest batch of plated nickel bolts (120 units) does not meet the tolerance in our spec, the threads are off. Our procurement team has asked me to find an alternative vendor. Regards, procurement."
2202,56522,1997-03-26,email,late_delivery,0,"Urgent: We planned a production run around the economy brass valves (PO 91811, 500 units) arriving on the 15 March. Nothing has arrived and the line is idle. Reference attached."
2203,14986,1997-07-10,portal,late_delivery,1,"To whom it may concern: Our shipment of medium plated fasteners was promised for the 27 June and still has not turned up. This is the last chance, after this we are going elsewhere."
2204,104740,1997-02-08,phone transcript,late_delivery,0,"Hello, our shipment of anodized copper pipe on PO 59951 was promised for the 31 January and still has not turned up. Reference attached."
2205,69947,1997-01-04,email,damaged,0,"The burnished tin sheets were crushed in transit, the box looked like it had been dropped from a height. Escalating to my manager if not resolved."
2206,33113,1998-01-01,email,late_delivery,1,"Third week waiting on the burnished tin sheets. The tracking page has said 'in transit' since the 23 December. This is the last chance, after this we are going elsewhere. Please call me back today."
2207,94088,1997-05-08,account manager note,damaged,0,"To whom it may concern: Received the small polished rods but the packaging was soaked through and the metal has started to rust. Regards, procurement."
2208,85009,1998-05-13,phone transcript,quality,0,"Urgent: Compared with last year the promo tin cans (PO 86927, 200 units) feel cheaper and wear out much faster. Reference attached."
2209,25813,1998-07-03,chat,praise,0,"Hello, thanks for the quick turnaround on the anodized copper pipe (PO 98931, 120 units), it saved our production week. Reference attached."
2210,46414,1998-01-07,email,damaged,0,"Urgent: The brushed aluminium panels (PO 79188, 800 units) were crushed in transit, the box looked like it had been dropped from a height. Regards, procurement."
2211,30181,1997-12-03,phone transcript,billing,0,We were invoiced twice for the same batch of plated nickel bolts (1200 units). Need an answer by end of day.
2212,108259,1998-06-07,chat,quality,0,"Hi Rahul, the latest batch of promo tin cans does not meet the tolerance in our spec, the threads are off."
2213,78650,1997-12-21,account manager note,account,0,"To whom it may concern: I cannot log into the ordering portal, the password reset email never arrives. Please call me back today."
2214,107929,1998-04-08,account manager note,quality,0,"To whom it may concern: Compared with last year the medium plated fasteners (PO 45587, 1200 units) feel cheaper and wear out much faster."
2215,74504,1997-10-23,chat,late_delivery,1,Following up: Our shipment of small polished rods on PO 73245 was promised for the 5 October and still has not turned up. We are reviewing whether to renew the contract at the end of the quarter. Reference attached.
2216,61966,1998-03-03,phone transcript,praise,0,"Hi support, your account team sorted our standard steel flanges (75 units) issue in a single call, really appreciated. Escalating to my manager if not resolved."
2217,40120,1997-12-18,account manager note,billing,0,Following up: We still have not received the credit note you promised for the brass fittings.
2218,24727,1998-05-10,phone transcript,late_delivery,1,Good morning. Our shipment of economy brass valves (200 units) was promised for the 1 May and still has not turned up. Our procurement team has asked me to find an alternative vendor.
2219,53357,1997-09-04,phone transcript,damaged,0,To whom it may concern: Opened the delivery of plated nickel bolts (500 units) this morning and a good third of them are cracked. Thanks.
2220,74708,1998-05-11,email,praise,0,"Just wanted to say the small polished rods (PO 76712, 800 units) arrived early and in perfect condition. Great job."
2221,102491,1997-03-23,chat,damaged,0,Following up: Pallet of standard steel flanges arrived with the wrapping torn open and several pieces dented. Escalating to my manager if not resolved.
2222,23068,1997-02-17,email,damaged,0,"Hi Priya, received the promo tin cans but the packaging was soaked through and the metal has started to rust. Reference attached."
2223,141395,1998-07-20,portal,damaged,1,Pallet of burnished tin sheets on PO 22168 arrived with the wrapping torn open and several pieces dented. Our procurement team has asked me to find an alternative vendor. Need an answer by end of day.
2224,74273,1998-03-20,account manager note,quality,1,"Two of our customers returned products built with your burnished tin sheets (PO 34240, 40 units) because of early failure. Honestly I am not sure we can keep working with you."
2225,98020,1998-02-27,account manager note,wrong_item,0,"Good morning. We ordered standard steel flanges (PO 42566, 800 units) and received something completely different."
2226,129737,1998-05-08,chat,wrong_item,0,"Good morning. This is not what we asked for. The plated nickel bolts on the invoice do not match what is on the pallet. Regards, procurement."
2227,138013,1998-02-21,account manager note,praise,0,"Thanks for the quick turnaround on the burnished tin sheets (PO 77932, 500 units), it saved our production week. Please call me back today."
2228,37795,1997-11-10,portal,billing,0,"To whom it may concern: We were invoiced twice for the same batch of plated nickel bolts (PO 84584, 200 units). Thanks."
2229,31913,1997-01-11,chat,billing,0,"Hi Rahul, we still have not received the credit note you promised for the anodized copper pipe (PO 82813, 40 units)."
2230,122608,1997-05-23,portal,late_delivery,0,"Hi team, can someone tell me where order for promo tin cans is? It was meant to be here days ago. Please call me back today."
2231,136532,1998-07-26,phone transcript,late_delivery,0,The plated nickel bolts consignment slipped again. That is the second slip this quarter. Need an answer by end of day.
2232,120685,1997-09-08,chat,wrong_item,0,"Hi Marco, got 200 units of the wrong finish instead of the brass fittings (500 units) we specified. Reference attached."
2233,56318,1997-01-03,account manager note,damaged,0,"Hi team, several of the brass fittings (500 units) were snapped in two when we unpacked them. Need an answer by end of day."
2234,46550,1997-06-19,email,account,0,"We have moved office, please update the delivery address on our account. Need an answer by end of day."
2235,3869,1997-06-04,email,late_delivery,0,"Good morning. Your carrier keeps rescheduling. We were told the 29 May, then Friday, now 'next week' for the polished steel brackets on PO 68074. Please call me back today."
2236,68476,1997-04-05,phone transcript,billing,0,"Our finance team cannot reconcile your invoice, the quantities of promo tin cans on PO 97906 are off. Regards, procurement."
2237,38822,1997-03-31,chat,late_delivery,0,"Hi team, can someone tell me where order for medium plated fasteners (200 units) is? It was meant to be here days ago. Regards, procurement."
2238,11330,1997-02-18,email,quality,1,"Urgent: The latest batch of plated nickel bolts does not meet the tolerance in our spec, the threads are off. Honestly I am not sure we can keep working with you."
2239,124016,1997-05-10,email,damaged,0,Following up: Received the promo tin cans but the packaging was soaked through and the metal has started to rust.
2240,58514,1997-12-26,account manager note,quality,0,"Our QA rejected the promo tin cans on PO 22541. Finish is uneven and some pieces fail the stress test. Regards, procurement."
2241,46811,1998-01-11,chat,wrong_item,0,"Your warehouse picked the wrong SKU again, these are not polished steel brackets. Please call me back today."
2242,65251,1997-12-14,email,wrong_item,0,"Following up: The box is labelled burnished tin sheets (PO 47029, 75 units) but inside are parts in the wrong size."
2243,5812,1998-03-12,account manager note,late_delivery,1,"Hi team, third week waiting on the economy brass valves (800 units). The tracking page has said 'in transit' since the 25 February. Our procurement team has asked me to find an alternative vendor. Reference attached."
2244,124013,1997-09-14,email,quality,0,"Hi team, two of our customers returned products built with your standard steel flanges (500 units) because of early failure. Regards, procurement."
2245,19927,1997-11-18,email,late_delivery,0,"Hi account team, our shipment of polished steel brackets was promised for the 2 November and still has not turned up. Reference attached."
2246,60647,1997-03-27,email,account,0,"Following up: Please add my colleague as a second contact on our account. Regards, procurement."
2247,28384,1998-01-15,chat,billing,0,"To whom it may concern: Our finance team cannot reconcile your invoice, the quantities of plated nickel bolts on PO 86383 are off."
2248,6436,1997-06-01,portal,late_delivery,0,"Good morning. Your carrier keeps rescheduling. We were told the 13 May, then Friday, now 'next week' for the plated nickel bolts. Reference attached."
2249,13145,1997-11-08,portal,quality,1,"Urgent: Compared with last year the polished steel brackets feel cheaper and wear out much faster. Frankly we are already talking to your competitors. Regards, procurement."
2250,133538,1998-03-03,phone transcript,late_delivery,1,"Following up: Your carrier keeps rescheduling. We were told the 19 February, then Friday, now 'next week' for the burnished tin sheets. Honestly I am not sure we can keep working with you."
2251,29182,1997-09-27,portal,late_delivery,1,"Hi team, still no sign of the burnished tin sheets (PO 14326, 1200 units). Our warehouse team has been standing by since the 10 September. Honestly I am not sure we can keep working with you. Need an answer by end of day."
2252,116510,1997-06-23,phone transcript,damaged,0,Following up: Opened the delivery of large copper coils this morning and a good third of them are cracked.
2253,143707,1997-04-07,portal,late_delivery,0,"Your carrier keeps rescheduling. We were told the 24 March, then Friday, now 'next week' for the standard steel flanges."
2254,11315,1997-03-17,account manager note,late_delivery,0,Good morning. Our shipment of standard steel flanges on PO 59255 was promised for the 26 February and still has not turned up. Need an answer by end of day.
2255,1759,1997-10-31,chat,damaged,0,"Hello, opened the delivery of brushed aluminium panels this morning and a good third of them are cracked. Thanks."
2256,33731,1997-07-04,account manager note,damaged,0,"Hi team, opened the delivery of brass fittings (PO 65755, 500 units) this morning and a good third of them are cracked. Please call me back today."
2257,17827,1997-03-08,chat,praise,0,Just wanted to say the polished steel brackets on PO 77178 arrived early and in perfect condition. Great job.
2258,90368,1997-01-04,chat,damaged,0,Pallet of large copper coils arrived with the wrapping torn open and several pieces dented. Please call me back today.
2259,111884,1998-05-18,chat,wrong_item,1,Following up: Got 200 units of the wrong finish instead of the standard steel flanges we specified. If this happens again we will move our business to another supplier.
2260,43841,1997-11-10,portal,account,0,"Hello, could you send us a copy of last year's statements for our auditors?"
2261,12769,1997-05-04,account manager note,late_delivery,0,"Following up: Your carrier keeps rescheduling. We were told the 15 April, then Friday, now 'next week' for the burnished tin sheets (800 units). Please call me back today."
2262,68719,1998-03-11,chat,damaged,1,"Following up: The standard steel flanges (800 units) were crushed in transit, the box looked like it had been dropped from a height. Frankly we are already talking to your competitors."
2263,32558,1997-10-16,portal,wrong_item,0,"To whom it may concern: The box is labelled standard steel flanges (PO 58996, 200 units) but inside are parts in the wrong size. Thanks."
2264,110161,1997-02-06,chat,damaged,1,"Hi Rahul, opened the delivery of polished steel brackets on PO 18071 this morning and a good third of them are cracked. Our procurement team has asked me to find an alternative vendor."
2265,103106,1997-08-04,chat,billing,0,We still have not received the credit note you promised for the brushed aluminium panels.
2266,66475,1998-05-04,account manager note,late_delivery,1,"To whom it may concern: Can someone tell me where order for brushed aluminium panels is? It was meant to be here days ago. This is the last chance, after this we are going elsewhere. Need an answer by end of day."
2267,36031,1997-04-27,chat,wrong_item,0,"Hello, this is not what we asked for. The anodized copper pipe on PO 62852 on the invoice do not match what is on the pallet. Please call me back today."
2268,85369,1998-03-28,account manager note,late_delivery,0,"The medium plated fasteners (PO 53993, 800 units) consignment slipped again. That is the second slip this quarter. Escalating to my manager if not resolved."
2269,54106,1998-05-22,phone transcript,quality,0,"Good morning. The latest batch of small polished rods (PO 70120, 75 units) does not meet the tolerance in our spec, the threads are off. Regards, procurement."
2270,49309,1997-03-20,account manager note,late_delivery,1,Can someone tell me where order for polished steel brackets (1200 units) is? It was meant to be here days ago. We are reviewing whether to renew the contract at the end of the quarter.
2271,1249,1998-01-18,chat,billing,0,Good morning. The price on the invoice for standard steel flanges (800 units) is higher than the price we agreed in the contract. Thanks.
2272,28744,1997-11-29,account manager note,billing,0,"Good morning. We were invoiced twice for the same batch of brass fittings (PO 39862, 250 units)."
2273,29786,1998-05-01,portal,quality,1,"Good morning. The latest batch of plated nickel bolts on PO 55718 does not meet the tolerance in our spec, the threads are off. This is the last chance, after this we are going elsewhere."
2274,42350,1997-09-09,phone transcript,account,0,"Urgent: I cannot log into the ordering portal, the password reset email never arrives. Escalating to my manager if not resolved."
2275,74405,1998-02-10,account manager note,wrong_item,0,"Hi team, the box is labelled brass fittings but inside are parts in the wrong size. Reference attached."
2276,118859,1997-01-04,account manager note,account,0,Good morning. Please add my colleague as a second contact on our account. Need an answer by end of day.
2277,109346,1997-10-30,email,late_delivery,0,Still no sign of the burnished tin sheets (800 units). Our warehouse team has been standing by since the 19 October.
2278,95639,1997-09-13,portal,praise,0,Following up: Just wanted to say the promo tin cans on PO 16746 arrived early and in perfect condition. Great job. Please call me back today.
2279,22517,1997-06-24,chat,late_delivery,0,To whom it may concern: Our shipment of anodized copper pipe (75 units) was promised for the 9 June and still has not turned up. Reference attached.
2280,43159,1997-12-10,chat,quality,0,"Hello, two of our customers returned products built with your plated nickel bolts because of early failure."
2281,86297,1997-03-10,portal,praise,0,"Just wanted to say the brushed aluminium panels (PO 82341, 500 units) arrived early and in perfect condition. Great job. Please call me back today."
2282,76073,1997-11-08,email,quality,0,Compared with last year the promo tin cans feel cheaper and wear out much faster. Need an answer by end of day.
2283,37453,1997-03-28,portal,damaged,0,"Hello, the burnished tin sheets on PO 62005 were crushed in transit, the box looked like it had been dropped from a height. Please call me back today."
2284,77935,1997-02-01,chat,praise,0,"Hi team, consistently good quality on the polished steel brackets (PO 15630, 250 units), our QA has not flagged anything in months. Thanks."
2285,109142,1998-07-10,phone transcript,late_delivery,0,"Your carrier keeps rescheduling. We were told the 25 June, then Friday, now 'next week' for the anodized copper pipe (PO 88624, 120 units). Reference attached."
2286,57077,1997-05-07,email,account,0,"Urgent: I cannot log into the ordering portal, the password reset email never arrives. Reference attached."
2287,66008,1998-07-01,account manager note,damaged,0,Urgent: Several of the anodized copper pipe were snapped in two when we unpacked them. Please call me back today.
2288,73171,1998-02-07,account manager note,late_delivery,0,We planned a production run around the standard steel flanges arriving on the 28 January. Nothing has arrived and the line is idle. Need an answer by end of day.
2289,111833,1997-02-10,account manager note,wrong_item,0,"Good morning. Your warehouse picked the wrong SKU again, these are not standard steel flanges (PO 13884, 800 units). Escalating to my manager if not resolved."
2290,5365,1997-11-06,portal,account,0,"Hi team, I cannot log into the ordering portal, the password reset email never arrives. Please call me back today."
2291,47933,1997-02-06,account manager note,praise,0,"Following up: Consistently good quality on the brushed aluminium panels, our QA has not flagged anything in months. Please call me back today."
2292,27106,1997-03-08,chat,damaged,0,"Hi team, opened the delivery of economy brass valves on PO 87794 this morning and a good third of them are cracked. Reference attached."
2293,125333,1998-06-08,email,late_delivery,0,"Hello, still no sign of the promo tin cans. Our warehouse team has been standing by since the 22 May. Thanks."
2294,50114,1997-08-26,phone transcript,damaged,1,"Urgent: Received the brushed aluminium panels (PO 20364, 200 units) but the packaging was soaked through and the metal has started to rust. If this happens again we will move our business to another supplier. Thanks."
2295,99061,1998-04-24,chat,late_delivery,0,Following up: Can someone tell me where order for small polished rods is? It was meant to be here days ago. Need an answer by end of day.
2296,72851,1998-03-01,portal,damaged,1,Received the anodized copper pipe but the packaging was soaked through and the metal has started to rust. We are reviewing whether to renew the contract at the end of the quarter. Need an answer by end of day.
2297,108389,1998-01-15,portal,late_delivery,0,"Hello, your carrier keeps rescheduling. We were told the 11 January, then Friday, now 'next week' for the promo tin cans (500 units)."
2298,15332,1997-12-29,chat,billing,1,"Hi account team, please explain the extra surcharge on our last statement for the polished steel brackets. Frankly we are already talking to your competitors. Thanks."
2299,131683,1997-12-10,account manager note,late_delivery,1,Following up: Can someone tell me where order for small polished rods is? It was meant to be here days ago. We are reviewing whether to renew the contract at the end of the quarter. Please call me back today.
2300,137974,1997-02-10,chat,praise,0,"Urgent: Your account team sorted our small polished rods issue in a single call, really appreciated."
2301,110917,1997-08-24,portal,billing,0,To whom it may concern: We were invoiced twice for the same batch of brushed aluminium panels (1200 units). Escalating to my manager if not resolved.
2302,88628,1998-05-25,email,quality,0,"Hello, the latest batch of burnished tin sheets does not meet the tolerance in our spec, the threads are off. Thanks."
2303,97577,1997-12-09,email,praise,0,"Hello, just wanted to say the promo tin cans (40 units) arrived early and in perfect condition. Great job. Need an answer by end of day."
2304,110797,1997-02-15,email,quality,1,"The latest batch of anodized copper pipe does not meet the tolerance in our spec, the threads are off. If this happens again we will move our business to another supplier. Please call me back today."
2305,54952,1998-07-18,portal,wrong_item,0,"Hello, we ordered standard steel flanges on PO 94086 and received something completely different. Escalating to my manager if not resolved."
2306,17392,1997-10-14,email,account,0,"Hello, could you send us a copy of last year's statements for our auditors?"
2307,119332,1997-10-29,chat,praise,0,"Good morning. Your account team sorted our economy brass valves issue in a single call, really appreciated. Reference attached."
2308,95639,1997-02-18,account manager note,damaged,0,"Hi team, received the small polished rods (PO 99736, 120 units) but the packaging was soaked through and the metal has started to rust. Escalating to my manager if not resolved."
2309,57079,1997-03-20,chat,damaged,0,Following up: Opened the delivery of small polished rods on PO 82577 this morning and a good third of them are cracked. Reference attached.
2310,63701,1997-03-20,phone transcript,wrong_item,0,"Hello, the box is labelled anodized copper pipe but inside are parts in the wrong size. Escalating to my manager if not resolved."
2311,81710,1997-09-16,email,late_delivery,1,"Still no sign of the brushed aluminium panels (800 units). Our warehouse team has been standing by since the 6 September. This is the last chance, after this we are going elsewhere."
2312,68359,1997-04-20,portal,late_delivery,0,"To whom it may concern: The brushed aluminium panels (PO 76846, 500 units) consignment slipped again. That is the second slip this quarter. Reference attached."
2313,119561,1997-10-13,email,late_delivery,1,"Hi team, our shipment of plated nickel bolts on PO 40872 was promised for the 30 September and still has not turned up. Our procurement team has asked me to find an alternative vendor. Regards, procurement."
2314,88232,1997-02-25,portal,late_delivery,1,"Hello, the small polished rods (PO 56545, 75 units) consignment slipped again. That is the second slip this quarter. Honestly I am not sure we can keep working with you. Reference attached."
2315,35501,1997-10-01,email,quality,0,"Hi account team, two of our customers returned products built with your plated nickel bolts because of early failure. Please call me back today."
2316,77345,1997-02-02,account manager note,quality,0,"The latest batch of small polished rods does not meet the tolerance in our spec, the threads are off."
2317,136792,1998-03-31,account manager note,late_delivery,0,"Your carrier keeps rescheduling. We were told the 19 March, then Friday, now 'next week' for the brushed aluminium panels (PO 46633, 40 units). Thanks."
2318,30142,1997-10-07,email,late_delivery,0,"Good morning. Our shipment of anodized copper pipe (PO 48318, 120 units) was promised for the 26 September and still has not turned up. Thanks."
2319,7642,1998-05-30,account manager note,account,0,"Hello, could you send us a copy of last year's statements for our auditors? Need an answer by end of day."
2320,81715,1997-11-12,chat,late_delivery,0,"Good morning. Still no sign of the economy brass valves (PO 96149, 1200 units). Our warehouse team has been standing by since the 3 November."
2321,139030,1998-04-21,email,account,1,"Hi support, could you send us a copy of last year's statements for our auditors? This is the last chance, after this we are going elsewhere."
2322,32689,1998-03-13,portal,late_delivery,0,We planned a production run around the plated nickel bolts arriving on the 26 February. Nothing has arrived and the line is idle.
2323,122945,1997-03-24,phone transcript,wrong_item,1,Good morning. Got 200 units of the wrong finish instead of the standard steel flanges we specified. Frankly we are already talking to your competitors. Reference attached.
2324,94801,1997-12-05,email,late_delivery,1,"Third week waiting on the burnished tin sheets (PO 51314, 120 units). The tracking page has said 'in transit' since the 29 November. We are reviewing whether to renew the contract at the end of the quarter. Need an answer by end of day."
2325,110786,1997-01-28,phone transcript,billing,0,"We were invoiced twice for the same batch of medium plated fasteners. Regards, procurement."
2326,82828,1997-06-30,account manager note,praise,0,"Hi account team, your account team sorted our polished steel brackets (250 units) issue in a single call, really appreciated. Need an answer by end of day."
2327,114974,1998-02-24,phone transcript,late_delivery,0,"Hi team, still no sign of the polished steel brackets (250 units). Our warehouse team has been standing by since the 19 February. Reference attached."
2328,47966,1997-06-07,portal,billing,1,"To whom it may concern: We still have not received the credit note you promised for the economy brass valves on PO 94037. This is the last chance, after this we are going elsewhere. Need an answer by end of day."
2329,133165,1997-12-22,chat,late_delivery,0,"Urgent: Your carrier keeps rescheduling. We were told the 13 December, then Friday, now 'next week' for the large copper coils (200 units). Reference attached."
2330,28645,1997-01-29,portal,late_delivery,0,Urgent: The standard steel flanges (40 units) consignment slipped again. That is the second slip this quarter. Reference attached.
2331,64300,1997-10-15,email,damaged,0,"Following up: The small polished rods (PO 74049, 1200 units) were crushed in transit, the box looked like it had been dropped from a height. Need an answer by end of day."
2332,95461,1997-10-17,phone transcript,damaged,0,"Hi support, opened the delivery of brass fittings this morning and a good third of them are cracked. Please call me back today."
2333,17669,1998-05-24,email,praise,0,"To whom it may concern: Thanks for the quick turnaround on the standard steel flanges on PO 83724, it saved our production week. Please call me back today."
2334,60016,1998-01-05,account manager note,wrong_item,1,"Hi Priya, we ordered plated nickel bolts (200 units) and received something completely different. This is the last chance, after this we are going elsewhere. Regards, procurement."
2335,21001,1997-05-27,email,late_delivery,1,We planned a production run around the economy brass valves arriving on the 18 May. Nothing has arrived and the line is idle. Our procurement team has asked me to find an alternative vendor.
2336,5515,1997-08-25,account manager note,billing,0,Urgent: Please explain the extra surcharge on our last statement for the small polished rods on PO 42312. Reference attached.
2337,30403,1998-05-27,portal,late_delivery,0,To whom it may concern: The promo tin cans (800 units) consignment slipped again. That is the second slip this quarter. Reference attached.
2338,73364,1997-07-17,email,wrong_item,0,"Hi team, we ordered small polished rods and received something completely different. Please call me back today."
2339,72920,1997-08-02,account manager note,late_delivery,0,Can someone tell me where order for economy brass valves is? It was meant to be here days ago. Need an answer by end of day.
2340,35615,1998-01-11,portal,damaged,0,"Hi Anna, received the polished steel brackets but the packaging was soaked through and the metal has started to rust."
2341,110101,1997-06-15,account manager note,billing,0,"To whom it may concern: The price on the invoice for brass fittings (PO 99020, 250 units) is higher than the price we agreed in the contract. Please call me back today."
2342,109637,1997-10-07,chat,wrong_item,1,Good morning. The box is labelled anodized copper pipe but inside are parts in the wrong size. Frankly we are already talking to your competitors. Escalating to my manager if not resolved.
2343,15434,1997-12-19,chat,late_delivery,0,"Hi Priya, can someone tell me where order for polished steel brackets is? It was meant to be here days ago."
2344,49829,1998-01-27,chat,damaged,1,To whom it may concern: Opened the delivery of brushed aluminium panels this morning and a good third of them are cracked. If this happens again we will move our business to another supplier. Reference attached.
2345,27644,1997-03-09,portal,billing,0,"To whom it may concern: Our finance team cannot reconcile your invoice, the quantities of large copper coils (PO 13974, 200 units) are off. Escalating to my manager if not resolved."
2346,137753,1997-07-17,portal,billing,0,To whom it may concern: The price on the invoice for plated nickel bolts is higher than the price we agreed in the contract. Reference attached.
2347,145025,1997-01-19,email,damaged,0,"Hi team, half the brass fittings on PO 71875 came out of the crate bent and scratched. Escalating to my manager if not resolved."
2348,135292,1997-10-13,account manager note,wrong_item,0,To whom it may concern: We ordered brushed aluminium panels and received something completely different.
2349,794,1997-04-28,chat,account,1,"Please add my colleague as a second contact on our account. This is the last chance, after this we are going elsewhere."
2350,91633,1997-03-10,chat,damaged,1,"Good morning. Pallet of standard steel flanges (40 units) arrived with the wrapping torn open and several pieces dented. This is the last chance, after this we are going elsewhere. Thanks."
2351,18611,1998-05-12,account manager note,quality,1,"To whom it may concern: Compared with last year the brushed aluminium panels (500 units) feel cheaper and wear out much faster. This is the last chance, after this we are going elsewhere. Escalating to my manager if not resolved."
2352,104701,1997-10-26,email,damaged,0,"Hi team, the medium plated fasteners (PO 68368, 120 units) were crushed in transit, the box looked like it had been dropped from a height."
2353,109898,1997-08-20,phone transcript,damaged,0,To whom it may concern: Several of the medium plated fasteners on PO 96786 were snapped in two when we unpacked them. Please call me back today.
2354,146734,1997-10-30,account manager note,billing,0,"Hi Mei, our finance team cannot reconcile your invoice, the quantities of promo tin cans are off. Escalating to my manager if not resolved."
2355,39646,1998-01-04,account manager note,billing,0,We were invoiced twice for the same batch of large copper coils (1200 units). Thanks.
2356,73070,1997-04-04,chat,damaged,0,"Following up: Pallet of large copper coils (PO 95605, 200 units) arrived with the wrapping torn open and several pieces dented."
2357,70886,1997-04-23,account manager note,late_delivery,0,Urgent: We planned a production run around the economy brass valves (500 units) arriving on the 13 April. Nothing has arrived and the line is idle. Escalating to my manager if not resolved.
2358,113275,1997-02-10,chat,late_delivery,0,To whom it may concern: Still no sign of the standard steel flanges on PO 60984. Our warehouse team has been standing by since the 22 January. Reference attached.
2359,18971,1997-02-21,portal,late_delivery,0,To whom it may concern: Our shipment of burnished tin sheets was promised for the 14 February and still has not turned up. Escalating to my manager if not resolved.
2360,148171,1997-01-05,account manager note,praise,0,Urgent: Just wanted to say the brass fittings on PO 70009 arrived early and in perfect condition. Great job. Need an answer by end of day.
2361,34685,1998-07-07,email,late_delivery,0,"Urgent: Can someone tell me where order for small polished rods is? It was meant to be here days ago. Regards, procurement."
2362,116342,1997-09-09,account manager note,praise,0,"Hello, consistently good quality on the medium plated fasteners (PO 95752, 500 units), our QA has not flagged anything in months. Need an answer by end of day."
2363,8228,1997-01-29,email,praise,0,"Thanks for the quick turnaround on the small polished rods (PO 65861, 40 units), it saved our production week."
2364,128066,1997-03-23,account manager note,praise,0,"Hello, thanks for the quick turnaround on the small polished rods (PO 47186, 250 units), it saved our production week. Thanks."
2365,137239,1997-03-23,portal,late_delivery,0,"We planned a production run around the brushed aluminium panels (PO 49459, 1200 units) arriving on the 9 March. Nothing has arrived and the line is idle. Thanks."
2366,28529,1998-07-07,chat,damaged,0,"Good morning. Opened the delivery of small polished rods (PO 18790, 250 units) this morning and a good third of them are cracked. Regards, procurement."
2367,114310,1998-04-27,email,wrong_item,1,"Hi team, the box is labelled anodized copper pipe (PO 43847, 200 units) but inside are parts in the wrong size. Frankly we are already talking to your competitors. Please call me back today."
2368,56161,1997-05-06,email,late_delivery,0,Good morning. Still no sign of the burnished tin sheets. Our warehouse team has been standing by since the 22 April. Escalating to my manager if not resolved.
2369,25882,1998-04-21,account manager note,quality,0,"Good morning. Two of our customers returned products built with your medium plated fasteners (PO 10926, 800 units) because of early failure. Regards, procurement."
2370,65984,1997-11-14,account manager note,quality,0,"Following up: Compared with last year the brushed aluminium panels (PO 74428, 800 units) feel cheaper and wear out much faster. Thanks."
2371,128716,1997-02-17,phone transcript,account,0,Urgent: Please add my colleague as a second contact on our account. Reference attached.
2372,72098,1998-07-05,account manager note,late_delivery,0,"Urgent: Third week waiting on the large copper coils (PO 87763, 120 units). The tracking page has said 'in transit' since the 18 June. Need an answer by end of day."
2373,9097,1998-07-22,email,late_delivery,0,"Hi team, still no sign of the brushed aluminium panels. Our warehouse team has been standing by since the 12 July. Thanks."
2374,120436,1998-05-06,portal,damaged,0,"Hello, pallet of anodized copper pipe (800 units) arrived with the wrapping torn open and several pieces dented."
2375,131536,1997-07-14,chat,late_delivery,1,Our shipment of promo tin cans was promised for the 25 June and still has not turned up. If this happens again we will move our business to another supplier. Thanks.
2376,128066,1998-06-20,phone transcript,damaged,1,Good morning. Pallet of standard steel flanges (500 units) arrived with the wrapping torn open and several pieces dented. If this happens again we will move our business to another supplier. Need an answer by end of day.
2377,91514,1998-06-20,account manager note,damaged,0,Urgent: Several of the burnished tin sheets (75 units) were snapped in two when we unpacked them.
2378,101470,1998-03-19,email,account,0,"Hi Rahul, I cannot log into the ordering portal, the password reset email never arrives. Please call me back today."
2379,103111,1997-04-24,chat,quality,0,"Hi Rahul, two of our customers returned products built with your small polished rods (PO 44568, 120 units) because of early failure. Please call me back today."
2380,72098,1998-03-18,portal,damaged,0,Following up: Opened the delivery of large copper coils (75 units) this morning and a good third of them are cracked.
2381,147160,1998-05-22,email,billing,0,To whom it may concern: We were invoiced twice for the same batch of polished steel brackets on PO 99086. Escalating to my manager if not resolved.
2382,47939,1998-01-10,portal,quality,0,Good morning. Two of our customers returned products built with your medium plated fasteners because of early failure. Need an answer by end of day.
2383,112312,1998-02-05,account manager note,late_delivery,1,"Hello, your carrier keeps rescheduling. We were told the 22 January, then Friday, now 'next week' for the brushed aluminium panels (PO 38451, 800 units). Frankly we are already talking to your competitors. Need an answer by end of day."
2384,63701,1997-09-04,portal,late_delivery,0,Our shipment of medium plated fasteners on PO 46243 was promised for the 17 August and still has not turned up. Need an answer by end of day.
2385,64685,1997-10-17,portal,late_delivery,1,"We planned a production run around the large copper coils (200 units) arriving on the 3 October. Nothing has arrived and the line is idle. Honestly I am not sure we can keep working with you. Regards, procurement."
2386,25217,1998-04-22,chat,wrong_item,1,"The box is labelled brass fittings but inside are parts in the wrong size. This is the last chance, after this we are going elsewhere."
2387,17006,1997-12-03,account manager note,late_delivery,0,Following up: Can someone tell me where order for small polished rods is? It was meant to be here days ago. Need an answer by end of day.
2388,112196,1998-01-01,email,late_delivery,0,Good morning. We planned a production run around the standard steel flanges arriving on the 15 December. Nothing has arrived and the line is idle. Please call me back today.
2389,54446,1997-09-10,phone transcript,damaged,0,Good morning. Opened the delivery of promo tin cans this morning and a good third of them are cracked.
2390,49531,1997-08-16,portal,praise,0,"Hi team, consistently good quality on the medium plated fasteners, our QA has not flagged anything in months. Need an answer by end of day."
2391,148730,1997-03-13,phone transcript,quality,0,"Following up: The latest batch of anodized copper pipe on PO 38973 does not meet the tolerance in our spec, the threads are off. Reference attached."
2392,85250,1997-03-31,chat,damaged,0,"Hi support, pallet of plated nickel bolts arrived with the wrapping torn open and several pieces dented. Thanks."
2393,147700,1997-01-04,account manager note,late_delivery,1,"Hi Rahul, third week waiting on the small polished rods (250 units). The tracking page has said 'in transit' since the 20 December. We are reviewing whether to renew the contract at the end of the quarter. Regards, procurement."
2394,131132,1997-09-16,portal,billing,0,The price on the invoice for anodized copper pipe is higher than the price we agreed in the contract. Escalating to my manager if not resolved.
2395,21001,1998-04-18,portal,damaged,0,"To whom it may concern: Half the large copper coils came out of the crate bent and scratched. Regards, procurement."
2396,116902,1997-02-14,phone transcript,late_delivery,0,"Hi Anna, your carrier keeps rescheduling. We were told the 7 February, then Friday, now 'next week' for the promo tin cans. Thanks."
2397,57730,1998-01-14,portal,damaged,1,"Hi team, opened the delivery of large copper coils (PO 72840, 75 units) this morning and a good third of them are cracked. We are reviewing whether to renew the contract at the end of the quarter. Thanks."
2398,82204,1998-01-23,email,quality,1,"To whom it may concern: Two of our customers returned products built with your brushed aluminium panels (PO 18527, 250 units) because of early failure. Our procurement team has asked me to find an alternative vendor. Reference attached."
2399,104594,1998-06-12,portal,praise,0,"Hi Marco, consistently good quality on the brushed aluminium panels, our QA has not flagged anything in months. Thanks."
2400,33524,1997-11-19,phone transcript,wrong_item,1,Urgent: The box is labelled anodized copper pipe but inside are parts in the wrong size. Frankly we are already talking to your competitors. Please call me back today.
2401,50408,1997-09-29,phone transcript,late_delivery,1,To whom it may concern: Can someone tell me where order for brushed aluminium panels (1200 units) is? It was meant to be here days ago. Our procurement team has asked me to find an alternative vendor. Thanks.
2402,49829,1998-03-16,portal,late_delivery,1,Following up: The plated nickel bolts consignment slipped again. That is the second slip this quarter. Our procurement team has asked me to find an alternative vendor. Please call me back today.
2403,34888,1997-07-25,chat,late_delivery,1,"Hello, third week waiting on the brushed aluminium panels. The tracking page has said 'in transit' since the 11 July. Honestly I am not sure we can keep working with you. Need an answer by end of day."
2404,120038,1998-04-17,chat,damaged,0,Received the economy brass valves on PO 35970 but the packaging was soaked through and the metal has started to rust. Need an answer by end of day.
2405,148130,1998-03-25,phone transcript,late_delivery,0,"Hi Mei, can someone tell me where order for large copper coils is? It was meant to be here days ago. Regards, procurement."
2406,144620,1998-02-23,portal,late_delivery,0,Urgent: We planned a production run around the large copper coils arriving on the 15 February. Nothing has arrived and the line is idle. Thanks.
2407,43424,1997-05-30,account manager note,damaged,0,"Hi team, pallet of burnished tin sheets arrived with the wrapping torn open and several pieces dented. Thanks."
2408,146002,1997-10-04,phone transcript,account,0,"Hello, could you send us a copy of last year's statements for our auditors?"
2409,136303,1998-01-31,chat,billing,0,Urgent: The price on the invoice for polished steel brackets on PO 59601 is higher than the price we agreed in the contract. Thanks.
2410,22723,1997-06-23,portal,account,0,"Hello, I cannot log into the ordering portal, the password reset email never arrives. Reference attached."
2411,49969,1997-10-07,phone transcript,billing,0,"Hello, we still have not received the credit note you promised for the brass fittings on PO 95953."
2412,25114,1997-03-11,chat,wrong_item,1,"Hello, we ordered anodized copper pipe and received something completely different. If this happens again we will move our business to another supplier."
2413,1277,1997-07-04,chat,quality,1,"Our QA rejected the brass fittings. Finish is uneven and some pieces fail the stress test. Frankly we are already talking to your competitors. Regards, procurement."
2414,91144,1997-03-23,chat,billing,0,"Hello, we still have not received the credit note you promised for the anodized copper pipe (PO 34063, 40 units)."
2415,20758,1997-09-08,account manager note,late_delivery,1,"To whom it may concern: The polished steel brackets (PO 93309, 1200 units) consignment slipped again. That is the second slip this quarter. If this happens again we will move our business to another supplier."
2416,59743,1997-12-17,phone transcript,damaged,0,"Urgent: The burnished tin sheets were crushed in transit, the box looked like it had been dropped from a height. Escalating to my manager if not resolved."
2417,139733,1998-05-20,portal,damaged,0,"Following up: Several of the plated nickel bolts (PO 24885, 75 units) were snapped in two when we unpacked them. Please call me back today."
2418,148730,1997-09-18,portal,account,0,Urgent: Please add my colleague as a second contact on our account.
2419,89885,1997-01-13,account manager note,late_delivery,1,Good morning. The brass fittings (200 units) consignment slipped again. That is the second slip this quarter. Honestly I am not sure we can keep working with you. Reference attached.
2420,43418,1997-06-01,chat,late_delivery,0,"Hello, our shipment of medium plated fasteners was promised for the 16 May and still has not turned up. Reference attached."
2421,27155,1997-08-09,account manager note,account,0,"I cannot log into the ordering portal, the password reset email never arrives."
2422,115979,1998-07-04,portal,praise,0,"To whom it may concern: Consistently good quality on the economy brass valves, our QA has not flagged anything in months. Need an answer by end of day."
2423,20344,1997-06-24,chat,quality,1,Following up: Our QA rejected the anodized copper pipe. Finish is uneven and some pieces fail the stress test. Honestly I am not sure we can keep working with you.
2424,105545,1997-03-18,account manager note,wrong_item,0,To whom it may concern: We ordered brass fittings (40 units) and received something completely different. Reference attached.
2425,6212,1998-04-03,account manager note,account,0,"Good morning. We have moved office, please update the delivery address on our account."
2426,40750,1997-10-29,portal,damaged,0,To whom it may concern: Half the brass fittings (200 units) came out of the crate bent and scratched. Escalating to my manager if not resolved.
2427,16571,1997-05-21,portal,account,0,Urgent: Please add my colleague as a second contact on our account.
2428,122963,1998-03-14,phone transcript,late_delivery,0,"Our shipment of burnished tin sheets (PO 19567, 40 units) was promised for the 6 March and still has not turned up. Thanks."
2429,23479,1998-05-02,portal,praise,0,"Hi Rahul, consistently good quality on the polished steel brackets, our QA has not flagged anything in months. Thanks."
2430,32584,1997-09-18,email,praise,0,"Good morning. Your account team sorted our brass fittings (PO 50357, 40 units) issue in a single call, really appreciated."
2431,136294,1997-10-08,account manager note,account,0,"Following up: We have moved office, please update the delivery address on our account. Reference attached."
2432,33800,1997-04-09,portal,quality,1,Following up: Compared with last year the standard steel flanges feel cheaper and wear out much faster. Our procurement team has asked me to find an alternative vendor. Escalating to my manager if not resolved.
2433,49702,1998-07-23,portal,billing,0,Good morning. We still have not received the credit note you promised for the brass fittings (500 units). Please call me back today.
2434,128066,1997-12-28,portal,late_delivery,0,Good morning. Still no sign of the medium plated fasteners on PO 79745. Our warehouse team has been standing by since the 18 December. Escalating to my manager if not resolved.
2435,111068,1997-07-14,portal,billing,0,"Please explain the extra surcharge on our last statement for the burnished tin sheets (1200 units). Regards, procurement."
2436,102997,1998-06-26,phone transcript,quality,1,"Good morning. Our QA rejected the plated nickel bolts (PO 79955, 250 units). Finish is uneven and some pieces fail the stress test. This is the last chance, after this we are going elsewhere. Regards, procurement."
2437,59179,1997-09-03,portal,late_delivery,0,Following up: Third week waiting on the promo tin cans. The tracking page has said 'in transit' since the 27 August. Reference attached.
2438,104701,1997-01-04,email,praise,0,"Hi Mei, your account team sorted our economy brass valves issue in a single call, really appreciated."
2439,95536,1997-07-20,account manager note,damaged,0,"Hello, pallet of plated nickel bolts (120 units) arrived with the wrapping torn open and several pieces dented. Please call me back today."
2440,87440,1997-10-10,phone transcript,late_delivery,0,Good morning. We planned a production run around the plated nickel bolts (500 units) arriving on the 28 September. Nothing has arrived and the line is idle.
2441,117602,1997-09-29,account manager note,damaged,0,Good morning. Half the plated nickel bolts on PO 72659 came out of the crate bent and scratched. Need an answer by end of day.
2442,101554,1997-04-23,phone transcript,late_delivery,0,Can someone tell me where order for brushed aluminium panels is? It was meant to be here days ago. Please call me back today.
2443,149401,1998-05-29,email,late_delivery,0,"Hello, third week waiting on the standard steel flanges. The tracking page has said 'in transit' since the 10 May. Reference attached."
2444,125858,1997-01-03,chat,damaged,0,"Good morning. Several of the brass fittings (PO 25627, 500 units) were snapped in two when we unpacked them. Regards, procurement."
2445,65797,1997-08-29,account manager note,late_delivery,0,"Hi team, we planned a production run around the brass fittings (1200 units) arriving on the 20 August. Nothing has arrived and the line is idle."
2446,114868,1997-09-02,chat,account,0,"Good morning. I cannot log into the ordering portal, the password reset email never arrives. Thanks."
2447,16741,1997-01-28,chat,damaged,0,Following up: Received the economy brass valves on PO 41764 but the packaging was soaked through and the metal has started to rust. Please call me back today.
2448,29243,1997-02-07,phone transcript,account,0,"We have moved office, please update the delivery address on our account."
2449,134071,1997-07-15,portal,late_delivery,1,"Good morning. Third week waiting on the polished steel brackets (PO 10215, 40 units). The tracking page has said 'in transit' since the 27 June. This is the last chance, after this we are going elsewhere. Thanks."
2450,42973,1997-04-26,email,billing,1,Good morning. The price on the invoice for anodized copper pipe is higher than the price we agreed in the contract. Our procurement team has asked me to find an alternative vendor. Thanks.
2451,44455,1997-03-11,portal,account,0,"Hi team, we have moved office, please update the delivery address on our account. Regards, procurement."
2452,114509,1998-07-01,portal,quality,0,To whom it may concern: Compared with last year the economy brass valves feel cheaper and wear out much faster. Reference attached.
2453,54782,1998-05-17,account manager note,praise,0,"Hello, consistently good quality on the small polished rods on PO 87730, our QA has not flagged anything in months. Escalating to my manager if not resolved."
2454,73595,1997-01-17,portal,wrong_item,0,"To whom it may concern: Your warehouse picked the wrong SKU again, these are not standard steel flanges (75 units)."
2455,3953,1997-08-31,chat,billing,0,"Urgent: We still have not received the credit note you promised for the brushed aluminium panels (PO 27480, 40 units). Thanks."
2456,29243,1998-01-01,portal,damaged,1,"Following up: Half the plated nickel bolts (PO 12240, 800 units) came out of the crate bent and scratched. If this happens again we will move our business to another supplier. Need an answer by end of day."
2457,97912,1997-10-20,portal,damaged,1,"Good morning. Received the polished steel brackets on PO 27125 but the packaging was soaked through and the metal has started to rust. We are reviewing whether to renew the contract at the end of the quarter. Regards, procurement."
2458,58592,1997-10-11,account manager note,damaged,0,To whom it may concern: Opened the delivery of medium plated fasteners this morning and a good third of them are cracked. Reference attached.
2459,13469,1997-09-16,email,praise,0,"Your account team sorted our large copper coils (120 units) issue in a single call, really appreciated. Need an answer by end of day."
2460,34309,1997-11-29,account manager note,billing,0,"Hi team, we still have not received the credit note you promised for the anodized copper pipe. Please call me back today."
2461,23509,1997-02-24,phone transcript,late_delivery,0,Urgent: We planned a production run around the anodized copper pipe arriving on the 20 February. Nothing has arrived and the line is idle.
2462,15185,1997-03-26,chat,billing,0,To whom it may concern: Please explain the extra surcharge on our last statement for the anodized copper pipe (120 units). Reference attached.
2463,15611,1998-01-20,chat,praise,0,Good morning. Just wanted to say the small polished rods arrived early and in perfect condition. Great job. Thanks.
2464,12352,1997-01-23,chat,damaged,0,"Hi Tom, half the economy brass valves came out of the crate bent and scratched. Escalating to my manager if not resolved."
2465,100819,1998-01-27,email,late_delivery,0,"Hello, we planned a production run around the brushed aluminium panels on PO 96377 arriving on the 21 January. Nothing has arrived and the line is idle."
2466,78481,1997-07-27,email,account,0,To whom it may concern: Could you send us a copy of last year's statements for our auditors? Need an answer by end of day.
2467,88628,1997-01-17,account manager note,billing,1,"Hello, we still have not received the credit note you promised for the medium plated fasteners on PO 21424. Frankly we are already talking to your competitors."
2468,15250,1998-02-28,portal,wrong_item,0,"Hello, this is not what we asked for. The standard steel flanges (PO 69627, 1200 units) on the invoice do not match what is on the pallet. Reference attached."
2469,53561,1998-06-01,chat,late_delivery,1,"Hello, still no sign of the polished steel brackets on PO 42783. Our warehouse team has been standing by since the 26 May. If this happens again we will move our business to another supplier. Please call me back today."
2470,136321,1997-07-30,phone transcript,damaged,1,"Hello, several of the burnished tin sheets were snapped in two when we unpacked them. Honestly I am not sure we can keep working with you."
2471,145025,1997-01-30,phone transcript,damaged,0,Good morning. Opened the delivery of standard steel flanges this morning and a good third of them are cracked. Thanks.
2472,66841,1997-11-24,portal,quality,1,Urgent: Two of our customers returned products built with your medium plated fasteners because of early failure. Our procurement team has asked me to find an alternative vendor. Need an answer by end of day.
2473,8803,1998-04-10,portal,wrong_item,0,Good morning. Got 200 units of the wrong finish instead of the burnished tin sheets we specified. Please call me back today.
2474,22186,1998-01-05,chat,late_delivery,0,Following up: Third week waiting on the large copper coils on PO 69500. The tracking page has said 'in transit' since the 22 December. Need an answer by end of day.
2475,113393,1997-11-04,phone transcript,billing,0,To whom it may concern: We still have not received the credit note you promised for the promo tin cans (75 units). Thanks.
2476,86569,1997-05-28,phone transcript,quality,1,Good morning. Compared with last year the burnished tin sheets on PO 13954 feel cheaper and wear out much faster. Frankly we are already talking to your competitors. Thanks.
2477,59903,1997-01-10,account manager note,wrong_item,0,To whom it may concern: We ordered polished steel brackets on PO 73972 and received something completely different.
2478,63259,1997-12-18,phone transcript,wrong_item,0,Good morning. Got 200 units of the wrong finish instead of the brass fittings we specified.
2479,23017,1998-03-10,account manager note,quality,0,Compared with last year the brass fittings feel cheaper and wear out much faster. Please call me back today.
2480,131629,1997-12-25,phone transcript,praise,0,"To whom it may concern: Your account team sorted our standard steel flanges (120 units) issue in a single call, really appreciated. Regards, procurement."
2481,95632,1997-12-30,account manager note,account,0,Urgent: Could you send us a copy of last year's statements for our auditors?
2482,97124,1997-03-24,phone transcript,quality,1,"Hello, our QA rejected the economy brass valves (PO 15655, 250 units). Finish is uneven and some pieces fail the stress test. Honestly I am not sure we can keep working with you."
2483,97831,1998-02-28,account manager note,late_delivery,1,To whom it may concern: Third week waiting on the polished steel brackets. The tracking page has said 'in transit' since the 20 February. We are reviewing whether to renew the contract at the end of the quarter.
2484,79738,1997-03-10,chat,billing,0,"Hi account team, please explain the extra surcharge on our last statement for the promo tin cans. Thanks."
2485,53705,1998-06-04,account manager note,wrong_item,0,The box is labelled medium plated fasteners on PO 35978 but inside are parts in the wrong size. Escalating to my manager if not resolved.
2486,106265,1997-07-07,chat,billing,0,Good morning. The price on the invoice for anodized copper pipe (75 units) is higher than the price we agreed in the contract. Please call me back today.
2487,90676,1997-01-11,portal,account,0,"We have moved office, please update the delivery address on our account."
2488,97967,1997-01-05,account manager note,praise,0,"Your account team sorted our economy brass valves issue in a single call, really appreciated. Regards, procurement."
2489,4841,1997-10-24,portal,billing,1,We were invoiced twice for the same batch of anodized copper pipe on PO 18504. Honestly I am not sure we can keep working with you. Please call me back today.
2490,108307,1997-11-12,email,quality,0,"Hi Anna, compared with last year the large copper coils feel cheaper and wear out much faster. Regards, procurement."
2491,108287,1998-06-12,portal,late_delivery,0,"Urgent: Your carrier keeps rescheduling. We were told the 27 May, then Friday, now 'next week' for the small polished rods. Reference attached."
2492,54814,1997-12-09,account manager note,billing,0,"Hi team, our finance team cannot reconcile your invoice, the quantities of burnished tin sheets are off."
2493,73370,1998-02-07,phone transcript,wrong_item,0,"Hi team, the box is labelled burnished tin sheets (PO 72935, 250 units) but inside are parts in the wrong size. Reference attached."
2494,28222,1997-07-25,portal,late_delivery,0,"Good morning. Still no sign of the medium plated fasteners (PO 32679, 40 units). Our warehouse team has been standing by since the 15 July. Regards, procurement."
2495,18611,1997-09-14,email,late_delivery,0,To whom it may concern: Can someone tell me where order for small polished rods (120 units) is? It was meant to be here days ago. Reference attached.
2496,142033,1998-05-29,chat,damaged,0,Several of the standard steel flanges on PO 69779 were snapped in two when we unpacked them. Need an answer by end of day.
2497,130195,1997-12-31,account manager note,late_delivery,0,Urgent: Our shipment of anodized copper pipe on PO 76542 was promised for the 26 December and still has not turned up. Need an answer by end of day.
2498,148766,1997-04-02,phone transcript,damaged,1,"To whom it may concern: Opened the delivery of burnished tin sheets (PO 63504, 75 units) this morning and a good third of them are cracked. Frankly we are already talking to your competitors. Please call me back today."
2499,107291,1997-01-25,account manager note,billing,0,Good morning. The price on the invoice for anodized copper pipe on PO 83649 is higher than the price we agreed in the contract. Reference attached.
2500,90880,1997-09-01,account manager note,late_delivery,0,To whom it may concern: Still no sign of the large copper coils on PO 54991. Our warehouse team has been standing by since the 28 August.
2501,65830,1998-06-12,email,quality,0,To whom it may concern: Two of our customers returned products built with your burnished tin sheets because of early failure. Need an answer by end of day.
2502,133570,1997-04-19,email,damaged,0,Received the large copper coils (200 units) but the packaging was soaked through and the metal has started to rust. Escalating to my manager if not resolved.
2503,116098,1997-08-17,portal,account,0,"Hi team, we have moved office, please update the delivery address on our account. Thanks."
2504,26383,1997-07-24,chat,account,0,"Good morning. We have moved office, please update the delivery address on our account."
2505,102523,1997-01-03,account manager note,billing,0,"Good morning. We still have not received the credit note you promised for the brushed aluminium panels (PO 74275, 500 units)."
2506,63200,1997-09-07,email,late_delivery,0,"We planned a production run around the polished steel brackets (PO 88248, 250 units) arriving on the 22 August. Nothing has arrived and the line is idle. Escalating to my manager if not resolved."
2507,33497,1998-06-14,phone transcript,quality,1,"Hi team, our QA rejected the large copper coils (PO 17619, 75 units). Finish is uneven and some pieces fail the stress test. This is the last chance, after this we are going elsewhere. Please call me back today."
2508,82703,1998-05-23,chat,damaged,0,"To whom it may concern: The large copper coils were crushed in transit, the box looked like it had been dropped from a height. Need an answer by end of day."
2509,145025,1997-01-14,portal,praise,0,"Thanks for the quick turnaround on the brass fittings, it saved our production week. Reference attached."
2510,130499,1998-05-24,email,billing,1,"Hello, we still have not received the credit note you promised for the plated nickel bolts. If this happens again we will move our business to another supplier. Reference attached."
2511,17764,1997-05-27,email,wrong_item,0,"Good morning. Your warehouse picked the wrong SKU again, these are not polished steel brackets. Please call me back today."
2512,9530,1997-02-12,portal,late_delivery,1,"Good morning. Your carrier keeps rescheduling. We were told the 31 January, then Friday, now 'next week' for the burnished tin sheets (250 units). Frankly we are already talking to your competitors. Reference attached."
2513,18622,1997-05-23,portal,quality,1,"Hi account team, two of our customers returned products built with your burnished tin sheets on PO 99047 because of early failure. Honestly I am not sure we can keep working with you. Thanks."
2514,146002,1997-11-14,chat,praise,0,"Hello, consistently good quality on the brass fittings, our QA has not flagged anything in months. Regards, procurement."
2515,123712,1997-09-02,email,late_delivery,0,"Following up: Third week waiting on the anodized copper pipe on PO 93052. The tracking page has said 'in transit' since the 18 August. Regards, procurement."
2516,30259,1997-11-13,account manager note,damaged,0,"Hello, half the large copper coils came out of the crate bent and scratched. Thanks."
2517,114781,1998-04-09,phone transcript,damaged,1,Urgent: Half the standard steel flanges came out of the crate bent and scratched. Frankly we are already talking to your competitors. Escalating to my manager if not resolved.
2518,69806,1998-05-31,chat,late_delivery,0,Can someone tell me where order for promo tin cans is? It was meant to be here days ago. Escalating to my manager if not resolved.
2519,67834,1997-06-29,phone transcript,wrong_item,0,Got 200 units of the wrong finish instead of the economy brass valves (500 units) we specified. Thanks.
2520,139420,1997-11-13,portal,late_delivery,0,"Hi team, can someone tell me where order for brushed aluminium panels is? It was meant to be here days ago. Need an answer by end of day."
2521,65446,1997-11-27,portal,account,0,"Urgent: I cannot log into the ordering portal, the password reset email never arrives. Reference attached."
2522,142763,1997-12-19,portal,billing,0,"Good morning. Our finance team cannot reconcile your invoice, the quantities of polished steel brackets (1200 units) are off."
2523,65176,1997-08-03,phone transcript,wrong_item,0,"Hi Marco, we ordered polished steel brackets on PO 43970 and received something completely different. Reference attached."
2524,13262,1997-12-19,account manager note,quality,0,Urgent: Our QA rejected the economy brass valves. Finish is uneven and some pieces fail the stress test. Reference attached.
2525,70607,1997-03-20,portal,late_delivery,0,"Hi team, third week waiting on the brushed aluminium panels (1200 units). The tracking page has said 'in transit' since the 28 February. Regards, procurement."
2526,56519,1998-01-22,account manager note,wrong_item,0,"Urgent: Your warehouse picked the wrong SKU again, these are not polished steel brackets on PO 31063. Need an answer by end of day."
2527,40637,1998-07-24,portal,late_delivery,1,Following up: Can someone tell me where order for brushed aluminium panels (1200 units) is? It was meant to be here days ago. Frankly we are already talking to your competitors.
2528,24850,1997-10-15,chat,quality,1,Urgent: Two of our customers returned products built with your polished steel brackets because of early failure. Honestly I am not sure we can keep working with you. Need an answer by end of day.
2529,6557,1997-12-16,email,damaged,0,"Hi team, received the brushed aluminium panels (75 units) but the packaging was soaked through and the metal has started to rust. Regards, procurement."
2530,80833,1997-12-22,account manager note,praise,0,"Hi team, thanks for the quick turnaround on the economy brass valves, it saved our production week. Need an answer by end of day."
2531,74708,1998-07-14,portal,billing,1,"Hi Mei, the price on the invoice for economy brass valves (1200 units) is higher than the price we agreed in the contract. Honestly I am not sure we can keep working with you. Reference attached."
2532,86560,1998-02-22,portal,praise,0,"Hello, thanks for the quick turnaround on the large copper coils (800 units), it saved our production week. Please call me back today."
2533,90620,1998-07-12,phone transcript,praise,0,"Following up: Thanks for the quick turnaround on the standard steel flanges, it saved our production week. Regards, procurement."
2534,12872,1997-04-16,chat,damaged,0,Urgent: Pallet of standard steel flanges arrived with the wrapping torn open and several pieces dented. Thanks.
2535,59963,1997-10-18,email,praise,0,"Thanks for the quick turnaround on the medium plated fasteners (PO 84837, 250 units), it saved our production week. Regards, procurement."
2536,80224,1997-04-11,email,late_delivery,0,"Hi support, still no sign of the economy brass valves (PO 59197, 200 units). Our warehouse team has been standing by since the 4 April. Reference attached."
2537,138163,1997-01-03,account manager note,damaged,1,"Hi support, pallet of large copper coils (1200 units) arrived with the wrapping torn open and several pieces dented. If this happens again we will move our business to another supplier."
2538,27238,1998-01-27,account manager note,late_delivery,0,"Still no sign of the small polished rods (PO 96484, 40 units). Our warehouse team has been standing by since the 12 January. Need an answer by end of day."
2539,128872,1997-12-10,chat,damaged,0,"Hi team, the burnished tin sheets on PO 59772 were crushed in transit, the box looked like it had been dropped from a height. Thanks."
2540,32968,1997-11-24,chat,billing,0,"Hi Marco, we were invoiced twice for the same batch of standard steel flanges. Need an answer by end of day."
2541,5515,1997-12-21,email,billing,0,We were invoiced twice for the same batch of plated nickel bolts (40 units). Reference attached.
2542,21124,1997-02-01,phone transcript,account,0,Good morning. Please add my colleague as a second contact on our account.
2543,133435,1997-11-21,chat,wrong_item,1,Urgent: This is not what we asked for. The brushed aluminium panels (75 units) on the invoice do not match what is on the pallet. Frankly we are already talking to your competitors.
2544,99596,1997-12-29,phone transcript,praise,0,Urgent: Just wanted to say the anodized copper pipe arrived early and in perfect condition. Great job. Thanks.
2545,127493,1998-05-04,phone transcript,quality,1,Compared with last year the small polished rods feel cheaper and wear out much faster. Honestly I am not sure we can keep working with you. Please call me back today.
2546,55178,1997-06-05,chat,billing,0,Good morning. We were invoiced twice for the same batch of burnished tin sheets on PO 76299. Thanks.
2547,75362,1997-09-30,chat,billing,0,The price on the invoice for anodized copper pipe on PO 78753 is higher than the price we agreed in the contract. Need an answer by end of day.
2548,133997,1997-09-09,account manager note,damaged,0,"To whom it may concern: The anodized copper pipe on PO 77546 were crushed in transit, the box looked like it had been dropped from a height. Need an answer by end of day."
2549,90166,1997-12-09,account manager note,billing,0,Urgent: The price on the invoice for promo tin cans is higher than the price we agreed in the contract.
2550,7750,1997-09-21,portal,late_delivery,0,Can someone tell me where order for standard steel flanges on PO 84448 is? It was meant to be here days ago. Need an answer by end of day.
2551,106132,1998-01-01,account manager note,quality,0,"Hi Marco, two of our customers returned products built with your economy brass valves on PO 79462 because of early failure. Need an answer by end of day."
2552,142405,1998-03-30,email,account,0,"We have moved office, please update the delivery address on our account."
2553,60991,1998-06-14,portal,late_delivery,1,"Hi team, our shipment of promo tin cans was promised for the 2 June and still has not turned up. Frankly we are already talking to your competitors. Reference attached."
2554,70766,1997-12-03,account manager note,damaged,0,"Hi Mei, received the standard steel flanges (PO 27353, 500 units) but the packaging was soaked through and the metal has started to rust."
2555,70159,1998-04-27,portal,late_delivery,1,"Hi team, still no sign of the large copper coils. Our warehouse team has been standing by since the 7 April. We are reviewing whether to renew the contract at the end of the quarter. Regards, procurement."
2556,92051,1998-06-12,phone transcript,billing,1,"Hello, the price on the invoice for burnished tin sheets on PO 11497 is higher than the price we agreed in the contract. Honestly I am not sure we can keep working with you. Thanks."
2557,86257,1998-07-27,phone transcript,late_delivery,0,We planned a production run around the standard steel flanges arriving on the 9 July. Nothing has arrived and the line is idle. Need an answer by end of day.
2558,88184,1997-07-26,chat,quality,0,"Good morning. Two of our customers returned products built with your medium plated fasteners (PO 14841, 1200 units) because of early failure. Need an answer by end of day."
2559,105242,1998-04-07,chat,wrong_item,0,"This is not what we asked for. The burnished tin sheets on PO 22332 on the invoice do not match what is on the pallet. Regards, procurement."
2560,124205,1997-04-09,portal,account,0,Could you send us a copy of last year's statements for our auditors? Need an answer by end of day.
2561,69521,1998-05-30,portal,praise,0,"Following up: Thanks for the quick turnaround on the medium plated fasteners on PO 96737, it saved our production week. Escalating to my manager if not resolved."
2562,85903,1997-03-13,account manager note,damaged,0,To whom it may concern: Received the polished steel brackets but the packaging was soaked through and the metal has started to rust.
2563,43151,1998-07-17,phone transcript,quality,0,Two of our customers returned products built with your polished steel brackets on PO 86919 because of early failure. Reference attached.
2564,16178,1997-03-07,phone transcript,billing,0,"Urgent: We were invoiced twice for the same batch of promo tin cans (PO 93646, 40 units). Reference attached."
2565,25030,1998-03-03,phone transcript,late_delivery,0,"Hi account team, our shipment of burnished tin sheets was promised for the 13 February and still has not turned up. Thanks."
2566,81881,1997-01-03,email,quality,1,Following up: Two of our customers returned products built with your brass fittings because of early failure. If this happens again we will move our business to another supplier.
2567,80087,1998-05-13,portal,wrong_item,0,"Hi team, your warehouse picked the wrong SKU again, these are not anodized copper pipe on PO 78688. Reference attached."
2568,96004,1997-07-31,chat,wrong_item,0,Following up: This is not what we asked for. The small polished rods (250 units) on the invoice do not match what is on the pallet. Escalating to my manager if not resolved.
2569,129910,1998-04-18,account manager note,account,0,Please add my colleague as a second contact on our account.
2570,145025,1997-11-28,phone transcript,late_delivery,0,"We planned a production run around the burnished tin sheets (PO 93254, 40 units) arriving on the 18 November. Nothing has arrived and the line is idle. Need an answer by end of day."
2571,157,1997-03-02,account manager note,damaged,0,Several of the brass fittings (75 units) were snapped in two when we unpacked them. Escalating to my manager if not resolved.
2572,120199,1997-06-09,portal,late_delivery,1,Following up: Third week waiting on the standard steel flanges on PO 23446. The tracking page has said 'in transit' since the 27 May. We are reviewing whether to renew the contract at the end of the quarter. Please call me back today.
2573,114925,1997-01-25,email,billing,0,"Urgent: Our finance team cannot reconcile your invoice, the quantities of small polished rods (200 units) are off. Please call me back today."
2574,9445,1997-12-23,portal,late_delivery,0,"Hello, we planned a production run around the plated nickel bolts arriving on the 4 December. Nothing has arrived and the line is idle. Thanks."
2575,28181,1997-02-25,phone transcript,damaged,0,"Hi team, several of the plated nickel bolts (PO 77157, 1200 units) were snapped in two when we unpacked them."
2576,113236,1997-12-26,account manager note,quality,1,"Hello, the latest batch of brass fittings does not meet the tolerance in our spec, the threads are off. Frankly we are already talking to your competitors. Please call me back today."
2577,107971,1998-02-20,chat,wrong_item,0,"Hello, this is not what we asked for. The brushed aluminium panels (40 units) on the invoice do not match what is on the pallet."
2578,136130,1997-12-09,email,damaged,0,"Following up: The burnished tin sheets were crushed in transit, the box looked like it had been dropped from a height. Regards, procurement."
2579,70187,1998-04-09,phone transcript,account,0,"Hi account team, we have moved office, please update the delivery address on our account. Reference attached."
2580,69976,1998-03-28,phone transcript,late_delivery,1,Third week waiting on the brass fittings (500 units). The tracking page has said 'in transit' since the 14 March. Our procurement team has asked me to find an alternative vendor. Escalating to my manager if not resolved.
2581,78481,1997-07-15,email,late_delivery,0,"Hi team, the brushed aluminium panels on PO 95957 consignment slipped again. That is the second slip this quarter. Thanks."
2582,85507,1997-07-11,portal,late_delivery,0,Still no sign of the brushed aluminium panels (75 units). Our warehouse team has been standing by since the 24 June. Reference attached.
2583,87617,1998-06-18,chat,wrong_item,0,Got 200 units of the wrong finish instead of the plated nickel bolts on PO 38557 we specified. Need an answer by end of day.
2584,17963,1997-03-09,email,billing,0,"Please explain the extra surcharge on our last statement for the promo tin cans (PO 30906, 800 units). Thanks."
2585,28105,1998-03-18,phone transcript,damaged,0,"Hi team, opened the delivery of brushed aluminium panels this morning and a good third of them are cracked."
2586,36748,1997-04-21,chat,wrong_item,0,Urgent: We ordered anodized copper pipe on PO 19476 and received something completely different. Need an answer by end of day.
2587,3125,1997-05-03,phone transcript,billing,0,"Hello, we were invoiced twice for the same batch of anodized copper pipe (PO 73901, 75 units). Reference attached."
2588,8738,1998-06-05,chat,praise,0,"Your account team sorted our brass fittings on PO 45097 issue in a single call, really appreciated."
2589,17954,1997-04-26,email,praise,0,"Hello, thanks for the quick turnaround on the small polished rods, it saved our production week."
2590,37798,1998-03-01,chat,damaged,0,"Hi team, pallet of promo tin cans (800 units) arrived with the wrapping torn open and several pieces dented. Escalating to my manager if not resolved."
2591,84157,1997-12-22,chat,late_delivery,0,"Hi team, can someone tell me where order for promo tin cans on PO 61975 is? It was meant to be here days ago. Need an answer by end of day."
2592,31453,1997-06-26,account manager note,late_delivery,0,"Hello, our shipment of economy brass valves was promised for the 15 June and still has not turned up. Reference attached."
2593,146002,1998-05-18,account manager note,damaged,1,"Good morning. Half the large copper coils came out of the crate bent and scratched. This is the last chance, after this we are going elsewhere. Thanks."
2594,38732,1997-02-10,phone transcript,damaged,0,"To whom it may concern: Pallet of large copper coils (PO 83864, 120 units) arrived with the wrapping torn open and several pieces dented."
2595,128453,1998-07-20,phone transcript,praise,0,"Hi team, just wanted to say the standard steel flanges (PO 22324, 250 units) arrived early and in perfect condition. Great job. Reference attached."
2596,96730,1998-02-11,phone transcript,damaged,0,Urgent: Received the polished steel brackets on PO 52324 but the packaging was soaked through and the metal has started to rust.
2597,51419,1997-10-13,portal,billing,1,"Urgent: We still have not received the credit note you promised for the anodized copper pipe (PO 84003, 500 units). This is the last chance, after this we are going elsewhere. Thanks."
2598,66668,1998-03-01,email,damaged,1,"Hi team, opened the delivery of anodized copper pipe (PO 31395, 800 units) this morning and a good third of them are cracked. Frankly we are already talking to your competitors. Escalating to my manager if not resolved."
2599,147857,1997-12-19,phone transcript,billing,0,"Hi team, we were invoiced twice for the same batch of brushed aluminium panels (PO 31102, 40 units)."
2600,19196,1997-01-19,email,damaged,0,"Following up: The anodized copper pipe (PO 45056, 250 units) were crushed in transit, the box looked like it had been dropped from a height. Need an answer by end of day."
2601,67373,1997-07-10,account manager note,quality,0,"Hi account team, the latest batch of burnished tin sheets does not meet the tolerance in our spec, the threads are off. Escalating to my manager if not resolved."
2602,87440,1997-05-20,chat,wrong_item,0,We ordered brass fittings and received something completely different. Need an answer by end of day.
2603,3869,1997-01-19,portal,late_delivery,1,"Following up: Your carrier keeps rescheduling. We were told the 9 January, then Friday, now 'next week' for the polished steel brackets on PO 71443. Honestly I am not sure we can keep working with you. Need an answer by end of day."
2604,43216,1997-05-13,email,billing,0,"Following up: Our finance team cannot reconcile your invoice, the quantities of anodized copper pipe (120 units) are off. Need an answer by end of day."
2605,17816,1998-06-18,portal,billing,0,We still have not received the credit note you promised for the large copper coils (120 units).
2606,146918,1998-02-10,portal,billing,0,Urgent: The price on the invoice for small polished rods on PO 81043 is higher than the price we agreed in the contract. Need an answer by end of day.
2607,63268,1998-05-31,portal,damaged,0,Received the promo tin cans (1200 units) but the packaging was soaked through and the metal has started to rust. Please call me back today.
2608,17891,1997-02-25,chat,billing,0,"Our finance team cannot reconcile your invoice, the quantities of anodized copper pipe (250 units) are off. Escalating to my manager if not resolved."
2609,16946,1998-06-14,email,account,0,"Hello, could you send us a copy of last year's statements for our auditors? Please call me back today."
2610,110762,1997-12-10,portal,quality,0,"To whom it may concern: The latest batch of small polished rods (PO 40101, 120 units) does not meet the tolerance in our spec, the threads are off. Escalating to my manager if not resolved."
2611,40292,1997-07-21,portal,damaged,0,Good morning. Several of the large copper coils on PO 56278 were snapped in two when we unpacked them. Escalating to my manager if not resolved.
2612,103577,1998-07-18,portal,late_delivery,0,Third week waiting on the small polished rods. The tracking page has said 'in transit' since the 29 June. Thanks.
2613,2077,1997-11-26,email,damaged,0,Good morning. Received the standard steel flanges (500 units) but the packaging was soaked through and the metal has started to rust.
2614,33688,1997-12-28,chat,quality,0,"Hi team, two of our customers returned products built with your large copper coils (PO 45769, 120 units) because of early failure. Thanks."
2615,43288,1998-06-13,phone transcript,damaged,1,Following up: Received the burnished tin sheets but the packaging was soaked through and the metal has started to rust. We are reviewing whether to renew the contract at the end of the quarter.
2616,141290,1997-08-29,account manager note,late_delivery,0,"To whom it may concern: Your carrier keeps rescheduling. We were told the 11 August, then Friday, now 'next week' for the brushed aluminium panels. Regards, procurement."
2617,67309,1997-12-09,email,praise,0,"Hello, just wanted to say the large copper coils (PO 16303, 500 units) arrived early and in perfect condition. Great job. Escalating to my manager if not resolved."
2618,108083,1998-05-04,chat,wrong_item,0,Got 200 units of the wrong finish instead of the polished steel brackets we specified. Thanks.
2619,13217,1997-10-07,portal,quality,0,Compared with last year the standard steel flanges feel cheaper and wear out much faster. Thanks.
2620,83933,1997-07-21,email,late_delivery,0,To whom it may concern: The economy brass valves on PO 28927 consignment slipped again. That is the second slip this quarter. Thanks.
2621,18034,1998-07-28,email,wrong_item,0,"Urgent: Your warehouse picked the wrong SKU again, these are not polished steel brackets. Thanks."
2622,78149,1998-01-23,phone transcript,late_delivery,1,"Hi Anna, our shipment of polished steel brackets (200 units) was promised for the 8 January and still has not turned up. Our procurement team has asked me to find an alternative vendor. Reference attached."
2623,38036,1997-02-09,email,late_delivery,0,To whom it may concern: Can someone tell me where order for promo tin cans (75 units) is? It was meant to be here days ago.
2624,13145,1997-02-25,portal,praise,0,"Thanks for the quick turnaround on the brushed aluminium panels, it saved our production week."
2625,122897,1998-05-03,email,praise,0,"Hi team, your account team sorted our small polished rods issue in a single call, really appreciated. Thanks."
2626,143942,1997-11-02,portal,damaged,0,Several of the large copper coils on PO 72154 were snapped in two when we unpacked them.
2627,51128,1998-05-05,account manager note,account,0,"Hello, I cannot log into the ordering portal, the password reset email never arrives. Thanks."
2628,17669,1998-03-07,chat,praise,0,"Hi Rahul, just wanted to say the brass fittings arrived early and in perfect condition. Great job."
2629,139232,1998-01-19,phone transcript,damaged,0,Opened the delivery of polished steel brackets on PO 64221 this morning and a good third of them are cracked. Please call me back today.
2630,143377,1998-07-14,portal,praise,0,"Your account team sorted our brushed aluminium panels on PO 97579 issue in a single call, really appreciated. Please call me back today."
2631,107464,1997-08-17,phone transcript,billing,0,"Following up: We were invoiced twice for the same batch of burnished tin sheets (120 units). Regards, procurement."
2632,136295,1997-06-10,portal,wrong_item,0,Good morning. This is not what we asked for. The economy brass valves on PO 75383 on the invoice do not match what is on the pallet. Escalating to my manager if not resolved.
2633,91913,1997-01-11,email,late_delivery,0,The polished steel brackets on PO 99691 consignment slipped again. That is the second slip this quarter. Need an answer by end of day.
2634,128929,1997-12-13,phone transcript,quality,0,"Urgent: The latest batch of large copper coils does not meet the tolerance in our spec, the threads are off. Thanks."
2635,86638,1998-03-22,portal,late_delivery,0,Urgent: Can someone tell me where order for polished steel brackets on PO 68528 is? It was meant to be here days ago. Need an answer by end of day.
2636,78481,1997-08-28,portal,account,0,"Hi Anna, please add my colleague as a second contact on our account. Please call me back today."
2637,19762,1997-03-18,email,wrong_item,0,Following up: The box is labelled brushed aluminium panels but inside are parts in the wrong size. Escalating to my manager if not resolved.
2638,147764,1997-06-18,account manager note,damaged,1,"To whom it may concern: The polished steel brackets on PO 11136 were crushed in transit, the box looked like it had been dropped from a height. Our procurement team has asked me to find an alternative vendor."
2639,24415,1997-03-19,account manager note,late_delivery,0,"Hello, can someone tell me where order for plated nickel bolts (1200 units) is? It was meant to be here days ago. Reference attached."
2640,94951,1998-05-12,account manager note,quality,0,To whom it may concern: Two of our customers returned products built with your small polished rods because of early failure. Escalating to my manager if not resolved.
2641,39074,1997-04-26,phone transcript,late_delivery,1,"Good morning. Our shipment of medium plated fasteners on PO 44399 was promised for the 10 April and still has not turned up. This is the last chance, after this we are going elsewhere. Reference attached."
2642,19060,1998-05-10,chat,wrong_item,0,"Hi team, the box is labelled plated nickel bolts but inside are parts in the wrong size. Escalating to my manager if not resolved."
2643,98020,1998-07-16,chat,late_delivery,0,"To whom it may concern: The promo tin cans on PO 53530 consignment slipped again. That is the second slip this quarter. Regards, procurement."
2644,8498,1997-01-30,phone transcript,late_delivery,0,"Good morning. Your carrier keeps rescheduling. We were told the 24 January, then Friday, now 'next week' for the brass fittings (40 units). Thanks."
2645,104701,1997-03-10,portal,quality,0,"Hi team, two of our customers returned products built with your promo tin cans because of early failure. Escalating to my manager if not resolved."
2646,142004,1997-09-10,email,billing,0,"Hello, the price on the invoice for brass fittings (PO 41030, 500 units) is higher than the price we agreed in the contract. Escalating to my manager if not resolved."
2647,144712,1997-06-10,portal,billing,0,"Hi Priya, we still have not received the credit note you promised for the large copper coils. Reference attached."
2648,100879,1998-05-03,account manager note,quality,0,"Two of our customers returned products built with your burnished tin sheets (PO 42446, 800 units) because of early failure. Regards, procurement."
2649,13145,1998-05-27,email,late_delivery,0,To whom it may concern: Our shipment of medium plated fasteners on PO 75961 was promised for the 23 May and still has not turned up. Need an answer by end of day.
2650,38684,1997-05-24,account manager note,wrong_item,0,"We ordered promo tin cans (PO 89927, 120 units) and received something completely different. Please call me back today."
2651,111505,1998-04-05,account manager note,damaged,0,"Hi Anna, half the large copper coils came out of the crate bent and scratched."
2652,120679,1998-04-15,email,late_delivery,0,Urgent: Third week waiting on the standard steel flanges (200 units). The tracking page has said 'in transit' since the 4 April. Reference attached.
2653,125101,1998-05-28,portal,account,0,"To whom it may concern: I cannot log into the ordering portal, the password reset email never arrives. Thanks."
2654,16994,1997-08-11,portal,wrong_item,0,We ordered promo tin cans (40 units) and received something completely different. Thanks.
2655,51652,1997-11-22,chat,billing,0,Following up: The price on the invoice for economy brass valves on PO 82455 is higher than the price we agreed in the contract. Reference attached.
2656,111701,1997-04-25,portal,quality,0,Two of our customers returned products built with your plated nickel bolts on PO 50655 because of early failure.
2657,135238,1998-06-26,email,billing,0,"Hi Rahul, we still have not received the credit note you promised for the brushed aluminium panels on PO 14369. Thanks."
2658,91724,1997-06-15,chat,wrong_item,0,To whom it may concern: We ordered burnished tin sheets on PO 65779 and received something completely different. Reference attached.
2659,3130,1997-09-07,phone transcript,damaged,0,Several of the small polished rods (250 units) were snapped in two when we unpacked them. Please call me back today.
2660,96788,1997-12-03,chat,late_delivery,0,Urgent: Still no sign of the small polished rods on PO 13380. Our warehouse team has been standing by since the 20 November. Please call me back today.
2661,122399,1998-01-04,phone transcript,damaged,1,"The standard steel flanges were crushed in transit, the box looked like it had been dropped from a height. We are reviewing whether to renew the contract at the end of the quarter."
2662,60545,1997-04-30,phone transcript,billing,0,"We were invoiced twice for the same batch of economy brass valves (PO 78550, 40 units). Reference attached."
2663,144620,1997-10-10,email,late_delivery,0,We planned a production run around the standard steel flanges (40 units) arriving on the 20 September. Nothing has arrived and the line is idle. Please call me back today.
2664,103217,1997-02-08,portal,damaged,0,"Good morning. The medium plated fasteners (PO 89558, 250 units) were crushed in transit, the box looked like it had been dropped from a height."
2665,57916,1998-02-18,portal,billing,0,"Good morning. Please explain the extra surcharge on our last statement for the plated nickel bolts (PO 31593, 120 units)."
2666,9140,1997-10-31,phone transcript,damaged,0,"Hi Mei, several of the medium plated fasteners were snapped in two when we unpacked them."
2667,30259,1998-07-16,email,damaged,1,"Hi team, half the brass fittings (800 units) came out of the crate bent and scratched. This is the last chance, after this we are going elsewhere. Thanks."
2668,60991,1998-05-30,portal,billing,0,"Our finance team cannot reconcile your invoice, the quantities of standard steel flanges are off."
2669,107179,1998-07-13,account manager note,praise,0,"Hi team, consistently good quality on the plated nickel bolts (PO 99045, 75 units), our QA has not flagged anything in months. Need an answer by end of day."
2670,103459,1998-01-14,portal,account,0,"To whom it may concern: We have moved office, please update the delivery address on our account. Thanks."
2671,135680,1997-06-15,portal,quality,1,Good morning. Compared with last year the promo tin cans (1200 units) feel cheaper and wear out much faster. If this happens again we will move our business to another supplier. Escalating to my manager if not resolved.
2672,74708,1997-12-11,phone transcript,late_delivery,1,Good morning. Can someone tell me where order for standard steel flanges is? It was meant to be here days ago. We are reviewing whether to renew the contract at the end of the quarter. Escalating to my manager if not resolved.
2673,108551,1997-09-29,chat,late_delivery,0,"Hi Rahul, we planned a production run around the plated nickel bolts arriving on the 15 September. Nothing has arrived and the line is idle. Please call me back today."
2674,42350,1998-01-13,chat,damaged,0,"Following up: The plated nickel bolts were crushed in transit, the box looked like it had been dropped from a height. Thanks."
2675,127361,1998-03-31,phone transcript,praise,0,"Hi team, your account team sorted our burnished tin sheets on PO 52632 issue in a single call, really appreciated."
2676,40580,1997-05-04,phone transcript,billing,1,"Our finance team cannot reconcile your invoice, the quantities of plated nickel bolts (PO 45423, 250 units) are off. Frankly we are already talking to your competitors. Need an answer by end of day."
2677,2332,1998-07-25,chat,damaged,0,Received the burnished tin sheets but the packaging was soaked through and the metal has started to rust. Reference attached.
2678,71794,1997-10-07,chat,billing,0,To whom it may concern: Please explain the extra surcharge on our last statement for the anodized copper pipe (120 units).
2679,55547,1997-01-14,account manager note,account,0,"Hi team, please add my colleague as a second contact on our account. Please call me back today."
2680,73861,1997-04-18,account manager note,wrong_item,0,Following up: Got 200 units of the wrong finish instead of the small polished rods we specified. Thanks.
2681,75899,1998-03-21,phone transcript,wrong_item,0,"Good morning. Your warehouse picked the wrong SKU again, these are not promo tin cans (75 units). Escalating to my manager if not resolved."
2682,86596,1997-07-18,portal,billing,0,To whom it may concern: The price on the invoice for polished steel brackets is higher than the price we agreed in the contract. Need an answer by end of day.
2683,126790,1998-03-09,account manager note,damaged,1,"Half the standard steel flanges on PO 34474 came out of the crate bent and scratched. Honestly I am not sure we can keep working with you. Regards, procurement."
2684,27631,1997-12-16,account manager note,billing,1,Urgent: The price on the invoice for burnished tin sheets (40 units) is higher than the price we agreed in the contract. We are reviewing whether to renew the contract at the end of the quarter.
2685,18865,1998-07-08,email,damaged,0,"Hi team, half the brass fittings came out of the crate bent and scratched. Reference attached."
2686,17816,1997-09-04,account manager note,damaged,0,"Following up: The promo tin cans (PO 57117, 75 units) were crushed in transit, the box looked like it had been dropped from a height."
2687,81511,1998-03-07,account manager note,late_delivery,0,Can someone tell me where order for anodized copper pipe is? It was meant to be here days ago. Thanks.
2688,109003,1997-05-15,portal,billing,0,"Urgent: Our finance team cannot reconcile your invoice, the quantities of anodized copper pipe (75 units) are off. Regards, procurement."
2689,144620,1998-06-27,phone transcript,late_delivery,0,"Following up: Your carrier keeps rescheduling. We were told the 24 June, then Friday, now 'next week' for the plated nickel bolts."
2690,26794,1998-03-09,account manager note,late_delivery,1,"Can someone tell me where order for large copper coils (PO 59043, 800 units) is? It was meant to be here days ago. Our procurement team has asked me to find an alternative vendor. Please call me back today."
2691,90166,1998-04-28,phone transcript,account,0,"Good morning. I cannot log into the ordering portal, the password reset email never arrives. Please call me back today."
2692,117673,1998-02-05,chat,praise,0,"Consistently good quality on the anodized copper pipe (PO 73225, 40 units), our QA has not flagged anything in months. Reference attached."
2693,40024,1998-07-02,chat,wrong_item,0,"Hello, got 200 units of the wrong finish instead of the large copper coils on PO 18272 we specified. Reference attached."
2694,77527,1997-08-01,account manager note,praise,0,"Hi team, consistently good quality on the anodized copper pipe, our QA has not flagged anything in months. Regards, procurement."
2695,15056,1998-01-12,account manager note,quality,0,Urgent: Compared with last year the plated nickel bolts feel cheaper and wear out much faster. Escalating to my manager if not resolved.
2696,95815,1997-06-27,email,praise,0,"Hi Mei, your account team sorted our small polished rods (800 units) issue in a single call, really appreciated. Reference attached."
2697,14212,1997-12-11,portal,damaged,0,Several of the large copper coils were snapped in two when we unpacked them.
2698,4820,1997-05-29,email,late_delivery,1,Urgent: We planned a production run around the polished steel brackets arriving on the 20 May. Nothing has arrived and the line is idle. If this happens again we will move our business to another supplier. Reference attached.
2699,100459,1997-11-16,email,late_delivery,1,"Hello, we planned a production run around the economy brass valves arriving on the 8 November. Nothing has arrived and the line is idle. Our procurement team has asked me to find an alternative vendor. Please call me back today."
2700,46811,1997-08-01,portal,quality,1,"Hi Mei, our QA rejected the polished steel brackets (PO 27098, 250 units). Finish is uneven and some pieces fail the stress test. If this happens again we will move our business to another supplier. Need an answer by end of day."
2701,70187,1997-01-08,chat,late_delivery,0,"We planned a production run around the polished steel brackets (PO 68835, 75 units) arriving on the 22 December. Nothing has arrived and the line is idle. Need an answer by end of day."
2702,109366,1998-01-06,portal,billing,0,"Please explain the extra surcharge on our last statement for the brass fittings on PO 88383. Regards, procurement."
2703,138218,1998-01-13,account manager note,damaged,1,"To whom it may concern: The polished steel brackets (PO 41277, 800 units) were crushed in transit, the box looked like it had been dropped from a height. If this happens again we will move our business to another supplier. Please call me back today."
2704,116852,1997-04-11,account manager note,wrong_item,0,"Hi Priya, the box is labelled brass fittings (PO 52799, 800 units) but inside are parts in the wrong size. Regards, procurement."
2705,129290,1997-03-25,phone transcript,wrong_item,1,Following up: Got 200 units of the wrong finish instead of the medium plated fasteners (40 units) we specified. Frankly we are already talking to your competitors. Escalating to my manager if not resolved.
2706,83165,1997-05-05,email,late_delivery,0,Urgent: Can someone tell me where order for brushed aluminium panels on PO 78503 is? It was meant to be here days ago.
2707,148730,1997-09-22,account manager note,late_delivery,0,Good morning. We planned a production run around the anodized copper pipe (75 units) arriving on the 10 September. Nothing has arrived and the line is idle. Escalating to my manager if not resolved.
2708,142279,1998-04-27,phone transcript,late_delivery,0,Can someone tell me where order for small polished rods (75 units) is? It was meant to be here days ago. Reference attached.
2709,40759,1997-01-06,email,wrong_item,0,Got 200 units of the wrong finish instead of the burnished tin sheets (40 units) we specified. Thanks.
2710,99794,1997-05-09,phone transcript,late_delivery,1,Urgent: Can someone tell me where order for standard steel flanges is? It was meant to be here days ago. Frankly we are already talking to your competitors. Reference attached.
2711,19693,1998-03-09,email,account,0,Could you send us a copy of last year's statements for our auditors?
2712,37879,1997-10-14,phone transcript,wrong_item,0,This is not what we asked for. The burnished tin sheets (120 units) on the invoice do not match what is on the pallet. Need an answer by end of day.
2713,104945,1998-06-25,email,account,0,"Hi Rahul, please add my colleague as a second contact on our account. Thanks."
2714,85132,1997-12-23,portal,late_delivery,1,Good morning. Can someone tell me where order for polished steel brackets (120 units) is? It was meant to be here days ago. Our procurement team has asked me to find an alternative vendor. Need an answer by end of day.
2715,33658,1997-08-28,account manager note,quality,0,"To whom it may concern: Two of our customers returned products built with your polished steel brackets (PO 86085, 250 units) because of early failure. Need an answer by end of day."
2716,140386,1997-04-17,account manager note,account,0,"We have moved office, please update the delivery address on our account."
2717,72958,1997-11-25,phone transcript,billing,1,"Urgent: We were invoiced twice for the same batch of standard steel flanges (PO 24611, 40 units). Honestly I am not sure we can keep working with you. Reference attached."
2718,138659,1998-05-26,chat,wrong_item,0,To whom it may concern: The box is labelled burnished tin sheets but inside are parts in the wrong size. Escalating to my manager if not resolved.
2719,21655,1997-06-09,email,quality,0,"Following up: The latest batch of brushed aluminium panels does not meet the tolerance in our spec, the threads are off. Regards, procurement."
2720,74777,1998-02-12,account manager note,wrong_item,0,The box is labelled large copper coils on PO 45214 but inside are parts in the wrong size. Reference attached.
2721,75503,1997-06-06,email,account,0,"Hi team, we have moved office, please update the delivery address on our account. Regards, procurement."
2722,139655,1997-04-08,email,wrong_item,0,The box is labelled polished steel brackets on PO 45311 but inside are parts in the wrong size.
2723,41993,1997-07-26,portal,damaged,0,Received the polished steel brackets but the packaging was soaked through and the metal has started to rust. Please call me back today.
2724,90187,1997-03-25,account manager note,late_delivery,0,"Following up: We planned a production run around the anodized copper pipe (800 units) arriving on the 22 March. Nothing has arrived and the line is idle. Regards, procurement."
2725,15185,1997-06-29,phone transcript,late_delivery,0,"We planned a production run around the small polished rods (PO 44236, 75 units) arriving on the 21 June. Nothing has arrived and the line is idle. Escalating to my manager if not resolved."
2726,58904,1997-08-27,account manager note,billing,0,"The price on the invoice for small polished rods (PO 33579, 250 units) is higher than the price we agreed in the contract. Please call me back today."
2727,86510,1998-01-14,portal,damaged,0,"Good morning. The medium plated fasteners on PO 18585 were crushed in transit, the box looked like it had been dropped from a height. Reference attached."
2728,120674,1997-01-03,chat,account,0,"Urgent: We have moved office, please update the delivery address on our account. Please call me back today."
2729,59743,1997-06-02,portal,damaged,1,Received the burnished tin sheets on PO 65348 but the packaging was soaked through and the metal has started to rust. We are reviewing whether to renew the contract at the end of the quarter.
2730,73118,1997-02-21,chat,billing,0,"Hello, we were invoiced twice for the same batch of polished steel brackets. Thanks."
2731,65345,1997-10-23,chat,praise,0,"Hi team, your account team sorted our small polished rods issue in a single call, really appreciated."
2732,115241,1998-05-01,chat,quality,0,Two of our customers returned products built with your brass fittings on PO 37158 because of early failure. Reference attached.
2733,17723,1997-06-23,phone transcript,late_delivery,0,Urgent: Third week waiting on the polished steel brackets. The tracking page has said 'in transit' since the 8 June.
2734,114733,1997-08-26,portal,late_delivery,1,"Urgent: The polished steel brackets (PO 45383, 250 units) consignment slipped again. That is the second slip this quarter. Honestly I am not sure we can keep working with you. Need an answer by end of day."
2735,128000,1997-04-09,email,billing,0,"Good morning. Our finance team cannot reconcile your invoice, the quantities of burnished tin sheets are off. Reference attached."
2736,46976,1997-08-27,chat,late_delivery,0,"Good morning. Your carrier keeps rescheduling. We were told the 21 August, then Friday, now 'next week' for the brushed aluminium panels (120 units)."
2737,135121,1997-08-26,account manager note,billing,0,"Urgent: Our finance team cannot reconcile your invoice, the quantities of large copper coils (40 units) are off. Please call me back today."
2738,129347,1997-08-13,email,quality,1,Good morning. Compared with last year the standard steel flanges feel cheaper and wear out much faster. If this happens again we will move our business to another supplier. Escalating to my manager if not resolved.
2739,6701,1998-02-16,chat,billing,0,We were invoiced twice for the same batch of burnished tin sheets. Reference attached.
2740,144128,1997-07-30,account manager note,late_delivery,0,Can someone tell me where order for small polished rods is? It was meant to be here days ago. Escalating to my manager if not resolved.
2741,11819,1997-08-05,account manager note,billing,0,"Hi team, we were invoiced twice for the same batch of brass fittings (PO 80576, 75 units). Reference attached."
2742,82210,1997-04-09,phone transcript,late_delivery,0,Good morning. We planned a production run around the economy brass valves arriving on the 24 March. Nothing has arrived and the line is idle. Escalating to my manager if not resolved.
2743,89885,1998-03-11,portal,late_delivery,0,"Hello, still no sign of the brushed aluminium panels. Our warehouse team has been standing by since the 22 February."
2744,141455,1997-02-05,phone transcript,account,1,"Could you send us a copy of last year's statements for our auditors? This is the last chance, after this we are going elsewhere."
2745,14986,1998-03-22,email,damaged,0,"Good morning. Pallet of brushed aluminium panels (PO 68623, 75 units) arrived with the wrapping torn open and several pieces dented. Need an answer by end of day."
2746,63632,1998-01-14,email,account,0,Good morning. Please add my colleague as a second contact on our account. Thanks.
2747,125503,1997-01-25,email,account,0,"I cannot log into the ordering portal, the password reset email never arrives."
2748,34723,1997-09-18,phone transcript,billing,1,"Urgent: We were invoiced twice for the same batch of plated nickel bolts (PO 50544, 500 units). We are reviewing whether to renew the contract at the end of the quarter."
2749,28418,1997-09-15,chat,praise,0,"Hello, thanks for the quick turnaround on the promo tin cans (PO 79261, 800 units), it saved our production week. Thanks."
2750,86875,1997-10-16,email,billing,0,"Following up: We were invoiced twice for the same batch of economy brass valves (PO 51452, 120 units)."
2751,86482,1998-06-04,chat,late_delivery,1,"To whom it may concern: Your carrier keeps rescheduling. We were told the 21 May, then Friday, now 'next week' for the polished steel brackets. Honestly I am not sure we can keep working with you."
2752,126929,1997-09-04,account manager note,late_delivery,0,We planned a production run around the polished steel brackets (40 units) arriving on the 30 August. Nothing has arrived and the line is idle. Need an answer by end of day.
2753,108343,1997-04-14,chat,praise,0,"Hello, thanks for the quick turnaround on the medium plated fasteners, it saved our production week. Please call me back today."
2754,94801,1997-10-27,email,late_delivery,1,"To whom it may concern: We planned a production run around the plated nickel bolts (PO 47074, 800 units) arriving on the 15 October. Nothing has arrived and the line is idle. Honestly I am not sure we can keep working with you. Regards, procurement."
2755,78470,1997-09-05,chat,praise,0,"Good morning. Your account team sorted our standard steel flanges issue in a single call, really appreciated. Reference attached."
2756,75812,1997-11-10,chat,account,0,"To whom it may concern: We have moved office, please update the delivery address on our account. Please call me back today."
2757,66754,1998-05-31,chat,quality,0,Following up: Two of our customers returned products built with your standard steel flanges on PO 94412 because of early failure. Escalating to my manager if not resolved.
2758,64652,1997-07-30,chat,wrong_item,1,"Hello, the box is labelled standard steel flanges on PO 52156 but inside are parts in the wrong size. If this happens again we will move our business to another supplier. Escalating to my manager if not resolved."
2759,89788,1997-11-10,chat,billing,0,"Hi Mei, we were invoiced twice for the same batch of standard steel flanges (PO 66692, 1200 units). Regards, procurement."
2760,30613,1997-08-04,email,billing,0,"Following up: We still have not received the credit note you promised for the polished steel brackets (PO 85939, 800 units). Escalating to my manager if not resolved."
2761,8926,1998-03-23,phone transcript,billing,0,Please explain the extra surcharge on our last statement for the small polished rods. Escalating to my manager if not resolved.
2762,92051,1998-04-25,phone transcript,praise,0,"Consistently good quality on the brass fittings, our QA has not flagged anything in months. Need an answer by end of day."
2763,88298,1997-11-28,account manager note,wrong_item,0,"Hello, this is not what we asked for. The anodized copper pipe (800 units) on the invoice do not match what is on the pallet. Need an answer by end of day."
2764,123319,1998-02-24,account manager note,damaged,1,"Hi team, several of the burnished tin sheets were snapped in two when we unpacked them. This is the last chance, after this we are going elsewhere. Reference attached."
2765,41312,1997-05-27,account manager note,late_delivery,0,"Urgent: Our shipment of standard steel flanges (PO 98113, 500 units) was promised for the 7 May and still has not turned up. Need an answer by end of day."
2766,851,1997-01-24,chat,praise,0,"Urgent: Your account team sorted our burnished tin sheets (PO 89970, 800 units) issue in a single call, really appreciated. Need an answer by end of day."
2767,122431,1997-10-20,chat,account,0,"Following up: I cannot log into the ordering portal, the password reset email never arrives. Escalating to my manager if not resolved."
2768,123401,1997-10-12,portal,late_delivery,0,Can someone tell me where order for standard steel flanges is? It was meant to be here days ago. Thanks.
2769,37205,1997-06-30,portal,damaged,0,Opened the delivery of brushed aluminium panels this morning and a good third of them are cracked. Escalating to my manager if not resolved.
2770,27155,1997-02-17,chat,late_delivery,1,"Hello, still no sign of the brass fittings on PO 35778. Our warehouse team has been standing by since the 14 February. Our procurement team has asked me to find an alternative vendor. Need an answer by end of day."
2771,30887,1997-06-29,email,praise,0,Urgent: Just wanted to say the plated nickel bolts on PO 22801 arrived early and in perfect condition. Great job. Reference attached.
2772,24755,1997-06-28,phone transcript,billing,0,We were invoiced twice for the same batch of promo tin cans (800 units). Escalating to my manager if not resolved.
2773,113305,1998-01-01,account manager note,wrong_item,0,"Hi team, the box is labelled promo tin cans (75 units) but inside are parts in the wrong size."
2774,138911,1997-09-17,chat,billing,0,"Urgent: Our finance team cannot reconcile your invoice, the quantities of anodized copper pipe are off. Need an answer by end of day."
2775,124492,1997-09-06,portal,damaged,1,"Urgent: Half the standard steel flanges (PO 50172, 200 units) came out of the crate bent and scratched. Honestly I am not sure we can keep working with you. Please call me back today."
2776,41404,1997-03-23,account manager note,quality,0,"Hi support, compared with last year the standard steel flanges on PO 19780 feel cheaper and wear out much faster. Reference attached."
2777,63070,1997-05-30,chat,wrong_item,0,"Hi team, your warehouse picked the wrong SKU again, these are not plated nickel bolts (200 units). Escalating to my manager if not resolved."
2778,92051,1998-06-24,account manager note,praise,0,"Urgent: Thanks for the quick turnaround on the promo tin cans (75 units), it saved our production week. Escalating to my manager if not resolved."
2779,144265,1997-03-27,account manager note,account,0,"Hi support, we have moved office, please update the delivery address on our account. Need an answer by end of day."
2780,119641,1998-06-11,email,late_delivery,0,Our shipment of brass fittings was promised for the 8 June and still has not turned up.
2781,132940,1997-07-04,portal,account,0,"We have moved office, please update the delivery address on our account. Reference attached."
2782,24020,1997-03-06,portal,damaged,0,"To whom it may concern: The medium plated fasteners were crushed in transit, the box looked like it had been dropped from a height. Regards, procurement."
2783,1786,1997-02-17,portal,wrong_item,0,"Hello, got 200 units of the wrong finish instead of the small polished rods we specified."
2784,108458,1998-04-01,portal,account,0,"Following up: I cannot log into the ordering portal, the password reset email never arrives. Need an answer by end of day."
2785,111767,1998-07-19,account manager note,late_delivery,1,"Good morning. Our shipment of promo tin cans was promised for the 3 July and still has not turned up. This is the last chance, after this we are going elsewhere. Thanks."
2786,30316,1997-11-17,email,late_delivery,0,Urgent: Still no sign of the polished steel brackets (200 units). Our warehouse team has been standing by since the 6 November.
2787,106547,1997-02-03,email,account,0,"To whom it may concern: I cannot log into the ordering portal, the password reset email never arrives. Reference attached."
2788,26947,1997-06-04,phone transcript,praise,0,"Following up: Thanks for the quick turnaround on the standard steel flanges (PO 45917, 200 units), it saved our production week. Reference attached."
2789,28739,1997-11-21,account manager note,damaged,0,"Hi team, the standard steel flanges (40 units) were crushed in transit, the box looked like it had been dropped from a height."
2790,145841,1997-09-22,email,damaged,0,Following up: Half the polished steel brackets on PO 75358 came out of the crate bent and scratched.
2791,12226,1998-05-27,phone transcript,account,0,"We have moved office, please update the delivery address on our account. Thanks."
2792,15883,1997-10-24,phone transcript,damaged,0,Good morning. Several of the polished steel brackets (250 units) were snapped in two when we unpacked them.
2793,12352,1997-03-08,phone transcript,praise,0,"Urgent: Your account team sorted our brushed aluminium panels issue in a single call, really appreciated. Escalating to my manager if not resolved."
2794,18199,1998-06-02,email,late_delivery,1,"Following up: Your carrier keeps rescheduling. We were told the 13 May, then Friday, now 'next week' for the polished steel brackets (120 units). Honestly I am not sure we can keep working with you."
2795,120322,1997-08-14,email,account,0,"Hello, we have moved office, please update the delivery address on our account."
2796,124061,1997-01-30,chat,damaged,0,"Following up: Half the standard steel flanges (PO 20528, 40 units) came out of the crate bent and scratched."
2797,113632,1998-06-04,account manager note,late_delivery,0,"Hi Tom, the plated nickel bolts (500 units) consignment slipped again. That is the second slip this quarter. Escalating to my manager if not resolved."
2798,39596,1997-04-05,email,wrong_item,0,"Hello, your warehouse picked the wrong SKU again, these are not promo tin cans."
2799,14257,1998-04-09,chat,damaged,0,"Hello, opened the delivery of anodized copper pipe (1200 units) this morning and a good third of them are cracked. Need an answer by end of day."
2800,29243,1997-04-15,phone transcript,quality,0,Good morning. Two of our customers returned products built with your anodized copper pipe because of early failure.
2801,105758,1997-05-13,portal,quality,0,"The latest batch of brass fittings on PO 64387 does not meet the tolerance in our spec, the threads are off."
2802,102610,1998-02-12,account manager note,quality,0,"Hello, compared with last year the small polished rods feel cheaper and wear out much faster."
2803,82210,1997-03-20,portal,praise,0,"Hi Marco, thanks for the quick turnaround on the economy brass valves (PO 85044, 120 units), it saved our production week."
2804,46811,1998-01-20,email,account,0,Please add my colleague as a second contact on our account. Reference attached.
2805,140462,1997-10-02,portal,damaged,0,Following up: Several of the brass fittings on PO 83288 were snapped in two when we unpacked them.
2806,63137,1997-10-22,chat,billing,0,"Our finance team cannot reconcile your invoice, the quantities of polished steel brackets are off. Need an answer by end of day."
2807,100615,1997-01-28,phone transcript,late_delivery,1,"Hello, still no sign of the brass fittings (800 units). Our warehouse team has been standing by since the 12 January. This is the last chance, after this we are going elsewhere. Escalating to my manager if not resolved."
2808,63592,1997-09-08,email,billing,0,Good morning. We still have not received the credit note you promised for the standard steel flanges (40 units). Reference attached.
2809,84055,1997-01-16,email,damaged,1,"Following up: The anodized copper pipe (PO 30946, 40 units) were crushed in transit, the box looked like it had been dropped from a height. Frankly we are already talking to your competitors."
2810,47173,1997-05-02,account manager note,praise,0,"To whom it may concern: Thanks for the quick turnaround on the promo tin cans on PO 74348, it saved our production week."
2811,14911,1998-01-27,portal,damaged,0,"To whom it may concern: Opened the delivery of anodized copper pipe on PO 75716 this morning and a good third of them are cracked. Regards, procurement."
2812,30259,1998-01-05,chat,account,0,Could you send us a copy of last year's statements for our auditors?
2813,5785,1997-12-20,email,wrong_item,1,We ordered brass fittings (75 units) and received something completely different. Honestly I am not sure we can keep working with you.
2814,100316,1997-02-12,chat,wrong_item,0,"Hi Anna, the box is labelled plated nickel bolts (75 units) but inside are parts in the wrong size. Please call me back today."
2815,12698,1997-09-29,account manager note,billing,0,"Hello, we still have not received the credit note you promised for the standard steel flanges. Please call me back today."
2816,22454,1998-01-11,chat,account,0,Following up: Please add my colleague as a second contact on our account.
2817,138659,1997-03-30,phone transcript,praise,0,"Hello, thanks for the quick turnaround on the anodized copper pipe (75 units), it saved our production week. Thanks."
2818,140566,1997-07-19,chat,quality,0,Good morning. Two of our customers returned products built with your polished steel brackets (500 units) because of early failure. Reference attached.
2819,33746,1997-04-22,portal,damaged,0,"Received the plated nickel bolts (PO 95601, 200 units) but the packaging was soaked through and the metal has started to rust. Thanks."
2820,100865,1997-06-09,account manager note,late_delivery,1,Urgent: Our shipment of burnished tin sheets was promised for the 25 May and still has not turned up. Frankly we are already talking to your competitors. Reference attached.
2821,40064,1997-01-06,account manager note,late_delivery,0,"Hi Mei, can someone tell me where order for brass fittings (200 units) is? It was meant to be here days ago."
2822,96788,1997-06-14,portal,late_delivery,0,"Hi Mei, third week waiting on the standard steel flanges (1200 units). The tracking page has said 'in transit' since the 29 May. Reference attached."
2823,10459,1998-07-23,email,wrong_item,0,We ordered large copper coils and received something completely different. Please call me back today.
2824,105845,1998-04-23,account manager note,billing,0,We still have not received the credit note you promised for the brushed aluminium panels. Thanks.
2825,132173,1997-06-28,chat,wrong_item,0,"Hi Priya, we ordered large copper coils and received something completely different. Thanks."
2826,6092,1997-06-13,account manager note,late_delivery,0,"Hi team, third week waiting on the standard steel flanges on PO 50839. The tracking page has said 'in transit' since the 24 May. Thanks."
2827,36604,1997-03-18,email,billing,0,"Good morning. We still have not received the credit note you promised for the medium plated fasteners (PO 30549, 120 units). Escalating to my manager if not resolved."
2828,139981,1998-06-28,portal,billing,0,Urgent: Please explain the extra surcharge on our last statement for the burnished tin sheets (40 units). Escalating to my manager if not resolved.
2829,110756,1998-03-03,account manager note,late_delivery,1,"Hi team, our shipment of brushed aluminium panels on PO 70013 was promised for the 23 February and still has not turned up. If this happens again we will move our business to another supplier."
2830,55483,1997-11-24,account manager note,damaged,0,Good morning. Several of the medium plated fasteners on PO 93284 were snapped in two when we unpacked them.
2831,21050,1997-12-09,phone transcript,wrong_item,0,"Hi team, your warehouse picked the wrong SKU again, these are not small polished rods. Need an answer by end of day."
2832,88663,1997-11-24,account manager note,praise,0,Following up: Just wanted to say the standard steel flanges on PO 40793 arrived early and in perfect condition. Great job.
2833,10229,1997-10-04,phone transcript,account,0,"Hello, I cannot log into the ordering portal, the password reset email never arrives. Please call me back today."
2834,110605,1998-05-05,email,billing,0,"Urgent: We were invoiced twice for the same batch of economy brass valves (PO 14197, 120 units). Thanks."
2835,90074,1998-04-05,phone transcript,damaged,0,"Received the plated nickel bolts (PO 28207, 800 units) but the packaging was soaked through and the metal has started to rust. Reference attached."
2836,114868,1997-12-09,account manager note,late_delivery,0,"Hi team, the large copper coils (PO 69561, 800 units) consignment slipped again. That is the second slip this quarter. Please call me back today."
2837,140915,1997-02-14,chat,billing,1,"Good morning. The price on the invoice for economy brass valves is higher than the price we agreed in the contract. Honestly I am not sure we can keep working with you. Regards, procurement."
2838,131333,1997-08-31,account manager note,late_delivery,0,Urgent: Third week waiting on the promo tin cans. The tracking page has said 'in transit' since the 24 August. Need an answer by end of day.
2839,81830,1998-02-27,portal,late_delivery,1,"To whom it may concern: We planned a production run around the economy brass valves arriving on the 9 February. Nothing has arrived and the line is idle. This is the last chance, after this we are going elsewhere."
2840,20917,1997-03-23,portal,wrong_item,1,"Hi team, the box is labelled small polished rods (120 units) but inside are parts in the wrong size. Our procurement team has asked me to find an alternative vendor."
2841,60044,1998-02-27,account manager note,praise,0,"Hi Tom, consistently good quality on the plated nickel bolts (PO 86738, 40 units), our QA has not flagged anything in months."
2842,34156,1997-11-27,account manager note,damaged,0,Half the plated nickel bolts (250 units) came out of the crate bent and scratched. Need an answer by end of day.
2843,69521,1997-06-10,account manager note,quality,0,"To whom it may concern: Our QA rejected the brass fittings (120 units). Finish is uneven and some pieces fail the stress test. Regards, procurement."
2844,60016,1998-02-14,email,damaged,0,Half the promo tin cans came out of the crate bent and scratched.
2845,18344,1998-01-02,phone transcript,billing,0,"Hi team, our finance team cannot reconcile your invoice, the quantities of brass fittings are off. Need an answer by end of day."
2846,69521,1998-02-28,email,quality,1,To whom it may concern: Compared with last year the brushed aluminium panels feel cheaper and wear out much faster. Our procurement team has asked me to find an alternative vendor. Need an answer by end of day.
2847,49099,1998-01-18,email,late_delivery,0,Urgent: We planned a production run around the small polished rods on PO 35198 arriving on the 4 January. Nothing has arrived and the line is idle. Escalating to my manager if not resolved.
2848,71770,1997-03-13,portal,damaged,0,Urgent: Pallet of medium plated fasteners (500 units) arrived with the wrapping torn open and several pieces dented.
2849,81025,1997-09-10,phone transcript,late_delivery,1,"Good morning. Your carrier keeps rescheduling. We were told the 29 August, then Friday, now 'next week' for the medium plated fasteners. Honestly I am not sure we can keep working with you. Please call me back today."
2850,126046,1998-06-22,portal,quality,1,"Good morning. Two of our customers returned products built with your economy brass valves (PO 17050, 250 units) because of early failure. Honestly I am not sure we can keep working with you. Thanks."
2851,76433,1998-06-07,portal,praise,0,"Thanks for the quick turnaround on the burnished tin sheets (75 units), it saved our production week. Escalating to my manager if not resolved."
2852,13190,1997-06-19,portal,billing,1,"Hi Rahul, the price on the invoice for promo tin cans on PO 18654 is higher than the price we agreed in the contract. Frankly we are already talking to your competitors. Thanks."
2853,30665,1997-03-15,portal,damaged,1,Received the brass fittings (500 units) but the packaging was soaked through and the metal has started to rust. Honestly I am not sure we can keep working with you. Reference attached.
2854,56743,1997-08-17,email,account,0,"I cannot log into the ordering portal, the password reset email never arrives. Thanks."
2855,36604,1997-09-03,portal,account,0,To whom it may concern: Could you send us a copy of last year's statements for our auditors? Escalating to my manager if not resolved.
2856,68833,1997-03-17,account manager note,wrong_item,0,"Hi Rahul, the box is labelled medium plated fasteners but inside are parts in the wrong size."
2857,5233,1998-06-02,account manager note,account,0,"Following up: We have moved office, please update the delivery address on our account."
2858,137698,1998-01-30,email,account,0,"Hi support, could you send us a copy of last year's statements for our auditors? Reference attached."
2859,113944,1998-05-18,portal,late_delivery,1,"Urgent: Can someone tell me where order for brass fittings (PO 67793, 200 units) is? It was meant to be here days ago. Honestly I am not sure we can keep working with you. Regards, procurement."
2860,43406,1997-04-22,account manager note,damaged,0,Good morning. Several of the large copper coils (500 units) were snapped in two when we unpacked them. Reference attached.
2861,142448,1997-01-19,account manager note,praise,0,"To whom it may concern: Your account team sorted our polished steel brackets (PO 23717, 500 units) issue in a single call, really appreciated. Escalating to my manager if not resolved."
2862,86369,1998-01-05,account manager note,account,0,"Hello, we have moved office, please update the delivery address on our account. Regards, procurement."
2863,44966,1998-03-10,account manager note,praise,0,"To whom it may concern: Your account team sorted our small polished rods issue in a single call, really appreciated."
2864,69343,1997-11-12,account manager note,wrong_item,1,Following up: We ordered medium plated fasteners on PO 78393 and received something completely different. Frankly we are already talking to your competitors. Reference attached.
2865,130532,1997-01-03,phone transcript,late_delivery,0,"Hello, your carrier keeps rescheduling. We were told the 14 December, then Friday, now 'next week' for the brushed aluminium panels. Please call me back today."
2866,54109,1998-01-30,chat,quality,1,Following up: Our QA rejected the anodized copper pipe. Finish is uneven and some pieces fail the stress test. We are reviewing whether to renew the contract at the end of the quarter. Please call me back today.
2867,30158,1997-01-27,chat,wrong_item,0,"Hello, this is not what we asked for. The standard steel flanges (1200 units) on the invoice do not match what is on the pallet. Need an answer by end of day."
2868,36991,1998-01-20,account manager note,quality,0,"Hi support, compared with last year the medium plated fasteners (500 units) feel cheaper and wear out much faster."
2869,40909,1997-03-18,phone transcript,wrong_item,1,"Hi Marco, we ordered brushed aluminium panels (PO 97262, 200 units) and received something completely different. Honestly I am not sure we can keep working with you."
2870,27634,1997-05-02,phone transcript,late_delivery,0,Urgent: Can someone tell me where order for brass fittings is? It was meant to be here days ago. Escalating to my manager if not resolved.
2871,14312,1998-01-18,phone transcript,damaged,0,"Hi Mei, several of the economy brass valves (PO 91165, 75 units) were snapped in two when we unpacked them."
2872,120058,1997-01-02,portal,late_delivery,0,To whom it may concern: Can someone tell me where order for polished steel brackets is? It was meant to be here days ago. Escalating to my manager if not resolved.
2873,69343,1998-05-04,chat,quality,1,To whom it may concern: Two of our customers returned products built with your standard steel flanges (75 units) because of early failure. If this happens again we will move our business to another supplier. Please call me back today.
2874,24196,1998-03-13,portal,praise,0,"Following up: Thanks for the quick turnaround on the small polished rods, it saved our production week. Reference attached."
2875,15185,1997-01-13,email,praise,0,"Urgent: Thanks for the quick turnaround on the brushed aluminium panels, it saved our production week. Thanks."
2876,65830,1998-01-22,email,account,0,"We have moved office, please update the delivery address on our account."
2877,116173,1997-03-02,email,damaged,0,Following up: Received the plated nickel bolts but the packaging was soaked through and the metal has started to rust.
2878,38822,1998-02-01,chat,billing,0,"Hi Tom, the price on the invoice for medium plated fasteners is higher than the price we agreed in the contract. Regards, procurement."
2879,112933,1998-04-26,portal,wrong_item,0,"Hello, this is not what we asked for. The standard steel flanges on PO 43549 on the invoice do not match what is on the pallet. Thanks."
2880,93044,1997-09-17,email,wrong_item,0,We ordered large copper coils and received something completely different. Reference attached.
2881,73171,1997-07-19,portal,late_delivery,0,"Still no sign of the burnished tin sheets (PO 29842, 1200 units). Our warehouse team has been standing by since the 6 July."
2882,106709,1997-07-06,portal,account,0,"We have moved office, please update the delivery address on our account. Reference attached."
2883,95572,1997-08-10,email,billing,1,"Hi Anna, our finance team cannot reconcile your invoice, the quantities of medium plated fasteners are off. Frankly we are already talking to your competitors."
2884,80027,1997-03-18,phone transcript,wrong_item,0,This is not what we asked for. The small polished rods on the invoice do not match what is on the pallet. Need an answer by end of day.
2885,24412,1997-03-03,email,billing,0,We still have not received the credit note you promised for the brushed aluminium panels on PO 53071. Escalating to my manager if not resolved.
2886,21161,1997-06-14,account manager note,billing,0,Urgent: We were invoiced twice for the same batch of economy brass valves on PO 12766.
2887,122891,1998-03-13,email,praise,0,"Following up: Your account team sorted our small polished rods (PO 23477, 75 units) issue in a single call, really appreciated."
2888,74678,1997-01-31,email,billing,0,"Hi team, we were invoiced twice for the same batch of brushed aluminium panels on PO 82662. Escalating to my manager if not resolved."
2889,16654,1997-03-02,phone transcript,late_delivery,0,Urgent: Our shipment of burnished tin sheets was promised for the 13 February and still has not turned up. Thanks.
2890,9935,1998-04-25,email,billing,1,Good morning. We still have not received the credit note you promised for the economy brass valves (75 units). We are reviewing whether to renew the contract at the end of the quarter.
2891,24449,1998-02-18,chat,late_delivery,0,"Hi team, can someone tell me where order for burnished tin sheets is? It was meant to be here days ago. Escalating to my manager if not resolved."
2892,47668,1997-06-19,email,damaged,0,"To whom it may concern: The economy brass valves on PO 40774 were crushed in transit, the box looked like it had been dropped from a height. Need an answer by end of day."
2893,26912,1997-01-05,portal,late_delivery,0,To whom it may concern: Can someone tell me where order for polished steel brackets is? It was meant to be here days ago. Reference attached.
2894,24196,1998-01-07,phone transcript,billing,0,Following up: We were invoiced twice for the same batch of brushed aluminium panels. Escalating to my manager if not resolved.
2895,126499,1997-11-24,chat,praise,0,"Hello, your account team sorted our anodized copper pipe issue in a single call, really appreciated. Reference attached."
2896,85478,1997-11-30,chat,praise,0,"Hello, consistently good quality on the economy brass valves, our QA has not flagged anything in months. Need an answer by end of day."
2897,47108,1997-11-09,chat,late_delivery,1,Following up: The large copper coils consignment slipped again. That is the second slip this quarter. Honestly I am not sure we can keep working with you. Reference attached.
2898,141163,1998-04-08,portal,late_delivery,0,"To whom it may concern: Your carrier keeps rescheduling. We were told the 30 March, then Friday, now 'next week' for the brass fittings (PO 92580, 120 units)."
2899,29326,1997-05-20,portal,praise,0,"Thanks for the quick turnaround on the economy brass valves, it saved our production week."
2900,142822,1998-04-06,chat,billing,0,"Our finance team cannot reconcile your invoice, the quantities of small polished rods are off. Thanks."
2901,40066,1998-03-08,chat,quality,1,"Following up: The latest batch of burnished tin sheets (PO 40981, 75 units) does not meet the tolerance in our spec, the threads are off. Honestly I am not sure we can keep working with you. Reference attached."
2902,127591,1998-07-18,account manager note,account,0,"Hello, could you send us a copy of last year's statements for our auditors? Reference attached."
2903,106915,1997-10-23,phone transcript,damaged,1,"To whom it may concern: Pallet of brushed aluminium panels arrived with the wrapping torn open and several pieces dented. This is the last chance, after this we are going elsewhere. Regards, procurement."
2904,27155,1997-05-15,chat,quality,0,"Hello, two of our customers returned products built with your promo tin cans on PO 25993 because of early failure. Thanks."
2905,18509,1997-07-27,account manager note,billing,1,"Our finance team cannot reconcile your invoice, the quantities of promo tin cans on PO 54547 are off. Honestly I am not sure we can keep working with you. Please call me back today."
2906,64348,1998-06-13,account manager note,late_delivery,0,"Hi team, the small polished rods (PO 50124, 40 units) consignment slipped again. That is the second slip this quarter."
2907,19220,1997-01-13,portal,billing,0,"Hi support, please explain the extra surcharge on our last statement for the brushed aluminium panels (PO 95372, 500 units). Thanks."
2908,120689,1997-06-22,email,late_delivery,0,Urgent: Still no sign of the large copper coils on PO 98783. Our warehouse team has been standing by since the 19 June.
2909,123908,1997-06-28,portal,damaged,0,"Hi Priya, received the burnished tin sheets (PO 42045, 40 units) but the packaging was soaked through and the metal has started to rust. Need an answer by end of day."
2910,19903,1998-05-15,chat,praise,0,"Hi account team, thanks for the quick turnaround on the anodized copper pipe, it saved our production week. Regards, procurement."
2911,68531,1997-11-08,portal,late_delivery,0,The burnished tin sheets on PO 41547 consignment slipped again. That is the second slip this quarter. Thanks.
2912,3010,1997-05-05,account manager note,late_delivery,0,"Following up: Can someone tell me where order for large copper coils is? It was meant to be here days ago. Regards, procurement."
2913,4447,1998-03-28,phone transcript,damaged,1,"Several of the plated nickel bolts (PO 38469, 40 units) were snapped in two when we unpacked them. If this happens again we will move our business to another supplier. Escalating to my manager if not resolved."
2914,43288,1997-09-08,email,late_delivery,0,"Urgent: Still no sign of the anodized copper pipe (PO 78928, 500 units). Our warehouse team has been standing by since the 3 September. Please call me back today."
2915,566,1997-04-30,portal,praise,0,"Hi team, just wanted to say the economy brass valves (120 units) arrived early and in perfect condition. Great job."
2916,140566,1997-02-13,email,late_delivery,0,"Hi team, our shipment of brass fittings was promised for the 3 February and still has not turned up. Please call me back today."
2917,21592,1998-04-05,portal,late_delivery,1,Urgent: Still no sign of the brass fittings. Our warehouse team has been standing by since the 24 March. We are reviewing whether to renew the contract at the end of the quarter. Thanks.
2918,91969,1997-02-06,portal,praise,0,"Hi team, consistently good quality on the standard steel flanges (PO 74346, 120 units), our QA has not flagged anything in months."
2919,99056,1997-07-31,email,late_delivery,0,"Hi team, third week waiting on the brushed aluminium panels. The tracking page has said 'in transit' since the 18 July."
2920,41939,1997-02-06,phone transcript,wrong_item,0,"Hello, the box is labelled brushed aluminium panels but inside are parts in the wrong size. Escalating to my manager if not resolved."
2921,64544,1998-05-05,portal,account,0,"Hi Mei, could you send us a copy of last year's statements for our auditors?"
2922,7253,1998-06-14,chat,billing,0,"Hello, we still have not received the credit note you promised for the brushed aluminium panels (PO 36294, 250 units)."
2923,70252,1998-02-06,account manager note,damaged,0,"Several of the anodized copper pipe (PO 57261, 1200 units) were snapped in two when we unpacked them. Regards, procurement."
2924,15376,1997-01-19,email,damaged,0,To whom it may concern: Received the burnished tin sheets on PO 92984 but the packaging was soaked through and the metal has started to rust. Need an answer by end of day.
2925,4148,1997-01-22,chat,wrong_item,0,This is not what we asked for. The anodized copper pipe on the invoice do not match what is on the pallet.
2926,73549,1998-05-14,account manager note,late_delivery,0,Can someone tell me where order for brushed aluminium panels is? It was meant to be here days ago. Reference attached.
2927,2663,1998-02-05,portal,late_delivery,0,Urgent: Third week waiting on the medium plated fasteners. The tracking page has said 'in transit' since the 20 January. Escalating to my manager if not resolved.
2928,23171,1997-09-21,phone transcript,praise,0,"Hello, consistently good quality on the large copper coils (PO 13915, 75 units), our QA has not flagged anything in months. Thanks."
2929,4018,1997-05-27,chat,damaged,1,"Following up: The small polished rods (PO 99945, 75 units) were crushed in transit, the box looked like it had been dropped from a height. We are reviewing whether to renew the contract at the end of the quarter. Reference attached."
2930,66658,1997-02-20,portal,account,0,"To whom it may concern: We have moved office, please update the delivery address on our account. Thanks."
2931,30521,1997-05-23,phone transcript,praise,0,Just wanted to say the promo tin cans (200 units) arrived early and in perfect condition. Great job. Need an answer by end of day.
2932,851,1997-11-01,phone transcript,quality,1,"Hi Priya, two of our customers returned products built with your standard steel flanges because of early failure. If this happens again we will move our business to another supplier. Thanks."
2933,90815,1997-11-27,phone transcript,late_delivery,0,Can someone tell me where order for burnished tin sheets is? It was meant to be here days ago.
2934,29783,1998-05-19,account manager note,account,0,"Hi Anna, we have moved office, please update the delivery address on our account. Need an answer by end of day."
2935,92786,1997-07-29,account manager note,late_delivery,1,"Still no sign of the burnished tin sheets on PO 91059. Our warehouse team has been standing by since the 9 July. This is the last chance, after this we are going elsewhere. Thanks."
2936,12515,1997-05-20,chat,account,0,"Good morning. We have moved office, please update the delivery address on our account. Reference attached."
2937,37816,1997-12-28,chat,damaged,0,"Hi team, opened the delivery of brass fittings this morning and a good third of them are cracked. Please call me back today."
2938,141953,1997-12-09,account manager note,damaged,1,"Hi team, several of the polished steel brackets (200 units) were snapped in two when we unpacked them. Frankly we are already talking to your competitors. Please call me back today."
2939,27155,1997-05-01,account manager note,damaged,0,"Hi team, received the large copper coils but the packaging was soaked through and the metal has started to rust. Reference attached."
2940,105343,1997-01-16,chat,late_delivery,0,"Hello, our shipment of small polished rods on PO 16957 was promised for the 10 January and still has not turned up. Escalating to my manager if not resolved."
2941,48101,1997-03-08,phone transcript,late_delivery,1,Our shipment of promo tin cans was promised for the 19 February and still has not turned up. We are reviewing whether to renew the contract at the end of the quarter. Escalating to my manager if not resolved.
2942,144265,1997-10-12,phone transcript,account,0,"Hello, we have moved office, please update the delivery address on our account. Need an answer by end of day."
2943,127249,1998-03-11,portal,damaged,1,"Hi team, pallet of promo tin cans (1200 units) arrived with the wrapping torn open and several pieces dented. Honestly I am not sure we can keep working with you. Escalating to my manager if not resolved."
2944,16487,1997-02-13,portal,wrong_item,0,Got 200 units of the wrong finish instead of the burnished tin sheets on PO 84838 we specified.
2945,49781,1997-01-22,email,damaged,1,"Urgent: Opened the delivery of standard steel flanges (PO 29701, 200 units) this morning and a good third of them are cracked. Honestly I am not sure we can keep working with you. Thanks."
2946,140015,1998-04-28,email,billing,1,"Hello, the price on the invoice for brass fittings is higher than the price we agreed in the contract. Honestly I am not sure we can keep working with you. Regards, procurement."
2947,108542,1997-03-19,email,late_delivery,0,We planned a production run around the large copper coils (200 units) arriving on the 1 March. Nothing has arrived and the line is idle. Thanks.
2948,81799,1997-10-21,email,late_delivery,0,"Following up: We planned a production run around the standard steel flanges (PO 13299, 120 units) arriving on the 4 October. Nothing has arrived and the line is idle. Regards, procurement."
2949,105493,1997-11-28,portal,damaged,0,"Hello, several of the brushed aluminium panels (PO 69252, 250 units) were snapped in two when we unpacked them. Reference attached."
2950,106064,1997-01-20,phone transcript,wrong_item,0,Urgent: We ordered brass fittings on PO 39306 and received something completely different. Reference attached.
2951,48388,1997-01-11,chat,account,0,"Good morning. I cannot log into the ordering portal, the password reset email never arrives. Thanks."
2952,20498,1997-06-24,phone transcript,wrong_item,0,Good morning. We ordered economy brass valves and received something completely different. Thanks.
2953,1771,1997-04-06,portal,billing,0,"Hi team, we still have not received the credit note you promised for the large copper coils."
2954,125116,1998-06-22,portal,late_delivery,0,Can someone tell me where order for small polished rods is? It was meant to be here days ago. Need an answer by end of day.
2955,95363,1998-02-21,phone transcript,billing,0,Following up: The price on the invoice for large copper coils is higher than the price we agreed in the contract.
2956,58904,1997-07-09,portal,praise,0,"Hi team, your account team sorted our brushed aluminium panels on PO 14479 issue in a single call, really appreciated. Thanks."
2957,108433,1997-03-16,phone transcript,wrong_item,0,"Your warehouse picked the wrong SKU again, these are not small polished rods (PO 62909, 1200 units)."
2958,141571,1997-03-14,phone transcript,billing,1,"Our finance team cannot reconcile your invoice, the quantities of brass fittings (40 units) are off. This is the last chance, after this we are going elsewhere. Regards, procurement."
2959,110558,1997-08-17,chat,account,0,"Following up: Could you send us a copy of last year's statements for our auditors? Regards, procurement."
2960,41758,1997-06-02,portal,wrong_item,1,"Hi team, your warehouse picked the wrong SKU again, these are not burnished tin sheets. Honestly I am not sure we can keep working with you."
2961,20306,1998-02-03,portal,account,0,"Good morning. We have moved office, please update the delivery address on our account. Need an answer by end of day."
2962,73861,1997-01-01,phone transcript,billing,0,"Hi team, we still have not received the credit note you promised for the plated nickel bolts (1200 units). Please call me back today."
2963,106753,1998-02-17,email,wrong_item,0,Urgent: We ordered anodized copper pipe and received something completely different. Please call me back today.
2964,34723,1997-07-12,chat,quality,0,"Hi Priya, two of our customers returned products built with your promo tin cans (75 units) because of early failure. Need an answer by end of day."
2965,89825,1997-08-13,account manager note,billing,0,"Hello, please explain the extra surcharge on our last statement for the economy brass valves (PO 98533, 200 units). Need an answer by end of day."
2966,148262,1998-05-23,portal,wrong_item,0,"Good morning. Your warehouse picked the wrong SKU again, these are not large copper coils (120 units). Regards, procurement."
2967,16316,1998-01-22,portal,late_delivery,0,Good morning. Our shipment of brass fittings (120 units) was promised for the 14 January and still has not turned up. Thanks.
2968,54611,1998-05-06,portal,late_delivery,0,"Urgent: Can someone tell me where order for large copper coils is? It was meant to be here days ago. Regards, procurement."
2969,143897,1997-01-03,email,billing,0,"Hello, please explain the extra surcharge on our last statement for the burnished tin sheets on PO 49848. Thanks."
2970,54259,1998-01-20,chat,wrong_item,0,Urgent: We ordered brushed aluminium panels (75 units) and received something completely different.
2971,147586,1997-03-23,phone transcript,praise,0,"Hi team, consistently good quality on the burnished tin sheets, our QA has not flagged anything in months."
2972,835,1998-01-09,phone transcript,wrong_item,1,"Hi Anna, the box is labelled brushed aluminium panels (PO 78344, 250 units) but inside are parts in the wrong size. If this happens again we will move our business to another supplier. Escalating to my manager if not resolved."
2973,30524,1997-12-12,account manager note,damaged,1,"Good morning. Half the brushed aluminium panels (PO 78599, 200 units) came out of the crate bent and scratched. If this happens again we will move our business to another supplier. Thanks."
2974,48713,1997-03-10,account manager note,praise,0,"Following up: Thanks for the quick turnaround on the medium plated fasteners (200 units), it saved our production week. Please call me back today."
2975,103075,1997-04-04,email,billing,0,"Hello, we still have not received the credit note you promised for the large copper coils. Reference attached."
2976,114095,1997-07-15,chat,damaged,0,To whom it may concern: Pallet of plated nickel bolts arrived with the wrapping torn open and several pieces dented. Need an answer by end of day.
2977,55522,1997-02-21,phone transcript,damaged,0,"Urgent: The large copper coils were crushed in transit, the box looked like it had been dropped from a height."
2978,54602,1997-09-24,email,wrong_item,0,Got 200 units of the wrong finish instead of the brushed aluminium panels we specified. Please call me back today.
2979,115220,1997-10-26,chat,billing,0,"Hi team, the price on the invoice for plated nickel bolts is higher than the price we agreed in the contract. Reference attached."
2980,54983,1997-02-01,account manager note,billing,1,"Hi Mei, we still have not received the credit note you promised for the brass fittings (PO 54910, 120 units). Frankly we are already talking to your competitors."
2981,94706,1998-06-24,chat,damaged,1,"To whom it may concern: Half the burnished tin sheets (PO 94849, 75 units) came out of the crate bent and scratched. Our procurement team has asked me to find an alternative vendor. Escalating to my manager if not resolved."
2982,118372,1997-07-26,chat,billing,1,"Hi account team, the price on the invoice for small polished rods is higher than the price we agreed in the contract. Our procurement team has asked me to find an alternative vendor. Escalating to my manager if not resolved."
2983,53315,1997-05-16,chat,account,0,Good morning. Please add my colleague as a second contact on our account. Need an answer by end of day.
2984,136553,1998-06-26,account manager note,account,0,Good morning. Please add my colleague as a second contact on our account. Need an answer by end of day.
2985,10007,1998-02-05,chat,praise,0,"Hi Anna, just wanted to say the promo tin cans arrived early and in perfect condition. Great job. Regards, procurement."
2986,90070,1997-02-24,portal,damaged,1,Following up: Pallet of medium plated fasteners (250 units) arrived with the wrapping torn open and several pieces dented. Frankly we are already talking to your competitors. Reference attached.
2987,23690,1998-02-26,chat,wrong_item,0,"Following up: Your warehouse picked the wrong SKU again, these are not polished steel brackets."
2988,4877,1997-05-07,chat,late_delivery,1,"Following up: The plated nickel bolts (PO 41356, 40 units) consignment slipped again. That is the second slip this quarter. Our procurement team has asked me to find an alternative vendor."
2989,103204,1998-01-17,account manager note,billing,1,"Please explain the extra surcharge on our last statement for the large copper coils (PO 70168, 1200 units). This is the last chance, after this we are going elsewhere. Regards, procurement."
2990,115250,1998-05-05,chat,praise,0,"Thanks for the quick turnaround on the small polished rods (800 units), it saved our production week. Please call me back today."
2991,34034,1998-02-18,phone transcript,damaged,0,Urgent: Pallet of burnished tin sheets arrived with the wrapping torn open and several pieces dented. Please call me back today.
2992,82000,1998-06-13,portal,quality,0,Good morning. Two of our customers returned products built with your economy brass valves (40 units) because of early failure. Need an answer by end of day.
2993,8233,1997-10-03,email,damaged,0,Half the burnished tin sheets (500 units) came out of the crate bent and scratched.
2994,109898,1998-06-28,phone transcript,quality,0,"Hi team, the latest batch of promo tin cans does not meet the tolerance in our spec, the threads are off. Reference attached."
2995,116165,1997-12-30,portal,late_delivery,0,"Hi Priya, our shipment of economy brass valves on PO 91132 was promised for the 25 December and still has not turned up. Regards, procurement."
2996,24431,1997-01-15,portal,praise,0,"Following up: Consistently good quality on the plated nickel bolts, our QA has not flagged anything in months. Thanks."
2997,103217,1997-07-22,account manager note,wrong_item,1,"Hi Rahul, the box is labelled burnished tin sheets but inside are parts in the wrong size. We are reviewing whether to renew the contract at the end of the quarter. Need an answer by end of day."
2998,127622,1997-06-29,portal,late_delivery,1,Good morning. Our shipment of promo tin cans (40 units) was promised for the 20 June and still has not turned up. We are reviewing whether to renew the contract at the end of the quarter.
2999,20657,1998-02-22,portal,billing,0,"Hi Marco, please explain the extra surcharge on our last statement for the brushed aluminium panels."
3000,133729,1998-07-09,chat,quality,0,"Hi team, compared with last year the plated nickel bolts (PO 98528, 1200 units) feel cheaper and wear out much faster."
3001,104456,1997-11-04,account manager note,late_delivery,0,To whom it may concern: Still no sign of the medium plated fasteners. Our warehouse team has been standing by since the 27 October. Thanks.
3002,67454,1997-01-03,email,praise,0,"Urgent: Thanks for the quick turnaround on the standard steel flanges on PO 42513, it saved our production week. Regards, procurement."
3003,109490,1997-10-07,phone transcript,wrong_item,0,To whom it may concern: This is not what we asked for. The promo tin cans on the invoice do not match what is on the pallet. Reference attached.
3004,145025,1997-03-02,portal,late_delivery,0,"Hi Tom, our shipment of economy brass valves on PO 96752 was promised for the 16 February and still has not turned up. Escalating to my manager if not resolved."
3005,147160,1997-01-02,chat,damaged,0,"Good morning. The burnished tin sheets were crushed in transit, the box looked like it had been dropped from a height. Need an answer by end of day."
3006,146854,1997-11-25,account manager note,late_delivery,0,"Hi team, our shipment of plated nickel bolts was promised for the 11 November and still has not turned up."
3007,37274,1997-12-17,email,late_delivery,0,"Hello, your carrier keeps rescheduling. We were told the 8 December, then Friday, now 'next week' for the medium plated fasteners. Please call me back today."
3008,116018,1998-01-09,chat,praise,0,"Hi team, thanks for the quick turnaround on the small polished rods (500 units), it saved our production week. Reference attached."
3009,115315,1997-08-23,chat,quality,0,Compared with last year the promo tin cans feel cheaper and wear out much faster. Reference attached.
3010,147445,1998-06-27,account manager note,account,0,"Hi team, we have moved office, please update the delivery address on our account."
3011,54841,1998-06-20,portal,praise,0,"Good morning. Thanks for the quick turnaround on the plated nickel bolts (PO 69098, 40 units), it saved our production week. Thanks."
3012,9059,1998-07-02,account manager note,wrong_item,0,Urgent: This is not what we asked for. The medium plated fasteners on PO 56750 on the invoice do not match what is on the pallet.
3013,139715,1997-05-10,phone transcript,damaged,0,"The brass fittings (800 units) were crushed in transit, the box looked like it had been dropped from a height. Thanks."
3014,21157,1998-05-22,chat,wrong_item,1,"Hi team, this is not what we asked for. The burnished tin sheets on PO 15430 on the invoice do not match what is on the pallet. Our procurement team has asked me to find an alternative vendor. Regards, procurement."
3015,66238,1997-01-01,portal,billing,0,"Hello, our finance team cannot reconcile your invoice, the quantities of polished steel brackets are off."
3016,90851,1997-03-26,portal,praise,0,"Hi Rahul, thanks for the quick turnaround on the medium plated fasteners (PO 96807, 800 units), it saved our production week. Escalating to my manager if not resolved."
3017,20986,1998-03-07,chat,wrong_item,0,"Hello, the box is labelled brushed aluminium panels but inside are parts in the wrong size."
3018,56444,1997-04-03,chat,late_delivery,0,Following up: Our shipment of brushed aluminium panels was promised for the 19 March and still has not turned up. Need an answer by end of day.
3019,73603,1997-10-31,account manager note,damaged,1,"Hi account team, pallet of anodized copper pipe on PO 22638 arrived with the wrapping torn open and several pieces dented. We are reviewing whether to renew the contract at the end of the quarter. Thanks."
3020,69437,1998-01-25,chat,late_delivery,0,"Following up: Can someone tell me where order for brass fittings (PO 66368, 40 units) is? It was meant to be here days ago. Please call me back today."
3021,119564,1997-03-03,email,late_delivery,0,Good morning. The standard steel flanges consignment slipped again. That is the second slip this quarter.
3022,104456,1998-02-05,account manager note,quality,0,"Urgent: Two of our customers returned products built with your plated nickel bolts (PO 53390, 800 units) because of early failure."
3023,56941,1997-11-24,email,praise,0,"Your account team sorted our medium plated fasteners on PO 74120 issue in a single call, really appreciated. Thanks."
3024,100865,1997-10-23,account manager note,billing,1,"Hello, please explain the extra surcharge on our last statement for the brushed aluminium panels. Our procurement team has asked me to find an alternative vendor."
3025,55265,1998-04-25,chat,account,0,"To whom it may concern: We have moved office, please update the delivery address on our account."
3026,45949,1997-03-24,account manager note,late_delivery,0,"Hello, third week waiting on the polished steel brackets (PO 93185, 120 units). The tracking page has said 'in transit' since the 10 March."
3027,79321,1997-09-12,phone transcript,account,0,"Urgent: We have moved office, please update the delivery address on our account. Reference attached."
3028,135406,1997-08-26,email,quality,1,"Following up: Our QA rejected the brass fittings (PO 99314, 500 units). Finish is uneven and some pieces fail the stress test. Our procurement team has asked me to find an alternative vendor."
3029,118385,1998-06-28,email,late_delivery,0,"Hello, third week waiting on the polished steel brackets (PO 66218, 800 units). The tracking page has said 'in transit' since the 23 June. Thanks."
3030,81491,1998-04-08,account manager note,late_delivery,1,"Hi Rahul, can someone tell me where order for brass fittings (PO 78941, 800 units) is? It was meant to be here days ago. Our procurement team has asked me to find an alternative vendor. Regards, procurement."
3031,149329,1997-12-10,account manager note,billing,0,"To whom it may concern: Please explain the extra surcharge on our last statement for the burnished tin sheets (PO 34344, 250 units). Thanks."
3032,7900,1997-08-15,email,quality,0,"Hi Mei, the latest batch of medium plated fasteners on PO 21591 does not meet the tolerance in our spec, the threads are off. Regards, procurement."
3033,58328,1997-01-18,portal,damaged,0,"Following up: The promo tin cans (40 units) were crushed in transit, the box looked like it had been dropped from a height. Thanks."
3034,60277,1997-11-11,portal,late_delivery,0,"Hi Tom, your carrier keeps rescheduling. We were told the 6 November, then Friday, now 'next week' for the standard steel flanges (PO 54143, 120 units). Reference attached."
3035,107120,1998-06-02,account manager note,praise,0,"Your account team sorted our plated nickel bolts issue in a single call, really appreciated."
3036,84341,1997-07-17,account manager note,late_delivery,1,"We planned a production run around the brass fittings on PO 56053 arriving on the 8 July. Nothing has arrived and the line is idle. This is the last chance, after this we are going elsewhere. Regards, procurement."
3037,24731,1998-06-19,chat,wrong_item,1,"Following up: This is not what we asked for. The standard steel flanges (PO 47273, 200 units) on the invoice do not match what is on the pallet. Our procurement team has asked me to find an alternative vendor. Escalating to my manager if not resolved."
3038,136969,1997-10-25,account manager note,wrong_item,1,"Following up: The box is labelled burnished tin sheets but inside are parts in the wrong size. This is the last chance, after this we are going elsewhere. Regards, procurement."
3039,124985,1997-06-26,portal,late_delivery,0,"Hi team, the promo tin cans (75 units) consignment slipped again. That is the second slip this quarter. Please call me back today."
3040,66142,1997-07-11,phone transcript,late_delivery,1,Urgent: Can someone tell me where order for brushed aluminium panels on PO 27122 is? It was meant to be here days ago. If this happens again we will move our business to another supplier. Need an answer by end of day.
3041,46657,1998-04-24,email,account,0,"Good morning. We have moved office, please update the delivery address on our account."
3042,85745,1997-03-15,email,wrong_item,0,"Hi team, this is not what we asked for. The standard steel flanges on the invoice do not match what is on the pallet."
3043,30155,1997-12-29,portal,billing,0,"Our finance team cannot reconcile your invoice, the quantities of standard steel flanges (500 units) are off. Escalating to my manager if not resolved."
3044,33436,1997-09-13,phone transcript,billing,1,"We still have not received the credit note you promised for the polished steel brackets. This is the last chance, after this we are going elsewhere. Need an answer by end of day."
3045,92497,1997-10-21,phone transcript,damaged,0,"The large copper coils on PO 60711 were crushed in transit, the box looked like it had been dropped from a height. Escalating to my manager if not resolved."
3046,61682,1997-09-26,phone transcript,damaged,0,Several of the polished steel brackets were snapped in two when we unpacked them.
3047,100972,1997-10-16,chat,wrong_item,0,Following up: We ordered large copper coils and received something completely different. Escalating to my manager if not resolved.
3048,91661,1997-07-19,email,account,0,Following up: Could you send us a copy of last year's statements for our auditors? Need an answer by end of day.
3049,8635,1997-01-30,portal,billing,0,Please explain the extra surcharge on our last statement for the large copper coils on PO 31833. Thanks.
3050,44198,1997-09-08,portal,quality,0,"Hi team, compared with last year the standard steel flanges (PO 52198, 250 units) feel cheaper and wear out much faster. Please call me back today."
3051,31490,1998-01-30,chat,billing,0,"We still have not received the credit note you promised for the brushed aluminium panels (PO 64270, 120 units)."
3052,125584,1998-06-08,portal,quality,0,Our QA rejected the brass fittings. Finish is uneven and some pieces fail the stress test. Thanks.
3053,53758,1997-06-08,chat,praise,0,Just wanted to say the brass fittings arrived early and in perfect condition. Great job. Please call me back today.
3054,35152,1998-02-05,chat,wrong_item,1,We ordered anodized copper pipe and received something completely different. If this happens again we will move our business to another supplier. Please call me back today.
3055,132940,1997-11-12,chat,billing,0,To whom it may concern: Please explain the extra surcharge on our last statement for the anodized copper pipe on PO 38398. Thanks.
3056,95222,1997-10-03,chat,wrong_item,0,"Your warehouse picked the wrong SKU again, these are not promo tin cans (500 units). Regards, procurement."
3057,91789,1998-04-12,phone transcript,wrong_item,0,"Hi Anna, your warehouse picked the wrong SKU again, these are not anodized copper pipe on PO 44412."
3058,78029,1998-07-23,email,account,0,"Hi team, I cannot log into the ordering portal, the password reset email never arrives."
3059,147437,1997-12-02,chat,wrong_item,0,Following up: This is not what we asked for. The medium plated fasteners on the invoice do not match what is on the pallet.
3060,45695,1998-04-30,account manager note,account,0,"Urgent: We have moved office, please update the delivery address on our account."
3061,5417,1998-06-14,email,late_delivery,0,"Hi team, still no sign of the economy brass valves (40 units). Our warehouse team has been standing by since the 10 June."
3062,6421,1998-05-25,chat,billing,0,To whom it may concern: We still have not received the credit note you promised for the plated nickel bolts. Reference attached.
3063,98020,1997-01-14,phone transcript,damaged,0,Urgent: Pallet of brass fittings arrived with the wrapping torn open and several pieces dented. Please call me back today.
3064,80810,1997-10-20,phone transcript,billing,0,To whom it may concern: We still have not received the credit note you promised for the standard steel flanges. Escalating to my manager if not resolved.
3065,69343,1997-02-21,chat,praise,0,"Hi team, thanks for the quick turnaround on the promo tin cans (1200 units), it saved our production week. Thanks."
3066,21104,1998-03-27,chat,late_delivery,1,Our shipment of anodized copper pipe on PO 90998 was promised for the 11 March and still has not turned up. Honestly I am not sure we can keep working with you. Escalating to my manager if not resolved.
3067,27155,1997-09-28,chat,late_delivery,0,"Hello, we planned a production run around the anodized copper pipe arriving on the 10 September. Nothing has arrived and the line is idle. Escalating to my manager if not resolved."
3068,100709,1997-07-11,chat,quality,1,"Following up: Compared with last year the large copper coils (PO 55117, 800 units) feel cheaper and wear out much faster. This is the last chance, after this we are going elsewhere. Thanks."
3069,69343,1998-03-13,portal,damaged,0,"Hi team, the economy brass valves (1200 units) were crushed in transit, the box looked like it had been dropped from a height. Regards, procurement."
3070,119308,1997-09-25,email,damaged,0,"Hello, opened the delivery of economy brass valves (500 units) this morning and a good third of them are cracked. Need an answer by end of day."
3071,27763,1997-05-02,email,damaged,0,To whom it may concern: Pallet of small polished rods (500 units) arrived with the wrapping torn open and several pieces dented. Thanks.
3072,18344,1998-02-08,chat,wrong_item,0,"Following up: Your warehouse picked the wrong SKU again, these are not medium plated fasteners. Need an answer by end of day."
3073,98941,1997-07-15,account manager note,account,0,"Following up: I cannot log into the ordering portal, the password reset email never arrives."
3074,18034,1998-04-17,chat,quality,0,Good morning. Compared with last year the plated nickel bolts feel cheaper and wear out much faster. Need an answer by end of day.
3075,21364,1998-04-27,account manager note,quality,0,"Good morning. Two of our customers returned products built with your plated nickel bolts on PO 93344 because of early failure. Regards, procurement."
3076,18034,1997-04-03,phone transcript,billing,0,"Hi Rahul, please explain the extra surcharge on our last statement for the small polished rods on PO 70215. Need an answer by end of day."
3077,36685,1997-03-10,chat,late_delivery,1,"Third week waiting on the small polished rods (PO 93911, 40 units). The tracking page has said 'in transit' since the 5 March. Our procurement team has asked me to find an alternative vendor."
3078,23716,1997-11-06,portal,quality,0,Following up: Compared with last year the brushed aluminium panels on PO 80484 feel cheaper and wear out much faster.
3079,68593,1998-06-15,phone transcript,late_delivery,1,"Urgent: We planned a production run around the burnished tin sheets (PO 24312, 200 units) arriving on the 3 June. Nothing has arrived and the line is idle. Honestly I am not sure we can keep working with you. Regards, procurement."
3080,57571,1997-06-26,account manager note,billing,0,Please explain the extra surcharge on our last statement for the burnished tin sheets. Escalating to my manager if not resolved.
3081,146002,1998-04-22,account manager note,account,0,"Good morning. We have moved office, please update the delivery address on our account."
3082,127400,1997-02-04,phone transcript,late_delivery,0,"Hi Priya, still no sign of the anodized copper pipe on PO 15828. Our warehouse team has been standing by since the 17 January. Need an answer by end of day."
3083,143467,1997-01-03,account manager note,quality,0,"To whom it may concern: Compared with last year the anodized copper pipe (PO 42196, 200 units) feel cheaper and wear out much faster. Please call me back today."
3084,11419,1997-06-25,phone transcript,late_delivery,0,"Your carrier keeps rescheduling. We were told the 15 June, then Friday, now 'next week' for the brushed aluminium panels."
3085,83770,1997-11-16,phone transcript,quality,1,Our QA rejected the large copper coils (120 units). Finish is uneven and some pieces fail the stress test. Our procurement team has asked me to find an alternative vendor. Please call me back today.
3086,43288,1997-08-31,portal,praise,0,"Hello, just wanted to say the brass fittings (PO 25194, 75 units) arrived early and in perfect condition. Great job. Please call me back today."
3087,133463,1998-06-03,phone transcript,damaged,0,Urgent: Pallet of standard steel flanges arrived with the wrapping torn open and several pieces dented. Reference attached.
3088,566,1997-03-06,phone transcript,billing,0,Following up: We still have not received the credit note you promised for the large copper coils.
3089,15434,1997-08-02,account manager note,wrong_item,0,"Hi team, got 200 units of the wrong finish instead of the burnished tin sheets on PO 70404 we specified. Need an answer by end of day."
3090,10201,1998-01-15,account manager note,praise,0,"Thanks for the quick turnaround on the brass fittings, it saved our production week. Reference attached."
3091,58904,1998-02-11,email,damaged,1,"Hello, the promo tin cans (PO 31470, 120 units) were crushed in transit, the box looked like it had been dropped from a height. Frankly we are already talking to your competitors."
3092,40367,1997-02-08,chat,billing,0,"Hello, the price on the invoice for economy brass valves on PO 23202 is higher than the price we agreed in the contract."
3093,38180,1997-05-17,phone transcript,damaged,0,"Hi Tom, the anodized copper pipe were crushed in transit, the box looked like it had been dropped from a height. Please call me back today."
3094,91661,1997-06-09,chat,quality,1,"Hi team, our QA rejected the anodized copper pipe (200 units). Finish is uneven and some pieces fail the stress test. If this happens again we will move our business to another supplier. Regards, procurement."
3095,99781,1997-06-14,email,late_delivery,0,"Following up: Your carrier keeps rescheduling. We were told the 4 June, then Friday, now 'next week' for the plated nickel bolts. Please call me back today."
3096,56501,1998-05-12,account manager note,billing,0,"Good morning. Our finance team cannot reconcile your invoice, the quantities of economy brass valves are off. Escalating to my manager if not resolved."
3097,127181,1997-10-09,portal,late_delivery,0,"Following up: The brass fittings on PO 10034 consignment slipped again. That is the second slip this quarter. Regards, procurement."
3098,86809,1997-12-09,chat,account,0,Please add my colleague as a second contact on our account. Please call me back today.
3099,140764,1998-04-07,chat,wrong_item,0,"Hello, we ordered standard steel flanges and received something completely different. Please call me back today."
3100,127231,1997-07-21,email,praise,0,"To whom it may concern: Your account team sorted our large copper coils issue in a single call, really appreciated."
3101,40592,1997-10-26,phone transcript,quality,0,Compared with last year the brass fittings feel cheaper and wear out much faster. Please call me back today.
3102,49591,1998-02-02,portal,praise,0,"Hello, just wanted to say the standard steel flanges arrived early and in perfect condition. Great job. Please call me back today."
3103,20890,1998-04-16,chat,billing,0,To whom it may concern: The price on the invoice for plated nickel bolts is higher than the price we agreed in the contract. Reference attached.
3104,58982,1997-09-06,portal,late_delivery,1,Urgent: We planned a production run around the brass fittings on PO 54600 arriving on the 23 August. Nothing has arrived and the line is idle. Honestly I am not sure we can keep working with you. Please call me back today.
3105,78113,1997-07-15,account manager note,quality,0,"Urgent: The latest batch of brass fittings does not meet the tolerance in our spec, the threads are off. Need an answer by end of day."
3106,10837,1997-10-19,chat,quality,0,Our QA rejected the standard steel flanges (120 units). Finish is uneven and some pieces fail the stress test. Thanks.
3107,69254,1998-01-26,email,billing,0,Please explain the extra surcharge on our last statement for the promo tin cans. Reference attached.
3108,133012,1997-03-05,email,praise,0,"Good morning. Your account team sorted our brushed aluminium panels (800 units) issue in a single call, really appreciated. Escalating to my manager if not resolved."
3109,14201,1997-09-29,phone transcript,praise,0,"Following up: Your account team sorted our brass fittings (800 units) issue in a single call, really appreciated. Need an answer by end of day."
3110,125425,1997-06-09,email,quality,1,"Hello, two of our customers returned products built with your brass fittings (PO 45475, 500 units) because of early failure. Frankly we are already talking to your competitors. Need an answer by end of day."
3111,20456,1997-09-30,portal,damaged,0,Several of the burnished tin sheets were snapped in two when we unpacked them.
3112,99965,1998-01-08,phone transcript,late_delivery,0,"Following up: Can someone tell me where order for anodized copper pipe (PO 86868, 250 units) is? It was meant to be here days ago. Thanks."
3113,28610,1998-06-03,portal,damaged,0,Received the economy brass valves but the packaging was soaked through and the metal has started to rust.
3114,5177,1997-10-24,email,damaged,0,Good morning. Half the large copper coils came out of the crate bent and scratched. Escalating to my manager if not resolved.
3115,149014,1997-03-13,chat,damaged,0,"Hello, several of the brass fittings were snapped in two when we unpacked them. Please call me back today."
3116,119278,1998-03-01,phone transcript,late_delivery,1,"Hi team, our shipment of plated nickel bolts was promised for the 12 February and still has not turned up. We are reviewing whether to renew the contract at the end of the quarter. Regards, procurement."
3117,93776,1997-08-11,email,praise,0,"To whom it may concern: Thanks for the quick turnaround on the polished steel brackets (1200 units), it saved our production week. Thanks."
3118,124291,1997-09-29,email,damaged,1,To whom it may concern: Half the large copper coils came out of the crate bent and scratched. Honestly I am not sure we can keep working with you. Please call me back today.
3119,68671,1997-03-08,email,quality,1,"The latest batch of brushed aluminium panels does not meet the tolerance in our spec, the threads are off. Honestly I am not sure we can keep working with you. Thanks."
3120,130786,1998-01-14,portal,late_delivery,0,Our shipment of promo tin cans was promised for the 29 December and still has not turned up.
3121,110786,1997-12-23,chat,account,0,"Hello, I cannot log into the ordering portal, the password reset email never arrives. Escalating to my manager if not resolved."
3122,60355,1997-11-10,portal,billing,0,Urgent: We were invoiced twice for the same batch of brushed aluminium panels. Please call me back today.
3123,53372,1997-04-12,email,damaged,0,Half the medium plated fasteners came out of the crate bent and scratched.
3124,11522,1997-05-19,portal,account,0,Could you send us a copy of last year's statements for our auditors? Need an answer by end of day.
3125,21761,1997-09-24,email,damaged,0,Urgent: Several of the medium plated fasteners were snapped in two when we unpacked them. Need an answer by end of day.
3126,61232,1997-06-25,account manager note,damaged,0,Good morning. Half the promo tin cans came out of the crate bent and scratched. Escalating to my manager if not resolved.
3127,21823,1998-06-04,portal,wrong_item,0,"Urgent: This is not what we asked for. The polished steel brackets on the invoice do not match what is on the pallet. Regards, procurement."
3128,148171,1997-04-10,portal,late_delivery,0,"Urgent: Your carrier keeps rescheduling. We were told the 31 March, then Friday, now 'next week' for the brushed aluminium panels (PO 17177, 120 units). Thanks."
3129,22921,1998-04-02,email,late_delivery,1,"Hi team, your carrier keeps rescheduling. We were told the 18 March, then Friday, now 'next week' for the anodized copper pipe on PO 25353. Honestly I am not sure we can keep working with you. Thanks."
3130,57290,1997-01-02,chat,billing,1,"Hi team, our finance team cannot reconcile your invoice, the quantities of medium plated fasteners are off. Our procurement team has asked me to find an alternative vendor."
3131,89066,1997-12-21,email,billing,0,"Following up: We were invoiced twice for the same batch of brass fittings (PO 63005, 800 units)."
3132,97196,1997-02-24,account manager note,quality,0,"Hi team, the latest batch of large copper coils does not meet the tolerance in our spec, the threads are off. Reference attached."
3133,11092,1997-11-16,account manager note,account,0,"Hi team, please add my colleague as a second contact on our account."
3134,44863,1997-05-01,account manager note,damaged,0,Urgent: Opened the delivery of medium plated fasteners on PO 50697 this morning and a good third of them are cracked.
3135,52187,1997-04-06,email,wrong_item,0,"To whom it may concern: We ordered polished steel brackets (PO 67525, 800 units) and received something completely different. Escalating to my manager if not resolved."
3136,29326,1998-04-02,chat,damaged,1,"To whom it may concern: Several of the brushed aluminium panels were snapped in two when we unpacked them. This is the last chance, after this we are going elsewhere. Thanks."
3137,67820,1998-03-11,account manager note,late_delivery,0,To whom it may concern: Can someone tell me where order for standard steel flanges (800 units) is? It was meant to be here days ago. Reference attached.
3138,133538,1997-05-20,email,damaged,0,Received the standard steel flanges but the packaging was soaked through and the metal has started to rust.
3139,109975,1997-04-29,chat,praise,0,"Urgent: Your account team sorted our brass fittings issue in a single call, really appreciated. Thanks."
3140,56161,1998-05-16,chat,wrong_item,0,"Hi Mei, we ordered small polished rods on PO 24912 and received something completely different. Thanks."
3141,85009,1997-08-17,email,late_delivery,0,"Hi support, third week waiting on the promo tin cans (800 units). The tracking page has said 'in transit' since the 9 August. Escalating to my manager if not resolved."
3142,139042,1997-02-08,chat,damaged,0,"Urgent: Opened the delivery of anodized copper pipe (PO 33603, 40 units) this morning and a good third of them are cracked. Please call me back today."
3143,144715,1998-07-08,chat,damaged,0,"Hello, several of the large copper coils (PO 91888, 250 units) were snapped in two when we unpacked them. Reference attached."
3144,60778,1997-08-27,account manager note,late_delivery,1,"We planned a production run around the large copper coils (1200 units) arriving on the 16 August. Nothing has arrived and the line is idle. Honestly I am not sure we can keep working with you. Regards, procurement."
3145,43288,1997-02-07,phone transcript,quality,0,"To whom it may concern: Two of our customers returned products built with your promo tin cans because of early failure. Regards, procurement."
3146,20558,1997-01-17,phone transcript,late_delivery,1,"Hi team, the brass fittings consignment slipped again. That is the second slip this quarter. Frankly we are already talking to your competitors. Need an answer by end of day."
3147,81379,1997-06-13,portal,late_delivery,1,"Our shipment of polished steel brackets (PO 62853, 1200 units) was promised for the 8 June and still has not turned up. Our procurement team has asked me to find an alternative vendor. Reference attached."
3148,88277,1998-03-08,email,quality,0,"Hello, compared with last year the brushed aluminium panels on PO 85580 feel cheaper and wear out much faster. Need an answer by end of day."
3149,102578,1998-07-18,email,quality,1,"Hi Mei, the latest batch of economy brass valves does not meet the tolerance in our spec, the threads are off. We are reviewing whether to renew the contract at the end of the quarter. Need an answer by end of day."
3150,27370,1998-02-19,chat,late_delivery,1,"Hello, we planned a production run around the brushed aluminium panels arriving on the 10 February. Nothing has arrived and the line is idle. If this happens again we will move our business to another supplier. Escalating to my manager if not resolved."
3151,62587,1997-10-26,phone transcript,late_delivery,1,"Hi Priya, our shipment of small polished rods on PO 77683 was promised for the 12 October and still has not turned up. Honestly I am not sure we can keep working with you. Regards, procurement."
3152,146819,1997-03-14,chat,praise,0,"Good morning. Consistently good quality on the anodized copper pipe on PO 89023, our QA has not flagged anything in months. Regards, procurement."
3153,93205,1998-05-19,email,late_delivery,1,Still no sign of the small polished rods (120 units). Our warehouse team has been standing by since the 7 May. Frankly we are already talking to your competitors.
3154,83542,1997-02-26,account manager note,billing,1,"Following up: Please explain the extra surcharge on our last statement for the standard steel flanges on PO 68620. We are reviewing whether to renew the contract at the end of the quarter. Regards, procurement."
3155,123670,1998-01-28,phone transcript,praise,0,"Following up: Your account team sorted our small polished rods issue in a single call, really appreciated. Please call me back today."
3156,63460,1997-12-31,account manager note,late_delivery,0,"To whom it may concern: Can someone tell me where order for polished steel brackets (PO 29638, 200 units) is? It was meant to be here days ago. Please call me back today."
3157,68359,1997-12-17,email,damaged,1,"To whom it may concern: Opened the delivery of polished steel brackets (PO 68930, 120 units) this morning and a good third of them are cracked. Our procurement team has asked me to find an alternative vendor."
3158,86521,1997-09-19,chat,late_delivery,0,"Our shipment of polished steel brackets on PO 50183 was promised for the 12 September and still has not turned up. Regards, procurement."
3159,55522,1998-03-13,phone transcript,billing,0,"Urgent: Our finance team cannot reconcile your invoice, the quantities of anodized copper pipe (PO 92034, 200 units) are off. Need an answer by end of day."
3160,93344,1998-04-28,account manager note,account,0,"Hello, could you send us a copy of last year's statements for our auditors? Please call me back today."
3161,67754,1997-07-05,email,account,0,To whom it may concern: Please add my colleague as a second contact on our account. Need an answer by end of day.
3162,44437,1997-11-09,portal,late_delivery,0,Following up: The promo tin cans on PO 89305 consignment slipped again. That is the second slip this quarter. Thanks.
3163,2929,1997-09-26,email,quality,0,"Good morning. Two of our customers returned products built with your standard steel flanges because of early failure. Regards, procurement."
3164,118160,1998-04-25,email,account,0,Please add my colleague as a second contact on our account. Please call me back today.
3165,143948,1997-12-28,phone transcript,praise,0,Good morning. Just wanted to say the small polished rods on PO 45575 arrived early and in perfect condition. Great job. Escalating to my manager if not resolved.
3166,146269,1997-06-30,chat,damaged,0,"Good morning. The plated nickel bolts were crushed in transit, the box looked like it had been dropped from a height. Thanks."
3167,74777,1998-04-08,account manager note,late_delivery,0,"Hi team, third week waiting on the economy brass valves. The tracking page has said 'in transit' since the 27 March. Escalating to my manager if not resolved."
3168,22493,1997-07-18,portal,billing,1,"Hi Tom, our finance team cannot reconcile your invoice, the quantities of standard steel flanges on PO 54745 are off. Our procurement team has asked me to find an alternative vendor. Regards, procurement."
3169,104102,1998-05-23,chat,quality,0,"Hello, the latest batch of burnished tin sheets does not meet the tolerance in our spec, the threads are off."
3170,47540,1998-06-20,portal,quality,1,"Hi support, the latest batch of small polished rods on PO 72851 does not meet the tolerance in our spec, the threads are off. We are reviewing whether to renew the contract at the end of the quarter. Escalating to my manager if not resolved."
3171,136004,1998-02-19,chat,late_delivery,0,Our shipment of medium plated fasteners on PO 67666 was promised for the 4 February and still has not turned up.
3172,50408,1997-05-25,portal,damaged,1,"Hello, pallet of brushed aluminium panels (PO 32614, 500 units) arrived with the wrapping torn open and several pieces dented. If this happens again we will move our business to another supplier. Regards, procurement."
3173,29695,1997-09-02,chat,quality,1,"Good morning. The latest batch of plated nickel bolts (250 units) does not meet the tolerance in our spec, the threads are off. We are reviewing whether to renew the contract at the end of the quarter. Please call me back today."
3174,54928,1998-04-01,email,damaged,0,"Opened the delivery of polished steel brackets on PO 69106 this morning and a good third of them are cracked. Regards, procurement."
3175,58433,1998-02-05,phone transcript,praise,0,"Hello, thanks for the quick turnaround on the plated nickel bolts (200 units), it saved our production week. Reference attached."
3176,15980,1997-06-29,chat,late_delivery,0,"Hi team, we planned a production run around the small polished rods arriving on the 14 June. Nothing has arrived and the line is idle."
3177,51427,1998-04-05,portal,quality,0,Following up: Compared with last year the standard steel flanges feel cheaper and wear out much faster. Please call me back today.
3178,61676,1997-09-30,account manager note,late_delivery,0,"Hi Anna, still no sign of the burnished tin sheets (250 units). Our warehouse team has been standing by since the 15 September. Regards, procurement."
3179,50564,1997-11-04,chat,billing,0,"Urgent: We were invoiced twice for the same batch of medium plated fasteners (250 units). Regards, procurement."
3180,69824,1997-01-28,account manager note,late_delivery,0,Good morning. The economy brass valves consignment slipped again. That is the second slip this quarter.
3181,4856,1997-08-06,portal,damaged,0,Following up: Half the medium plated fasteners (40 units) came out of the crate bent and scratched. Please call me back today.
3182,20612,1998-06-02,account manager note,wrong_item,0,To whom it may concern: This is not what we asked for. The burnished tin sheets on PO 23743 on the invoice do not match what is on the pallet. Escalating to my manager if not resolved.
3183,136528,1997-03-04,email,billing,0,"We were invoiced twice for the same batch of small polished rods (PO 41127, 40 units). Reference attached."
3184,31384,1997-07-25,phone transcript,late_delivery,1,"Hi Priya, we planned a production run around the polished steel brackets (200 units) arriving on the 7 July. Nothing has arrived and the line is idle. Frankly we are already talking to your competitors."
3185,17423,1997-12-07,portal,damaged,0,Received the promo tin cans on PO 85749 but the packaging was soaked through and the metal has started to rust.
3186,6569,1997-03-09,chat,damaged,0,"Hi team, the standard steel flanges (PO 84577, 500 units) were crushed in transit, the box looked like it had been dropped from a height. Regards, procurement."
3187,117602,1997-03-18,phone transcript,account,1,Please add my colleague as a second contact on our account. Our procurement team has asked me to find an alternative vendor. Need an answer by end of day.
3188,15185,1997-07-20,email,billing,1,"Hi team, we were invoiced twice for the same batch of medium plated fasteners (1200 units). If this happens again we will move our business to another supplier. Reference attached."
3189,86629,1997-07-03,phone transcript,damaged,1,"Urgent: The brushed aluminium panels (PO 50404, 120 units) were crushed in transit, the box looked like it had been dropped from a height. Our procurement team has asked me to find an alternative vendor. Need an answer by end of day."
3190,136294,1997-04-10,portal,damaged,0,"Good morning. The medium plated fasteners (PO 31362, 200 units) were crushed in transit, the box looked like it had been dropped from a height. Need an answer by end of day."
3191,40678,1997-04-11,email,damaged,0,Opened the delivery of medium plated fasteners this morning and a good third of them are cracked.
3192,107929,1997-12-07,chat,account,0,Please add my colleague as a second contact on our account.
3193,68671,1997-05-27,portal,billing,1,Urgent: We still have not received the credit note you promised for the brushed aluminium panels on PO 73447. Our procurement team has asked me to find an alternative vendor.
3194,20354,1997-06-07,portal,quality,0,Good morning. Our QA rejected the brass fittings (800 units). Finish is uneven and some pieces fail the stress test. Escalating to my manager if not resolved.
3195,109898,1997-01-23,email,late_delivery,1,Our shipment of small polished rods on PO 95698 was promised for the 10 January and still has not turned up. If this happens again we will move our business to another supplier.
3196,2201,1997-02-04,chat,wrong_item,0,To whom it may concern: We ordered brass fittings and received something completely different. Need an answer by end of day.
3197,100040,1997-11-30,chat,damaged,0,"Hi support, the anodized copper pipe (500 units) were crushed in transit, the box looked like it had been dropped from a height. Need an answer by end of day."
3198,113068,1997-03-04,email,billing,0,"Hi team, please explain the extra surcharge on our last statement for the polished steel brackets."
3199,107827,1997-11-12,email,late_delivery,0,"Your carrier keeps rescheduling. We were told the 30 October, then Friday, now 'next week' for the large copper coils. Please call me back today."
3200,147128,1998-02-02,email,late_delivery,1,"Our shipment of economy brass valves on PO 77667 was promised for the 28 January and still has not turned up. Honestly I am not sure we can keep working with you. Regards, procurement."
3201,26068,1998-01-26,phone transcript,damaged,0,"Following up: Pallet of brushed aluminium panels (800 units) arrived with the wrapping torn open and several pieces dented. Regards, procurement."
3202,3569,1997-10-16,phone transcript,late_delivery,0,"We planned a production run around the economy brass valves arriving on the 12 October. Nothing has arrived and the line is idle. Regards, procurement."
3203,128932,1998-01-12,portal,quality,1,Urgent: Two of our customers returned products built with your brass fittings on PO 31208 because of early failure. Frankly we are already talking to your competitors. Reference attached.
3204,133415,1998-05-29,email,late_delivery,0,Still no sign of the standard steel flanges. Our warehouse team has been standing by since the 15 May. Reference attached.
3205,99472,1997-12-11,account manager note,damaged,0,To whom it may concern: Pallet of polished steel brackets on PO 87719 arrived with the wrapping torn open and several pieces dented. Reference attached.
3206,19942,1998-07-19,account manager note,late_delivery,1,Following up: The plated nickel bolts consignment slipped again. That is the second slip this quarter. Frankly we are already talking to your competitors.
3207,95132,1998-01-29,account manager note,account,0,"Hi team, could you send us a copy of last year's statements for our auditors?"
3208,76855,1998-01-17,phone transcript,late_delivery,1,"Hi team, still no sign of the burnished tin sheets. Our warehouse team has been standing by since the 12 January. If this happens again we will move our business to another supplier."
3209,125416,1997-11-11,account manager note,wrong_item,0,"Following up: Your warehouse picked the wrong SKU again, these are not anodized copper pipe. Reference attached."
3210,105604,1997-05-10,chat,late_delivery,0,Following up: The economy brass valves consignment slipped again. That is the second slip this quarter. Escalating to my manager if not resolved.
3211,117238,1997-11-10,account manager note,wrong_item,0,Got 200 units of the wrong finish instead of the polished steel brackets we specified. Thanks.
3212,93371,1998-02-25,portal,late_delivery,0,The large copper coils consignment slipped again. That is the second slip this quarter.
3213,36263,1997-04-08,portal,late_delivery,0,"Good morning. Third week waiting on the polished steel brackets. The tracking page has said 'in transit' since the 25 March. Regards, procurement."
3214,108349,1997-03-29,chat,quality,0,"Hi Tom, two of our customers returned products built with your plated nickel bolts because of early failure. Escalating to my manager if not resolved."
3215,132940,1998-05-15,email,wrong_item,0,This is not what we asked for. The polished steel brackets on the invoice do not match what is on the pallet. Escalating to my manager if not resolved.
3216,79256,1998-05-22,phone transcript,account,0,"Hi Priya, please add my colleague as a second contact on our account. Regards, procurement."
3217,6766,1998-07-05,chat,praise,0,"Hello, just wanted to say the small polished rods (800 units) arrived early and in perfect condition. Great job. Escalating to my manager if not resolved."
3218,133421,1998-01-01,chat,quality,1,"Following up: Compared with last year the medium plated fasteners (PO 18847, 75 units) feel cheaper and wear out much faster. Frankly we are already talking to your competitors. Escalating to my manager if not resolved."
3219,104135,1997-10-10,account manager note,late_delivery,0,"Hello, can someone tell me where order for plated nickel bolts is? It was meant to be here days ago. Need an answer by end of day."
3220,73861,1998-07-06,account manager note,late_delivery,0,"Urgent: Your carrier keeps rescheduling. We were told the 18 June, then Friday, now 'next week' for the large copper coils. Regards, procurement."
3221,27409,1998-03-04,phone transcript,damaged,0,"Hi team, pallet of standard steel flanges on PO 59138 arrived with the wrapping torn open and several pieces dented."
3222,115859,1997-12-01,email,damaged,0,"Good morning. The plated nickel bolts were crushed in transit, the box looked like it had been dropped from a height."
3223,68671,1998-01-18,portal,praise,0,"Your account team sorted our brushed aluminium panels issue in a single call, really appreciated. Need an answer by end of day."
3224,85595,1997-06-29,email,account,0,Following up: Could you send us a copy of last year's statements for our auditors? Reference attached.
3225,73019,1997-10-23,portal,wrong_item,0,To whom it may concern: Got 200 units of the wrong finish instead of the medium plated fasteners on PO 66501 we specified. Need an answer by end of day.
3226,140764,1997-05-19,account manager note,wrong_item,0,We ordered anodized copper pipe and received something completely different. Thanks.
3227,8795,1997-03-05,email,damaged,0,"Following up: Half the medium plated fasteners came out of the crate bent and scratched. Regards, procurement."
3228,148984,1997-06-14,account manager note,billing,0,"Hello, we were invoiced twice for the same batch of polished steel brackets on PO 61081. Thanks."
3229,57788,1997-04-27,email,account,0,To whom it may concern: Please add my colleague as a second contact on our account. Need an answer by end of day.
3230,98020,1997-06-24,email,praise,0,"Hi Priya, consistently good quality on the brass fittings on PO 74444, our QA has not flagged anything in months. Thanks."
3231,21133,1997-05-03,phone transcript,praise,0,"Hi account team, your account team sorted our small polished rods (PO 26332, 500 units) issue in a single call, really appreciated. Thanks."
3232,119909,1997-08-05,portal,quality,1,Following up: Compared with last year the plated nickel bolts feel cheaper and wear out much faster. Honestly I am not sure we can keep working with you.
3233,96788,1998-07-29,account manager note,late_delivery,1,"Hello, can someone tell me where order for standard steel flanges (500 units) is? It was meant to be here days ago. Honestly I am not sure we can keep working with you. Thanks."
3234,74777,1998-04-28,portal,account,0,"Urgent: I cannot log into the ordering portal, the password reset email never arrives. Regards, procurement."
3235,58310,1997-06-04,email,quality,0,"Hi team, our QA rejected the burnished tin sheets on PO 57724. Finish is uneven and some pieces fail the stress test."
3236,44386,1997-09-05,account manager note,damaged,0,Urgent: Received the medium plated fasteners but the packaging was soaked through and the metal has started to rust. Need an answer by end of day.
3237,20290,1998-01-11,account manager note,late_delivery,1,"Hello, your carrier keeps rescheduling. We were told the 24 December, then Friday, now 'next week' for the brushed aluminium panels (120 units). If this happens again we will move our business to another supplier. Need an answer by end of day."
3238,118859,1997-02-05,chat,billing,0,"We still have not received the credit note you promised for the plated nickel bolts (PO 19549, 800 units). Reference attached."
3239,62303,1997-09-29,account manager note,quality,1,"Hi team, two of our customers returned products built with your burnished tin sheets (PO 14341, 1200 units) because of early failure. Frankly we are already talking to your competitors. Reference attached."
3240,61688,1997-10-08,portal,praise,0,"Consistently good quality on the economy brass valves (500 units), our QA has not flagged anything in months."
3241,46805,1998-02-18,chat,praise,0,"Consistently good quality on the standard steel flanges on PO 25120, our QA has not flagged anything in months. Please call me back today."
3242,102305,1997-10-26,email,late_delivery,1,"Hi team, third week waiting on the anodized copper pipe. The tracking page has said 'in transit' since the 6 October. This is the last chance, after this we are going elsewhere. Escalating to my manager if not resolved."
3243,3686,1998-01-19,account manager note,wrong_item,0,"Good morning. Your warehouse picked the wrong SKU again, these are not medium plated fasteners (PO 30955, 120 units). Regards, procurement."
3244,108698,1997-08-10,chat,billing,1,"Hello, our finance team cannot reconcile your invoice, the quantities of burnished tin sheets (40 units) are off. Honestly I am not sure we can keep working with you."
3245,127019,1998-06-15,phone transcript,damaged,1,"To whom it may concern: The brass fittings on PO 73088 were crushed in transit, the box looked like it had been dropped from a height. If this happens again we will move our business to another supplier. Please call me back today."
3246,118648,1997-07-26,email,late_delivery,0,"Following up: The small polished rods (PO 46819, 40 units) consignment slipped again. That is the second slip this quarter. Regards, procurement."
3247,131938,1997-04-25,chat,damaged,0,"Hi team, received the burnished tin sheets (PO 68926, 250 units) but the packaging was soaked through and the metal has started to rust. Please call me back today."
3248,121276,1997-12-02,email,damaged,0,"Hi team, several of the plated nickel bolts were snapped in two when we unpacked them. Regards, procurement."
3249,132689,1997-06-28,email,quality,0,Urgent: Two of our customers returned products built with your large copper coils because of early failure.
3250,86327,1998-07-29,portal,billing,0,"Hello, our finance team cannot reconcile your invoice, the quantities of small polished rods are off. Need an answer by end of day."
3251,40067,1998-01-04,email,late_delivery,0,Following up: Still no sign of the promo tin cans (120 units). Our warehouse team has been standing by since the 28 December. Escalating to my manager if not resolved.
3252,99472,1997-12-23,email,praise,0,"Your account team sorted our burnished tin sheets issue in a single call, really appreciated. Escalating to my manager if not resolved."
3253,52244,1998-02-09,chat,quality,0,Urgent: Our QA rejected the brushed aluminium panels. Finish is uneven and some pieces fail the stress test. Reference attached.
3254,44863,1997-01-05,chat,wrong_item,0,"Hi team, got 200 units of the wrong finish instead of the small polished rods (1200 units) we specified. Escalating to my manager if not resolved."
3255,95669,1997-05-18,email,late_delivery,0,"Hello, the medium plated fasteners consignment slipped again. That is the second slip this quarter. Thanks."
3256,99377,1997-08-11,account manager note,quality,0,"Hi account team, two of our customers returned products built with your economy brass valves on PO 18303 because of early failure."
3257,72098,1998-02-20,phone transcript,billing,0,"Hi Rahul, please explain the extra surcharge on our last statement for the brass fittings. Need an answer by end of day."
3258,71674,1997-09-15,portal,late_delivery,0,"Hi team, third week waiting on the anodized copper pipe (75 units). The tracking page has said 'in transit' since the 9 September. Escalating to my manager if not resolved."
3259,67469,1997-04-12,account manager note,late_delivery,1,Third week waiting on the anodized copper pipe (120 units). The tracking page has said 'in transit' since the 24 March. Honestly I am not sure we can keep working with you.
3260,22454,1998-04-10,portal,late_delivery,0,"Hi team, the brushed aluminium panels consignment slipped again. That is the second slip this quarter. Reference attached."
3261,77269,1997-04-14,portal,late_delivery,0,"To whom it may concern: Third week waiting on the brass fittings (500 units). The tracking page has said 'in transit' since the 1 April. Regards, procurement."
3262,68281,1998-03-27,portal,late_delivery,1,"Hello, still no sign of the polished steel brackets on PO 59901. Our warehouse team has been standing by since the 13 March. Honestly I am not sure we can keep working with you."
3263,133538,1998-06-03,portal,late_delivery,0,Following up: The anodized copper pipe (250 units) consignment slipped again. That is the second slip this quarter. Please call me back today.
3264,26209,1997-09-18,chat,billing,1,"Urgent: Please explain the extra surcharge on our last statement for the brushed aluminium panels on PO 32770. This is the last chance, after this we are going elsewhere. Thanks."
3265,52510,1998-06-11,portal,billing,0,"Good morning. We were invoiced twice for the same batch of polished steel brackets (PO 58384, 120 units). Thanks."
3266,63179,1998-03-21,portal,account,0,"Good morning. I cannot log into the ordering portal, the password reset email never arrives."
3267,98270,1997-01-21,portal,wrong_item,0,Got 200 units of the wrong finish instead of the standard steel flanges we specified. Thanks.
3268,71527,1997-06-28,email,praise,0,"Hi account team, your account team sorted our polished steel brackets (PO 10053, 250 units) issue in a single call, really appreciated. Please call me back today."
3269,146329,1997-06-23,account manager note,billing,0,"Our finance team cannot reconcile your invoice, the quantities of promo tin cans are off. Escalating to my manager if not resolved."
3270,85513,1998-05-19,email,quality,0,"Hi team, compared with last year the plated nickel bolts feel cheaper and wear out much faster. Escalating to my manager if not resolved."
3271,17816,1997-04-16,account manager note,damaged,0,Urgent: Half the economy brass valves came out of the crate bent and scratched. Escalating to my manager if not resolved.
3272,102844,1997-12-20,portal,damaged,0,"Good morning. The standard steel flanges (PO 86267, 40 units) were crushed in transit, the box looked like it had been dropped from a height."
3273,138659,1997-02-27,account manager note,damaged,1,"To whom it may concern: Received the burnished tin sheets on PO 94715 but the packaging was soaked through and the metal has started to rust. If this happens again we will move our business to another supplier. Regards, procurement."
3274,38806,1997-11-13,portal,wrong_item,0,Got 200 units of the wrong finish instead of the burnished tin sheets (500 units) we specified. Reference attached.
3275,30376,1997-10-04,account manager note,damaged,0,"Hi Mei, pallet of burnished tin sheets (PO 35709, 800 units) arrived with the wrapping torn open and several pieces dented."
3276,33677,1997-08-06,chat,damaged,0,"Hello, the medium plated fasteners (500 units) were crushed in transit, the box looked like it had been dropped from a height. Reference attached."
3277,57499,1998-02-27,email,damaged,1,"Urgent: The burnished tin sheets were crushed in transit, the box looked like it had been dropped from a height. This is the last chance, after this we are going elsewhere. Regards, procurement."
3278,81601,1997-05-02,portal,damaged,0,Good morning. Several of the plated nickel bolts were snapped in two when we unpacked them. Escalating to my manager if not resolved.
3279,5174,1998-01-05,portal,billing,0,The price on the invoice for standard steel flanges (40 units) is higher than the price we agreed in the contract. Escalating to my manager if not resolved.
3280,92704,1998-04-18,email,damaged,0,"Following up: Received the economy brass valves (PO 16552, 200 units) but the packaging was soaked through and the metal has started to rust."
3281,144715,1997-10-17,account manager note,billing,0,"Good morning. We were invoiced twice for the same batch of brass fittings (PO 39945, 120 units). Need an answer by end of day."
3282,15332,1997-06-06,email,late_delivery,0,"Hi team, our shipment of promo tin cans was promised for the 28 May and still has not turned up."
3283,63082,1997-04-06,account manager note,late_delivery,0,"Following up: The plated nickel bolts (PO 98400, 250 units) consignment slipped again. That is the second slip this quarter. Reference attached."
3284,105848,1997-01-29,portal,wrong_item,0,Following up: This is not what we asked for. The plated nickel bolts on PO 55210 on the invoice do not match what is on the pallet. Need an answer by end of day.
3285,146579,1997-09-09,portal,late_delivery,1,"To whom it may concern: The medium plated fasteners on PO 64313 consignment slipped again. That is the second slip this quarter. We are reviewing whether to renew the contract at the end of the quarter. Regards, procurement."
3286,136294,1997-08-02,portal,damaged,0,"Hi Rahul, several of the brass fittings were snapped in two when we unpacked them."
3287,118984,1997-10-25,email,praise,0,"Hello, consistently good quality on the polished steel brackets (PO 91953, 1200 units), our QA has not flagged anything in months."
3288,17963,1997-06-05,account manager note,billing,0,"Hi Priya, our finance team cannot reconcile your invoice, the quantities of polished steel brackets on PO 22061 are off. Regards, procurement."
3289,125740,1998-06-18,email,account,0,Please add my colleague as a second contact on our account. Thanks.
3290,49613,1997-05-24,phone transcript,quality,1,To whom it may concern: Compared with last year the medium plated fasteners (1200 units) feel cheaper and wear out much faster. Honestly I am not sure we can keep working with you.
3291,68794,1998-04-08,chat,damaged,0,"Hi support, the small polished rods were crushed in transit, the box looked like it had been dropped from a height. Regards, procurement."
3292,95740,1997-08-19,account manager note,late_delivery,0,"We planned a production run around the polished steel brackets (PO 91663, 500 units) arriving on the 16 August. Nothing has arrived and the line is idle."
3293,83876,1998-01-21,portal,late_delivery,1,Can someone tell me where order for promo tin cans is? It was meant to be here days ago. Frankly we are already talking to your competitors. Please call me back today.
3294,47821,1997-10-30,email,account,0,"Hi Mei, please add my colleague as a second contact on our account. Reference attached."
3295,144014,1997-04-25,account manager note,late_delivery,1,Good morning. Can someone tell me where order for medium plated fasteners (250 units) is? It was meant to be here days ago. We are reviewing whether to renew the contract at the end of the quarter.
3296,6830,1997-07-13,portal,late_delivery,1,"Following up: We planned a production run around the medium plated fasteners arriving on the 9 July. Nothing has arrived and the line is idle. We are reviewing whether to renew the contract at the end of the quarter. Regards, procurement."
3297,43159,1997-10-08,account manager note,late_delivery,1,Following up: The polished steel brackets consignment slipped again. That is the second slip this quarter. Frankly we are already talking to your competitors. Escalating to my manager if not resolved.
3298,54487,1998-01-01,email,damaged,0,Following up: Several of the polished steel brackets were snapped in two when we unpacked them. Thanks.
3299,140764,1997-06-12,email,praise,0,"Hi Mei, your account team sorted our brushed aluminium panels issue in a single call, really appreciated. Escalating to my manager if not resolved."
3300,85504,1997-08-08,chat,praise,0,"Hi team, thanks for the quick turnaround on the plated nickel bolts (500 units), it saved our production week."
3301,145658,1997-11-08,portal,late_delivery,0,"To whom it may concern: Still no sign of the plated nickel bolts. Our warehouse team has been standing by since the 22 October. Regards, procurement."
3302,127429,1998-03-04,email,damaged,0,"Hi Rahul, opened the delivery of plated nickel bolts on PO 81224 this morning and a good third of them are cracked. Reference attached."
3303,86869,1998-07-29,account manager note,damaged,1,"Following up: The economy brass valves (40 units) were crushed in transit, the box looked like it had been dropped from a height. We are reviewing whether to renew the contract at the end of the quarter."
3304,78488,1997-01-03,account manager note,wrong_item,1,"Hi account team, your warehouse picked the wrong SKU again, these are not plated nickel bolts. Honestly I am not sure we can keep working with you."
3305,42667,1997-01-07,email,damaged,1,"Hi team, half the small polished rods (PO 76482, 200 units) came out of the crate bent and scratched. Frankly we are already talking to your competitors. Escalating to my manager if not resolved."
3306,105848,1997-06-11,portal,billing,1,"Hi team, we still have not received the credit note you promised for the anodized copper pipe (120 units). Honestly I am not sure we can keep working with you. Need an answer by end of day."
3307,34487,1998-01-23,chat,praise,0,"Urgent: Consistently good quality on the burnished tin sheets (75 units), our QA has not flagged anything in months. Reference attached."
3308,17444,1997-10-10,account manager note,account,0,To whom it may concern: Please add my colleague as a second contact on our account. Need an answer by end of day.
3309,54922,1997-08-17,account manager note,billing,1,"Hi team, please explain the extra surcharge on our last statement for the brushed aluminium panels on PO 28763. If this happens again we will move our business to another supplier."
3310,82447,1998-04-14,email,billing,0,Good morning. The price on the invoice for burnished tin sheets is higher than the price we agreed in the contract.
3311,96214,1997-11-26,chat,damaged,0,"Following up: Half the promo tin cans (PO 91061, 75 units) came out of the crate bent and scratched. Reference attached."
3312,134657,1997-10-25,portal,late_delivery,1,"Your carrier keeps rescheduling. We were told the 13 October, then Friday, now 'next week' for the brushed aluminium panels on PO 32024. Honestly I am not sure we can keep working with you. Need an answer by end of day."
3313,87712,1998-02-21,email,billing,0,Urgent: The price on the invoice for brushed aluminium panels (40 units) is higher than the price we agreed in the contract. Reference attached.
3314,105362,1997-07-29,email,billing,0,We still have not received the credit note you promised for the standard steel flanges (1200 units).
3315,82096,1998-03-10,phone transcript,account,0,"To whom it may concern: Please add my colleague as a second contact on our account. Regards, procurement."
3316,28946,1998-01-09,phone transcript,billing,0,We still have not received the credit note you promised for the large copper coils. Thanks.
3317,92830,1997-09-15,email,damaged,1,Urgent: Opened the delivery of promo tin cans this morning and a good third of them are cracked. If this happens again we will move our business to another supplier. Please call me back today.
3318,147448,1997-01-28,phone transcript,billing,1,"Hi Tom, please explain the extra surcharge on our last statement for the promo tin cans (500 units). We are reviewing whether to renew the contract at the end of the quarter. Need an answer by end of day."
3319,138608,1998-03-10,account manager note,account,0,"Urgent: I cannot log into the ordering portal, the password reset email never arrives. Escalating to my manager if not resolved."
3320,52963,1997-04-26,email,praise,0,"Your account team sorted our large copper coils on PO 92559 issue in a single call, really appreciated. Reference attached."
3321,42599,1997-06-20,account manager note,damaged,0,Following up: Pallet of plated nickel bolts arrived with the wrapping torn open and several pieces dented. Thanks.
3322,80017,1997-02-11,phone transcript,quality,0,"Hi team, the latest batch of large copper coils does not meet the tolerance in our spec, the threads are off. Please call me back today."
3323,89195,1997-09-02,phone transcript,wrong_item,0,Urgent: Got 200 units of the wrong finish instead of the brushed aluminium panels we specified. Escalating to my manager if not resolved.
3324,32612,1997-12-15,chat,account,0,"Hi team, please add my colleague as a second contact on our account."
3325,44714,1997-08-17,phone transcript,praise,0,"Following up: Your account team sorted our medium plated fasteners issue in a single call, really appreciated."
3326,56033,1997-04-04,portal,quality,0,To whom it may concern: Our QA rejected the standard steel flanges. Finish is uneven and some pieces fail the stress test. Please call me back today.
3327,69343,1998-05-14,account manager note,billing,0,"Hi support, we were invoiced twice for the same batch of promo tin cans (PO 47716, 500 units). Escalating to my manager if not resolved."
3328,55859,1998-06-11,account manager note,late_delivery,0,Still no sign of the anodized copper pipe. Our warehouse team has been standing by since the 27 May. Reference attached.
3329,7094,1997-05-11,chat,late_delivery,1,"Third week waiting on the polished steel brackets. The tracking page has said 'in transit' since the 30 April. This is the last chance, after this we are going elsewhere. Thanks."
3330,14435,1997-03-26,phone transcript,late_delivery,1,"Good morning. Your carrier keeps rescheduling. We were told the 9 March, then Friday, now 'next week' for the large copper coils (250 units). We are reviewing whether to renew the contract at the end of the quarter. Escalating to my manager if not resolved."
3331,85345,1997-11-10,email,wrong_item,0,"Hi Anna, your warehouse picked the wrong SKU again, these are not anodized copper pipe. Need an answer by end of day."
3332,133906,1997-11-05,chat,praise,0,Following up: Just wanted to say the plated nickel bolts (800 units) arrived early and in perfect condition. Great job. Please call me back today.
3333,40700,1998-02-08,email,billing,1,"Urgent: We were invoiced twice for the same batch of plated nickel bolts (PO 12251, 500 units). If this happens again we will move our business to another supplier. Escalating to my manager if not resolved."
3334,34736,1997-04-11,account manager note,late_delivery,0,"Good morning. The burnished tin sheets (PO 54595, 1200 units) consignment slipped again. That is the second slip this quarter. Escalating to my manager if not resolved."
3335,70766,1998-01-06,portal,quality,0,"Compared with last year the plated nickel bolts feel cheaper and wear out much faster. Regards, procurement."
3336,144620,1997-05-21,email,damaged,0,"The anodized copper pipe were crushed in transit, the box looked like it had been dropped from a height. Reference attached."
3337,29185,1997-02-23,chat,account,0,"Urgent: We have moved office, please update the delivery address on our account. Reference attached."
3338,96878,1998-06-27,email,damaged,1,"Urgent: Opened the delivery of burnished tin sheets (PO 56711, 500 units) this morning and a good third of them are cracked. If this happens again we will move our business to another supplier. Need an answer by end of day."
3339,146876,1998-07-25,portal,quality,0,Compared with last year the large copper coils (75 units) feel cheaper and wear out much faster. Escalating to my manager if not resolved.
3340,116605,1997-01-03,portal,damaged,1,To whom it may concern: Pallet of economy brass valves (200 units) arrived with the wrapping torn open and several pieces dented. We are reviewing whether to renew the contract at the end of the quarter. Escalating to my manager if not resolved.
3341,21247,1997-10-04,account manager note,billing,0,Good morning. Please explain the extra surcharge on our last statement for the brass fittings on PO 34280.
3342,44750,1998-01-21,phone transcript,late_delivery,0,"Hello, your carrier keeps rescheduling. We were told the 2 January, then Friday, now 'next week' for the burnished tin sheets. Escalating to my manager if not resolved."
3343,20477,1998-05-30,email,late_delivery,0,Our shipment of burnished tin sheets on PO 73693 was promised for the 22 May and still has not turned up. Thanks.
3344,20210,1997-04-25,phone transcript,late_delivery,1,"Hi team, we planned a production run around the promo tin cans on PO 71703 arriving on the 11 April. Nothing has arrived and the line is idle. If this happens again we will move our business to another supplier. Escalating to my manager if not resolved."
3345,14771,1998-07-08,email,late_delivery,1,Following up: The burnished tin sheets consignment slipped again. That is the second slip this quarter. Our procurement team has asked me to find an alternative vendor. Reference attached.
3346,58268,1997-02-19,email,praise,0,"Thanks for the quick turnaround on the brass fittings (250 units), it saved our production week."
3347,81856,1997-12-14,portal,damaged,0,Pallet of standard steel flanges (75 units) arrived with the wrapping torn open and several pieces dented. Reference attached.
3348,46232,1998-05-02,email,billing,1,"Please explain the extra surcharge on our last statement for the medium plated fasteners. Our procurement team has asked me to find an alternative vendor. Regards, procurement."
3349,100282,1997-03-21,email,late_delivery,0,"Hello, third week waiting on the large copper coils. The tracking page has said 'in transit' since the 8 March."
3350,45722,1997-07-30,phone transcript,quality,1,"Hi support, our QA rejected the small polished rods. Finish is uneven and some pieces fail the stress test. If this happens again we will move our business to another supplier. Thanks."
3351,113377,1997-06-06,chat,late_delivery,0,"Hi Marco, still no sign of the promo tin cans. Our warehouse team has been standing by since the 26 May. Regards, procurement."
3352,148730,1998-01-15,account manager note,late_delivery,0,"Hi Marco, third week waiting on the brushed aluminium panels on PO 37040. The tracking page has said 'in transit' since the 1 January. Need an answer by end of day."
3353,115400,1997-09-19,chat,late_delivery,0,"Hi team, can someone tell me where order for economy brass valves (PO 60328, 1200 units) is? It was meant to be here days ago. Escalating to my manager if not resolved."
3354,89885,1997-12-31,chat,late_delivery,1,"Hi team, we planned a production run around the brushed aluminium panels arriving on the 15 December. Nothing has arrived and the line is idle. Frankly we are already talking to your competitors. Reference attached."
3355,18113,1997-10-06,email,late_delivery,1,"Hi Priya, your carrier keeps rescheduling. We were told the 27 September, then Friday, now 'next week' for the burnished tin sheets (PO 90921, 75 units). This is the last chance, after this we are going elsewhere. Escalating to my manager if not resolved."
3356,52144,1997-05-06,phone transcript,wrong_item,0,"To whom it may concern: We ordered brushed aluminium panels (PO 40743, 500 units) and received something completely different. Reference attached."
3357,134146,1997-12-22,portal,late_delivery,0,"Following up: Your carrier keeps rescheduling. We were told the 3 December, then Friday, now 'next week' for the brass fittings (200 units)."
3358,126646,1998-01-14,phone transcript,damaged,0,"Good morning. The brushed aluminium panels on PO 65988 were crushed in transit, the box looked like it had been dropped from a height. Escalating to my manager if not resolved."
3359,67061,1997-10-27,chat,late_delivery,0,"Hello, the anodized copper pipe on PO 49746 consignment slipped again. That is the second slip this quarter. Reference attached."
3360,1496,1998-06-25,chat,account,0,"Hi account team, please add my colleague as a second contact on our account."
3361,147505,1998-03-26,chat,praise,0,"Your account team sorted our large copper coils on PO 58907 issue in a single call, really appreciated. Thanks."
3362,49948,1998-04-21,phone transcript,billing,0,We were invoiced twice for the same batch of brushed aluminium panels. Reference attached.
3363,5278,1998-07-27,email,late_delivery,1,"To whom it may concern: Still no sign of the standard steel flanges (1200 units). Our warehouse team has been standing by since the 19 July. Honestly I am not sure we can keep working with you. Regards, procurement."
3364,3725,1998-02-22,account manager note,damaged,1,Good morning. Several of the plated nickel bolts were snapped in two when we unpacked them. Our procurement team has asked me to find an alternative vendor. Reference attached.
3365,127019,1997-08-16,email,billing,0,"Our finance team cannot reconcile your invoice, the quantities of anodized copper pipe on PO 15217 are off."
3366,149716,1997-04-14,portal,billing,0,"Our finance team cannot reconcile your invoice, the quantities of large copper coils (800 units) are off."
3367,13511,1997-06-23,email,wrong_item,0,We ordered standard steel flanges (800 units) and received something completely different. Escalating to my manager if not resolved.
3368,91661,1998-04-19,phone transcript,billing,0,"To whom it may concern: Our finance team cannot reconcile your invoice, the quantities of brass fittings are off. Thanks."
3369,44375,1998-04-10,account manager note,praise,0,Just wanted to say the brass fittings arrived early and in perfect condition. Great job. Please call me back today.
3370,70415,1997-08-12,chat,billing,0,We were invoiced twice for the same batch of promo tin cans. Thanks.
3371,39275,1998-01-27,portal,late_delivery,1,"We planned a production run around the standard steel flanges (PO 18490, 1200 units) arriving on the 15 January. Nothing has arrived and the line is idle. Our procurement team has asked me to find an alternative vendor. Regards, procurement."
3372,100040,1998-01-26,phone transcript,damaged,1,"Hi Tom, opened the delivery of plated nickel bolts this morning and a good third of them are cracked. If this happens again we will move our business to another supplier. Escalating to my manager if not resolved."
3373,21923,1997-11-05,chat,late_delivery,0,"Your carrier keeps rescheduling. We were told the 25 October, then Friday, now 'next week' for the promo tin cans (PO 52839, 500 units). Please call me back today."
3374,15434,1997-05-26,portal,billing,1,Following up: We still have not received the credit note you promised for the brushed aluminium panels (40 units). Frankly we are already talking to your competitors. Need an answer by end of day.
3375,625,1997-09-08,portal,damaged,0,"Following up: The brushed aluminium panels were crushed in transit, the box looked like it had been dropped from a height."
3376,121174,1997-04-03,phone transcript,late_delivery,0,"Hello, still no sign of the small polished rods. Our warehouse team has been standing by since the 15 March. Thanks."
3377,82292,1997-06-21,account manager note,damaged,1,Pallet of anodized copper pipe on PO 82697 arrived with the wrapping torn open and several pieces dented. We are reviewing whether to renew the contract at the end of the quarter. Thanks.
3378,67376,1998-04-05,account manager note,damaged,0,"Hi team, several of the economy brass valves were snapped in two when we unpacked them."
3379,30943,1998-03-01,portal,late_delivery,0,"To whom it may concern: Your carrier keeps rescheduling. We were told the 17 February, then Friday, now 'next week' for the plated nickel bolts on PO 43689. Reference attached."
3380,38279,1998-04-07,portal,quality,0,"Hi team, our QA rejected the polished steel brackets (200 units). Finish is uneven and some pieces fail the stress test. Escalating to my manager if not resolved."
3381,80047,1998-01-22,phone transcript,praise,0,"Good morning. Thanks for the quick turnaround on the economy brass valves (250 units), it saved our production week. Need an answer by end of day."
3382,52756,1997-03-02,chat,billing,0,The price on the invoice for burnished tin sheets is higher than the price we agreed in the contract. Need an answer by end of day.
3383,137326,1997-06-26,chat,account,0,To whom it may concern: Please add my colleague as a second contact on our account. Please call me back today.
3384,122350,1998-03-02,account manager note,account,1,"Hi team, please add my colleague as a second contact on our account. Frankly we are already talking to your competitors. Regards, procurement."
3385,28300,1997-03-21,account manager note,late_delivery,0,"Our shipment of brushed aluminium panels (PO 11052, 1200 units) was promised for the 15 March and still has not turned up. Reference attached."
3386,106172,1997-08-05,phone transcript,praise,0,Good morning. Just wanted to say the polished steel brackets (200 units) arrived early and in perfect condition. Great job. Escalating to my manager if not resolved.
3387,14911,1997-03-07,email,late_delivery,0,To whom it may concern: We planned a production run around the economy brass valves arriving on the 18 February. Nothing has arrived and the line is idle. Please call me back today.
3388,8332,1998-07-25,account manager note,late_delivery,1,Good morning. Third week waiting on the polished steel brackets. The tracking page has said 'in transit' since the 22 July. Our procurement team has asked me to find an alternative vendor. Escalating to my manager if not resolved.
3389,116723,1997-10-24,account manager note,damaged,1,"Hello, several of the anodized copper pipe (PO 92379, 800 units) were snapped in two when we unpacked them. Frankly we are already talking to your competitors. Please call me back today."
3390,72436,1997-04-13,email,quality,0,Compared with last year the polished steel brackets (200 units) feel cheaper and wear out much faster. Escalating to my manager if not resolved.
3391,29326,1997-07-10,chat,damaged,0,"Hello, opened the delivery of economy brass valves (120 units) this morning and a good third of them are cracked."
3392,68044,1998-06-03,portal,quality,0,Good morning. Compared with last year the small polished rods feel cheaper and wear out much faster. Reference attached.
3393,145714,1997-10-27,chat,billing,0,Following up: Please explain the extra surcharge on our last statement for the standard steel flanges (120 units). Escalating to my manager if not resolved.
3394,31052,1997-07-11,email,billing,1,The price on the invoice for plated nickel bolts (500 units) is higher than the price we agreed in the contract. If this happens again we will move our business to another supplier. Need an answer by end of day.
3395,33569,1998-04-30,account manager note,quality,0,"To whom it may concern: The latest batch of standard steel flanges on PO 46669 does not meet the tolerance in our spec, the threads are off. Thanks."
3396,48052,1997-08-09,phone transcript,billing,0,"The price on the invoice for burnished tin sheets on PO 41619 is higher than the price we agreed in the contract. Regards, procurement."
3397,32248,1997-07-31,portal,damaged,0,"Hi team, pallet of standard steel flanges (PO 23829, 200 units) arrived with the wrapping torn open and several pieces dented. Escalating to my manager if not resolved."
3398,28645,1997-04-30,chat,account,0,Following up: Please add my colleague as a second contact on our account. Thanks.
3399,50408,1997-05-08,portal,billing,0,Good morning. The price on the invoice for brushed aluminium panels is higher than the price we agreed in the contract. Escalating to my manager if not resolved.
3400,126854,1997-08-09,portal,damaged,0,To whom it may concern: Received the brushed aluminium panels on PO 17393 but the packaging was soaked through and the metal has started to rust. Please call me back today.
3401,124688,1997-10-15,chat,billing,0,We were invoiced twice for the same batch of burnished tin sheets. Thanks.
3402,115235,1998-04-29,phone transcript,damaged,0,"Hello, several of the standard steel flanges (75 units) were snapped in two when we unpacked them."
3403,114868,1998-01-29,phone transcript,late_delivery,0,"Hi team, still no sign of the economy brass valves on PO 99662. Our warehouse team has been standing by since the 14 January. Need an answer by end of day."
3404,32816,1997-08-31,email,praise,0,"To whom it may concern: Consistently good quality on the burnished tin sheets, our QA has not flagged anything in months. Please call me back today."
3405,37910,1998-02-07,chat,wrong_item,0,"Hello, the box is labelled small polished rods but inside are parts in the wrong size. Reference attached."
3406,76279,1998-03-14,chat,billing,0,"The price on the invoice for brushed aluminium panels (PO 36118, 75 units) is higher than the price we agreed in the contract."
3407,122914,1997-11-26,phone transcript,damaged,0,Several of the plated nickel bolts (200 units) were snapped in two when we unpacked them. Escalating to my manager if not resolved.
3408,5515,1997-10-28,account manager note,late_delivery,1,"Hello, can someone tell me where order for economy brass valves (75 units) is? It was meant to be here days ago. Frankly we are already talking to your competitors. Reference attached."
3409,105131,1997-12-07,email,late_delivery,0,"Hi Mei, still no sign of the standard steel flanges (1200 units). Our warehouse team has been standing by since the 3 December."
3410,25354,1998-01-26,account manager note,wrong_item,0,"To whom it may concern: Your warehouse picked the wrong SKU again, these are not economy brass valves (PO 60666, 40 units). Thanks."
3411,123908,1998-02-24,email,wrong_item,0,"Hi Rahul, got 200 units of the wrong finish instead of the brushed aluminium panels (200 units) we specified. Need an answer by end of day."
3412,40733,1997-09-24,email,quality,1,Good morning. Compared with last year the burnished tin sheets on PO 78208 feel cheaper and wear out much faster. If this happens again we will move our business to another supplier.
3413,57773,1998-05-15,chat,account,0,Urgent: Please add my colleague as a second contact on our account.
3414,94907,1997-04-19,account manager note,praise,0,"Hi team, thanks for the quick turnaround on the promo tin cans on PO 89158, it saved our production week."
3415,22678,1997-01-09,phone transcript,wrong_item,1,"Hi account team, this is not what we asked for. The polished steel brackets on PO 78147 on the invoice do not match what is on the pallet. Frankly we are already talking to your competitors. Need an answer by end of day."
3416,128251,1998-06-15,portal,late_delivery,0,Still no sign of the promo tin cans. Our warehouse team has been standing by since the 30 May.
3417,47807,1997-03-27,phone transcript,late_delivery,1,"Hello, third week waiting on the promo tin cans (PO 84626, 250 units). The tracking page has said 'in transit' since the 14 March. Honestly I am not sure we can keep working with you. Escalating to my manager if not resolved."
3418,88490,1997-09-10,email,damaged,0,"The standard steel flanges (PO 18206, 500 units) were crushed in transit, the box looked like it had been dropped from a height. Thanks."
3419,31847,1997-04-23,portal,damaged,0,To whom it may concern: Received the standard steel flanges but the packaging was soaked through and the metal has started to rust.
3420,79043,1997-01-25,phone transcript,praise,0,"Consistently good quality on the burnished tin sheets, our QA has not flagged anything in months. Escalating to my manager if not resolved."
3421,85454,1997-11-19,chat,wrong_item,0,Urgent: The box is labelled plated nickel bolts (120 units) but inside are parts in the wrong size.
3422,142990,1998-05-17,account manager note,billing,1,We were invoiced twice for the same batch of standard steel flanges (40 units). We are reviewing whether to renew the contract at the end of the quarter. Thanks.
3423,73019,1998-03-05,email,damaged,0,"Urgent: The promo tin cans on PO 38723 were crushed in transit, the box looked like it had been dropped from a height. Escalating to my manager if not resolved."
3424,116795,1997-09-02,account manager note,late_delivery,0,Can someone tell me where order for medium plated fasteners on PO 44553 is? It was meant to be here days ago. Please call me back today.
3425,127663,1998-01-11,account manager note,praise,0,"Following up: Your account team sorted our economy brass valves issue in a single call, really appreciated. Thanks."
3426,72185,1997-04-08,email,late_delivery,0,"Following up: Your carrier keeps rescheduling. We were told the 2 April, then Friday, now 'next week' for the brass fittings on PO 36604."
3427,26869,1997-09-09,account manager note,billing,0,The price on the invoice for brushed aluminium panels on PO 72567 is higher than the price we agreed in the contract.
3428,134216,1997-10-16,phone transcript,damaged,0,Good morning. Received the economy brass valves (75 units) but the packaging was soaked through and the metal has started to rust. Escalating to my manager if not resolved.
3429,76994,1998-05-28,account manager note,damaged,0,"Following up: Half the medium plated fasteners (PO 70980, 500 units) came out of the crate bent and scratched."
3430,129283,1997-02-25,chat,late_delivery,0,"To whom it may concern: Our shipment of economy brass valves on PO 39530 was promised for the 5 February and still has not turned up. Regards, procurement."
3431,81715,1998-02-06,email,account,0,Please add my colleague as a second contact on our account. Reference attached.
3432,58447,1997-05-24,portal,praise,0,"Hi team, thanks for the quick turnaround on the plated nickel bolts, it saved our production week."
3433,70904,1997-10-17,chat,damaged,0,Several of the promo tin cans (1200 units) were snapped in two when we unpacked them.
3434,117610,1998-05-05,account manager note,late_delivery,0,Urgent: The brass fittings (500 units) consignment slipped again. That is the second slip this quarter. Please call me back today.
3435,51742,1997-06-05,chat,wrong_item,0,To whom it may concern: We ordered polished steel brackets and received something completely different.
3436,11153,1997-11-08,phone transcript,billing,0,We were invoiced twice for the same batch of large copper coils on PO 42115. Reference attached.
3437,128693,1997-01-31,portal,late_delivery,0,Following up: Third week waiting on the anodized copper pipe (75 units). The tracking page has said 'in transit' since the 16 January. Please call me back today.
3438,103162,1997-07-29,portal,late_delivery,0,Good morning. Our shipment of plated nickel bolts was promised for the 10 July and still has not turned up. Escalating to my manager if not resolved.
3439,142078,1998-05-07,portal,praise,0,"Hi team, just wanted to say the standard steel flanges on PO 28495 arrived early and in perfect condition. Great job. Escalating to my manager if not resolved."
3440,71944,1997-12-15,chat,late_delivery,1,"Following up: Third week waiting on the polished steel brackets (PO 12593, 500 units). The tracking page has said 'in transit' since the 10 December. We are reviewing whether to renew the contract at the end of the quarter."
3441,79304,1997-03-24,phone transcript,damaged,1,"Hi Mei, pallet of promo tin cans (PO 22067, 500 units) arrived with the wrapping torn open and several pieces dented. We are reviewing whether to renew the contract at the end of the quarter. Escalating to my manager if not resolved."
3442,76855,1998-06-29,chat,account,0,"Hello, could you send us a copy of last year's statements for our auditors? Escalating to my manager if not resolved."
3443,30259,1997-07-19,chat,billing,0,"Hi account team, we were invoiced twice for the same batch of small polished rods on PO 74573."
3444,86809,1997-06-14,account manager note,praise,0,"Hi team, consistently good quality on the small polished rods (250 units), our QA has not flagged anything in months."
3445,134009,1997-02-10,account manager note,wrong_item,0,"Good morning. Your warehouse picked the wrong SKU again, these are not economy brass valves (800 units). Need an answer by end of day."
3446,54269,1997-07-18,account manager note,quality,0,"Hi team, two of our customers returned products built with your small polished rods because of early failure. Thanks."
3447,109721,1998-05-18,phone transcript,damaged,1,"Following up: The large copper coils (250 units) were crushed in transit, the box looked like it had been dropped from a height. Frankly we are already talking to your competitors. Need an answer by end of day."
3448,53546,1998-06-02,phone transcript,late_delivery,1,"Hi team, can someone tell me where order for polished steel brackets is? It was meant to be here days ago. If this happens again we will move our business to another supplier. Please call me back today."
3449,111136,1998-01-18,account manager note,quality,1,"To whom it may concern: Our QA rejected the small polished rods. Finish is uneven and some pieces fail the stress test. This is the last chance, after this we are going elsewhere. Please call me back today."
3450,17669,1997-09-17,phone transcript,late_delivery,1,"Hello, still no sign of the standard steel flanges (PO 10319, 800 units). Our warehouse team has been standing by since the 29 August. If this happens again we will move our business to another supplier."
3451,58679,1998-06-25,chat,wrong_item,0,"Following up: Your warehouse picked the wrong SKU again, these are not medium plated fasteners (PO 24838, 250 units). Regards, procurement."
3452,90571,1997-09-09,chat,quality,0,Following up: Our QA rejected the large copper coils. Finish is uneven and some pieces fail the stress test. Thanks.
3453,61769,1998-04-04,account manager note,late_delivery,0,"We planned a production run around the burnished tin sheets on PO 80585 arriving on the 27 March. Nothing has arrived and the line is idle. Regards, procurement."
3454,128086,1998-05-18,portal,billing,1,"Urgent: Our finance team cannot reconcile your invoice, the quantities of burnished tin sheets (120 units) are off. This is the last chance, after this we are going elsewhere. Thanks."
3455,113750,1997-06-30,portal,account,0,"Urgent: We have moved office, please update the delivery address on our account. Please call me back today."
3456,94801,1997-02-27,chat,billing,0,"Following up: Our finance team cannot reconcile your invoice, the quantities of standard steel flanges (PO 69887, 1200 units) are off. Escalating to my manager if not resolved."
3457,86620,1998-03-25,portal,late_delivery,1,"Third week waiting on the plated nickel bolts (PO 38469, 200 units). The tracking page has said 'in transit' since the 7 March. Honestly I am not sure we can keep working with you. Thanks."
3458,71761,1997-02-26,chat,damaged,0,Good morning. Opened the delivery of small polished rods this morning and a good third of them are cracked.
3459,87440,1998-07-04,account manager note,late_delivery,1,"Hi team, our shipment of economy brass valves (PO 37718, 75 units) was promised for the 19 June and still has not turned up. We are reviewing whether to renew the contract at the end of the quarter. Escalating to my manager if not resolved."
3460,133202,1998-07-18,phone transcript,praise,0,"Urgent: Just wanted to say the brushed aluminium panels (PO 62001, 120 units) arrived early and in perfect condition. Great job. Need an answer by end of day."
3461,7525,1997-01-09,phone transcript,wrong_item,0,"Hi team, this is not what we asked for. The brass fittings on PO 66844 on the invoice do not match what is on the pallet."
3462,105848,1998-04-24,phone transcript,wrong_item,0,Following up: This is not what we asked for. The small polished rods on the invoice do not match what is on the pallet. Reference attached.
3463,99317,1998-02-06,email,billing,1,Following up: The price on the invoice for polished steel brackets is higher than the price we agreed in the contract. Honestly I am not sure we can keep working with you. Thanks.
3464,109963,1997-11-28,chat,quality,0,"Hi team, the latest batch of burnished tin sheets does not meet the tolerance in our spec, the threads are off. Reference attached."
3465,30676,1998-03-24,account manager note,wrong_item,0,We ordered small polished rods on PO 80454 and received something completely different. Thanks.
3466,95932,1997-03-14,chat,wrong_item,0,We ordered anodized copper pipe and received something completely different.
3467,133081,1997-12-21,portal,praise,0,"Good morning. Consistently good quality on the promo tin cans, our QA has not flagged anything in months. Reference attached."
3468,52187,1998-07-03,portal,late_delivery,0,"Hello, your carrier keeps rescheduling. We were told the 28 June, then Friday, now 'next week' for the promo tin cans (250 units). Thanks."
3469,17083,1997-09-02,email,account,0,"To whom it may concern: We have moved office, please update the delivery address on our account. Thanks."
3470,141395,1997-08-02,email,praise,0,"Urgent: Consistently good quality on the economy brass valves, our QA has not flagged anything in months."
3471,86560,1997-08-23,portal,quality,0,To whom it may concern: Two of our customers returned products built with your large copper coils because of early failure. Thanks.
3472,49751,1997-07-11,email,late_delivery,1,"Hi team, the large copper coils (40 units) consignment slipped again. That is the second slip this quarter. Our procurement team has asked me to find an alternative vendor."
3473,71257,1997-06-03,phone transcript,billing,0,"Urgent: We still have not received the credit note you promised for the medium plated fasteners (PO 44429, 40 units)."
3474,97717,1997-09-05,phone transcript,account,0,Following up: Please add my colleague as a second contact on our account.
3475,1778,1997-11-10,chat,wrong_item,1,"Hi Mei, the box is labelled large copper coils (PO 54073, 40 units) but inside are parts in the wrong size. Honestly I am not sure we can keep working with you."
3476,98606,1997-11-13,account manager note,billing,0,"The price on the invoice for plated nickel bolts (PO 57279, 75 units) is higher than the price we agreed in the contract."
3477,124859,1998-01-04,chat,praise,0,"To whom it may concern: Thanks for the quick turnaround on the brass fittings (40 units), it saved our production week. Regards, procurement."
3478,39953,1997-09-12,email,quality,0,Good morning. Two of our customers returned products built with your promo tin cans because of early failure.
3479,81715,1998-02-01,portal,quality,0,"Hi team, two of our customers returned products built with your brass fittings on PO 13526 because of early failure. Need an answer by end of day."
3480,144760,1997-03-18,email,late_delivery,1,"Hi Mei, still no sign of the medium plated fasteners on PO 27140. Our warehouse team has been standing by since the 11 March. Our procurement team has asked me to find an alternative vendor. Regards, procurement."
3481,109898,1997-09-13,portal,praise,0,"Good morning. Your account team sorted our brass fittings on PO 22810 issue in a single call, really appreciated."
3482,139324,1997-07-05,email,praise,0,"Hi team, thanks for the quick turnaround on the large copper coils (PO 92978, 250 units), it saved our production week. Thanks."
3483,13930,1997-12-08,email,quality,1,To whom it may concern: Our QA rejected the large copper coils. Finish is uneven and some pieces fail the stress test. Our procurement team has asked me to find an alternative vendor. Reference attached.
3484,27952,1997-10-04,phone transcript,praise,0,Urgent: Just wanted to say the burnished tin sheets on PO 69514 arrived early and in perfect condition. Great job. Need an answer by end of day.
3485,69202,1998-06-17,email,praise,0,"Good morning. Thanks for the quick turnaround on the polished steel brackets (75 units), it saved our production week. Reference attached."
3486,104608,1998-02-21,portal,late_delivery,0,"Hi Mei, the brushed aluminium panels (PO 61844, 120 units) consignment slipped again. That is the second slip this quarter. Reference attached."
3487,11636,1998-05-24,email,wrong_item,0,"To whom it may concern: The box is labelled economy brass valves (PO 89231, 500 units) but inside are parts in the wrong size. Please call me back today."
3488,143830,1997-07-05,chat,praise,0,"Urgent: Just wanted to say the anodized copper pipe (PO 45307, 800 units) arrived early and in perfect condition. Great job."
3489,112978,1997-08-12,email,late_delivery,0,To whom it may concern: Third week waiting on the small polished rods (40 units). The tracking page has said 'in transit' since the 7 August.
3490,59419,1998-03-31,chat,praise,0,"Good morning. Your account team sorted our brass fittings issue in a single call, really appreciated. Regards, procurement."
3491,137015,1997-04-23,phone transcript,praise,0,"Hi support, your account team sorted our standard steel flanges (PO 89973, 75 units) issue in a single call, really appreciated. Reference attached."
3492,27356,1997-05-04,account manager note,billing,1,"Please explain the extra surcharge on our last statement for the burnished tin sheets (1200 units). Our procurement team has asked me to find an alternative vendor. Regards, procurement."
3493,40516,1997-12-16,email,damaged,0,"Several of the standard steel flanges (PO 60445, 40 units) were snapped in two when we unpacked them. Reference attached."
3494,68476,1997-09-24,phone transcript,billing,0,"Hi team, we were invoiced twice for the same batch of brushed aluminium panels (75 units). Thanks."
3495,145208,1998-03-13,account manager note,late_delivery,0,"Hi Rahul, the polished steel brackets (PO 95207, 40 units) consignment slipped again. That is the second slip this quarter. Reference attached."
3496,78326,1997-12-24,email,quality,0,"Hi Tom, compared with last year the anodized copper pipe feel cheaper and wear out much faster."
3497,4090,1998-05-01,chat,damaged,1,Urgent: Half the burnished tin sheets came out of the crate bent and scratched. If this happens again we will move our business to another supplier. Escalating to my manager if not resolved.
3498,132940,1997-04-24,phone transcript,late_delivery,0,We planned a production run around the promo tin cans (1200 units) arriving on the 18 April. Nothing has arrived and the line is idle. Reference attached.
3499,135650,1997-07-13,email,damaged,0,"Urgent: Opened the delivery of large copper coils (PO 60287, 200 units) this morning and a good third of them are cracked. Thanks."
3500,119453,1997-09-05,email,billing,0,Urgent: We still have not received the credit note you promised for the large copper coils on PO 60150. Please call me back today.
3501,32605,1998-01-30,chat,praise,0,"Hello, just wanted to say the plated nickel bolts (500 units) arrived early and in perfect condition. Great job. Need an answer by end of day."
3502,133570,1998-06-08,account manager note,billing,0,"Hello, we were invoiced twice for the same batch of polished steel brackets on PO 40247. Thanks."
3503,87019,1997-07-31,chat,late_delivery,1,To whom it may concern: We planned a production run around the standard steel flanges arriving on the 22 July. Nothing has arrived and the line is idle. Honestly I am not sure we can keep working with you. Thanks.
3504,90172,1998-04-21,portal,late_delivery,1,"Hi team, can someone tell me where order for burnished tin sheets (200 units) is? It was meant to be here days ago. Frankly we are already talking to your competitors."
3505,6686,1998-04-25,chat,account,0,"Hello, we have moved office, please update the delivery address on our account."
3506,50408,1998-04-15,chat,billing,1,"To whom it may concern: Please explain the extra surcharge on our last statement for the anodized copper pipe (PO 11451, 250 units). Our procurement team has asked me to find an alternative vendor. Need an answer by end of day."
3507,45439,1997-04-02,account manager note,billing,0,"Hi Rahul, we were invoiced twice for the same batch of small polished rods. Need an answer by end of day."
3508,83675,1998-02-27,chat,late_delivery,0,"Hello, third week waiting on the anodized copper pipe on PO 31922. The tracking page has said 'in transit' since the 13 February. Regards, procurement."
3509,96002,1997-06-21,phone transcript,damaged,1,Following up: Opened the delivery of anodized copper pipe (75 units) this morning and a good third of them are cracked. We are reviewing whether to renew the contract at the end of the quarter. Escalating to my manager if not resolved.
3510,15265,1998-06-12,portal,late_delivery,0,"Hello, can someone tell me where order for large copper coils on PO 67100 is? It was meant to be here days ago. Reference attached."
3511,68609,1997-01-04,portal,late_delivery,0,"Third week waiting on the polished steel brackets. The tracking page has said 'in transit' since the 16 December. Regards, procurement."
3512,136405,1997-10-22,portal,late_delivery,1,"Good morning. Still no sign of the small polished rods on PO 54013. Our warehouse team has been standing by since the 5 October. This is the last chance, after this we are going elsewhere. Regards, procurement."
3513,45320,1997-05-11,email,billing,0,"Hello, we still have not received the credit note you promised for the brushed aluminium panels. Regards, procurement."
3514,93832,1998-05-17,account manager note,damaged,0,Received the burnished tin sheets (800 units) but the packaging was soaked through and the metal has started to rust. Need an answer by end of day.
3515,15371,1998-03-02,phone transcript,quality,1,Our QA rejected the polished steel brackets. Finish is uneven and some pieces fail the stress test. If this happens again we will move our business to another supplier. Please call me back today.
3516,64652,1997-04-09,portal,late_delivery,0,"Hello, the economy brass valves on PO 27877 consignment slipped again. That is the second slip this quarter."
3517,9529,1997-08-25,phone transcript,damaged,1,"The medium plated fasteners were crushed in transit, the box looked like it had been dropped from a height. Our procurement team has asked me to find an alternative vendor."
3518,142402,1998-02-07,chat,damaged,0,Urgent: Half the standard steel flanges on PO 74715 came out of the crate bent and scratched.
3519,147491,1997-07-20,portal,damaged,1,"To whom it may concern: Opened the delivery of anodized copper pipe (PO 54262, 200 units) this morning and a good third of them are cracked. Honestly I am not sure we can keep working with you. Thanks."
3520,119032,1997-12-16,chat,late_delivery,1,"Hi team, your carrier keeps rescheduling. We were told the 26 November, then Friday, now 'next week' for the standard steel flanges. We are reviewing whether to renew the contract at the end of the quarter. Reference attached."
3521,18199,1998-03-24,account manager note,quality,1,"Hi team, compared with last year the medium plated fasteners feel cheaper and wear out much faster. Honestly I am not sure we can keep working with you. Regards, procurement."
3522,148939,1997-03-22,phone transcript,wrong_item,0,"Urgent: Got 200 units of the wrong finish instead of the promo tin cans (40 units) we specified. Regards, procurement."
3523,85688,1998-04-17,chat,billing,1,"Hello, we still have not received the credit note you promised for the plated nickel bolts (PO 32718, 75 units). We are reviewing whether to renew the contract at the end of the quarter."
3524,131498,1997-08-11,account manager note,quality,1,"Hello, two of our customers returned products built with your standard steel flanges because of early failure. This is the last chance, after this we are going elsewhere. Thanks."
3525,106196,1998-06-30,phone transcript,praise,0,"Thanks for the quick turnaround on the brushed aluminium panels on PO 37856, it saved our production week."
3526,49781,1997-03-28,account manager note,praise,0,"Hello, consistently good quality on the plated nickel bolts on PO 70510, our QA has not flagged anything in months."
3527,49559,1997-02-16,phone transcript,wrong_item,0,To whom it may concern: We ordered burnished tin sheets and received something completely different. Reference attached.
3528,68476,1997-11-03,account manager note,praise,0,"Consistently good quality on the burnished tin sheets (120 units), our QA has not flagged anything in months."
3529,559,1997-05-23,phone transcript,late_delivery,0,Our shipment of medium plated fasteners was promised for the 17 May and still has not turned up. Need an answer by end of day.
3530,66758,1998-07-26,email,praise,0,"Good morning. Consistently good quality on the brushed aluminium panels, our QA has not flagged anything in months. Thanks."
3531,104291,1997-06-25,email,praise,0,"To whom it may concern: Your account team sorted our economy brass valves (1200 units) issue in a single call, really appreciated. Regards, procurement."
3532,88453,1997-05-10,portal,praise,0,"Good morning. Your account team sorted our plated nickel bolts issue in a single call, really appreciated. Thanks."
3533,68069,1998-03-19,portal,wrong_item,0,The box is labelled large copper coils but inside are parts in the wrong size. Thanks.
3534,26612,1998-07-04,phone transcript,quality,0,"Hi team, two of our customers returned products built with your brass fittings on PO 10209 because of early failure. Regards, procurement."
3535,62717,1997-03-18,account manager note,billing,0,We were invoiced twice for the same batch of standard steel flanges (200 units). Reference attached.
3536,122471,1997-01-02,email,billing,0,"Hello, our finance team cannot reconcile your invoice, the quantities of large copper coils (PO 50419, 40 units) are off. Please call me back today."
3537,108977,1997-02-06,phone transcript,wrong_item,1,"Hello, we ordered medium plated fasteners and received something completely different. Frankly we are already talking to your competitors. Reference attached."
3538,78941,1997-09-15,portal,wrong_item,0,We ordered polished steel brackets and received something completely different. Need an answer by end of day.
3539,30802,1998-03-19,portal,late_delivery,0,"Hello, the burnished tin sheets consignment slipped again. That is the second slip this quarter. Need an answer by end of day."
3540,86167,1998-01-26,email,late_delivery,0,"Hi account team, our shipment of medium plated fasteners (200 units) was promised for the 17 January and still has not turned up. Thanks."
3541,49013,1997-11-05,chat,quality,0,"Hi team, our QA rejected the brushed aluminium panels. Finish is uneven and some pieces fail the stress test. Need an answer by end of day."
3542,31270,1997-08-05,chat,wrong_item,0,"Following up: This is not what we asked for. The small polished rods (800 units) on the invoice do not match what is on the pallet. Regards, procurement."
3543,134783,1998-02-01,account manager note,wrong_item,0,The box is labelled plated nickel bolts but inside are parts in the wrong size.
3544,149717,1997-01-09,email,wrong_item,0,"Hi Anna, the box is labelled standard steel flanges (40 units) but inside are parts in the wrong size. Regards, procurement."
3545,19436,1997-01-17,portal,late_delivery,0,"Hi Anna, still no sign of the medium plated fasteners (120 units). Our warehouse team has been standing by since the 1 January. Please call me back today."
3546,125506,1998-02-20,phone transcript,account,0,"Hi account team, we have moved office, please update the delivery address on our account. Escalating to my manager if not resolved."
3547,35347,1997-07-10,email,damaged,1,Several of the economy brass valves on PO 35491 were snapped in two when we unpacked them. Frankly we are already talking to your competitors. Escalating to my manager if not resolved.
3548,65830,1997-01-02,phone transcript,praise,0,"Hi Tom, consistently good quality on the anodized copper pipe (PO 25810, 1200 units), our QA has not flagged anything in months. Reference attached."
3549,120172,1997-05-07,chat,wrong_item,1,Good morning. The box is labelled economy brass valves but inside are parts in the wrong size. Our procurement team has asked me to find an alternative vendor. Please call me back today.
3550,105131,1998-02-18,account manager note,damaged,0,"Hi Mei, half the polished steel brackets (75 units) came out of the crate bent and scratched. Regards, procurement."
3551,9445,1997-02-17,email,wrong_item,0,"Hi Priya, the box is labelled large copper coils on PO 15673 but inside are parts in the wrong size. Regards, procurement."
3552,86654,1997-02-20,email,late_delivery,0,"Hi team, still no sign of the anodized copper pipe (PO 13213, 200 units). Our warehouse team has been standing by since the 1 February. Reference attached."
3553,145084,1997-05-23,portal,quality,0,"Hi team, our QA rejected the promo tin cans. Finish is uneven and some pieces fail the stress test. Regards, procurement."
3554,63871,1998-07-08,chat,late_delivery,0,"Your carrier keeps rescheduling. We were told the 20 June, then Friday, now 'next week' for the promo tin cans (75 units). Escalating to my manager if not resolved."
3555,144536,1998-04-14,phone transcript,praise,0,"Following up: Thanks for the quick turnaround on the promo tin cans, it saved our production week. Regards, procurement."
3556,109975,1998-01-28,account manager note,late_delivery,0,Good morning. Still no sign of the economy brass valves (75 units). Our warehouse team has been standing by since the 9 January. Escalating to my manager if not resolved.
3557,851,1997-01-24,chat,late_delivery,0,Urgent: Still no sign of the economy brass valves on PO 50556. Our warehouse team has been standing by since the 18 January. Escalating to my manager if not resolved.
3558,144104,1997-03-06,email,wrong_item,0,Good morning. The box is labelled burnished tin sheets but inside are parts in the wrong size.
3559,89068,1997-03-19,email,quality,0,"Hello, compared with last year the small polished rods (PO 42660, 800 units) feel cheaper and wear out much faster. Need an answer by end of day."
3560,107311,1997-10-17,email,praise,0,"Hi team, your account team sorted our burnished tin sheets issue in a single call, really appreciated. Need an answer by end of day."
3561,8332,1997-08-07,phone transcript,quality,1,"The latest batch of medium plated fasteners (PO 45783, 120 units) does not meet the tolerance in our spec, the threads are off. Frankly we are already talking to your competitors."
3562,94405,1997-10-29,chat,wrong_item,0,"Hi support, the box is labelled polished steel brackets but inside are parts in the wrong size. Reference attached."
3563,131186,1997-12-25,phone transcript,late_delivery,0,"Following up: Still no sign of the polished steel brackets (PO 51264, 200 units). Our warehouse team has been standing by since the 19 December. Need an answer by end of day."
3564,25807,1997-04-19,chat,praise,0,Just wanted to say the burnished tin sheets arrived early and in perfect condition. Great job. Reference attached.
3565,105131,1997-03-25,chat,damaged,0,"Hi Priya, pallet of polished steel brackets arrived with the wrapping torn open and several pieces dented. Reference attached."
3566,21386,1998-06-06,account manager note,account,0,"Good morning. I cannot log into the ordering portal, the password reset email never arrives. Reference attached."
3567,134371,1998-01-27,account manager note,wrong_item,0,"Your warehouse picked the wrong SKU again, these are not economy brass valves. Need an answer by end of day."
3568,3310,1998-07-13,phone transcript,account,0,"Hello, we have moved office, please update the delivery address on our account. Reference attached."
3569,81539,1997-01-02,email,wrong_item,1,Urgent: We ordered medium plated fasteners on PO 34216 and received something completely different. If this happens again we will move our business to another supplier. Need an answer by end of day.
3570,24449,1997-11-05,chat,praise,0,"Good morning. Thanks for the quick turnaround on the small polished rods, it saved our production week. Need an answer by end of day."
3571,85009,1997-11-04,chat,damaged,1,Following up: Received the promo tin cans but the packaging was soaked through and the metal has started to rust. We are reviewing whether to renew the contract at the end of the quarter.
3572,101647,1997-03-30,account manager note,damaged,0,Following up: Opened the delivery of burnished tin sheets this morning and a good third of them are cracked. Thanks.
3573,36619,1997-10-02,portal,billing,0,The price on the invoice for economy brass valves (120 units) is higher than the price we agreed in the contract.
3574,110924,1997-09-18,chat,praise,0,"Following up: Consistently good quality on the plated nickel bolts, our QA has not flagged anything in months. Please call me back today."
3575,50783,1997-07-20,email,damaged,0,"Half the medium plated fasteners (PO 13355, 120 units) came out of the crate bent and scratched. Need an answer by end of day."
3576,56482,1997-01-30,phone transcript,praise,0,"Hi Mei, your account team sorted our polished steel brackets (PO 61166, 40 units) issue in a single call, really appreciated. Reference attached."
3577,90823,1997-09-14,account manager note,wrong_item,0,Got 200 units of the wrong finish instead of the small polished rods we specified. Please call me back today.
3578,31163,1997-10-12,portal,praise,0,"Hi Mei, thanks for the quick turnaround on the polished steel brackets (PO 61778, 500 units), it saved our production week."
3579,48697,1998-05-22,account manager note,late_delivery,0,Urgent: Still no sign of the brass fittings. Our warehouse team has been standing by since the 8 May. Escalating to my manager if not resolved.
3580,135194,1997-12-14,account manager note,late_delivery,1,"Our shipment of anodized copper pipe (1200 units) was promised for the 4 December and still has not turned up. This is the last chance, after this we are going elsewhere. Need an answer by end of day."
3581,56858,1998-03-18,portal,late_delivery,1,"Good morning. We planned a production run around the medium plated fasteners on PO 11316 arriving on the 11 March. Nothing has arrived and the line is idle. This is the last chance, after this we are going elsewhere. Escalating to my manager if not resolved."
3582,114868,1997-05-07,phone transcript,praise,0,"Hello, just wanted to say the small polished rods arrived early and in perfect condition. Great job."
3583,9772,1997-01-17,chat,billing,0,"Hi Marco, we were invoiced twice for the same batch of polished steel brackets (40 units). Escalating to my manager if not resolved."
3584,135355,1997-11-29,portal,late_delivery,1,"Following up: We planned a production run around the promo tin cans arriving on the 14 November. Nothing has arrived and the line is idle. This is the last chance, after this we are going elsewhere."
3585,116674,1998-03-07,account manager note,quality,0,"Hi team, two of our customers returned products built with your plated nickel bolts on PO 59858 because of early failure. Regards, procurement."
3586,141625,1998-04-12,chat,praise,0,"Hi Rahul, your account team sorted our small polished rods (PO 34276, 500 units) issue in a single call, really appreciated. Reference attached."
3587,56444,1998-07-07,chat,wrong_item,0,"Hi team, this is not what we asked for. The large copper coils on the invoice do not match what is on the pallet. Escalating to my manager if not resolved."
3588,139687,1998-04-29,account manager note,praise,0,"Hi support, consistently good quality on the brushed aluminium panels (40 units), our QA has not flagged anything in months."
3589,113972,1998-01-12,email,wrong_item,1,"Your warehouse picked the wrong SKU again, these are not brass fittings. We are reviewing whether to renew the contract at the end of the quarter."
3590,137045,1997-10-11,portal,late_delivery,0,Urgent: The promo tin cans on PO 37760 consignment slipped again. That is the second slip this quarter. Need an answer by end of day.
3591,65413,1998-06-30,chat,damaged,0,"Hi team, opened the delivery of economy brass valves this morning and a good third of them are cracked. Regards, procurement."
3592,11009,1997-11-10,chat,late_delivery,0,Urgent: Still no sign of the brushed aluminium panels (250 units). Our warehouse team has been standing by since the 31 October. Please call me back today.
3593,149720,1998-02-01,chat,damaged,0,"Following up: Half the large copper coils (PO 73855, 75 units) came out of the crate bent and scratched."
3594,92038,1998-05-28,account manager note,billing,1,"We were invoiced twice for the same batch of plated nickel bolts (PO 64967, 1200 units). If this happens again we will move our business to another supplier. Regards, procurement."
3595,90029,1997-06-16,phone transcript,quality,0,"The latest batch of brushed aluminium panels (PO 27431, 800 units) does not meet the tolerance in our spec, the threads are off. Reference attached."
3596,98140,1997-02-26,account manager note,late_delivery,0,To whom it may concern: Still no sign of the plated nickel bolts (250 units). Our warehouse team has been standing by since the 11 February.
3597,147158,1998-05-24,portal,praise,0,"Just wanted to say the brushed aluminium panels (PO 34560, 120 units) arrived early and in perfect condition. Great job. Please call me back today."
3598,119642,1997-01-23,portal,billing,0,"Our finance team cannot reconcile your invoice, the quantities of brushed aluminium panels are off."
3599,71035,1997-08-10,account manager note,late_delivery,0,"Hello, can someone tell me where order for anodized copper pipe (200 units) is? It was meant to be here days ago. Escalating to my manager if not resolved."
3600,115687,1998-07-13,phone transcript,damaged,1,Received the brushed aluminium panels but the packaging was soaked through and the metal has started to rust. Honestly I am not sure we can keep working with you.
3601,55216,1997-10-20,chat,wrong_item,0,Following up: Got 200 units of the wrong finish instead of the economy brass valves (500 units) we specified. Please call me back today.
3602,85522,1998-01-31,email,late_delivery,0,"Hi Marco, third week waiting on the large copper coils. The tracking page has said 'in transit' since the 23 January. Escalating to my manager if not resolved."
3603,115690,1998-04-24,phone transcript,late_delivery,0,Good morning. We planned a production run around the standard steel flanges on PO 41526 arriving on the 12 April. Nothing has arrived and the line is idle. Escalating to my manager if not resolved.
3604,46939,1998-02-22,account manager note,wrong_item,0,The box is labelled burnished tin sheets on PO 96368 but inside are parts in the wrong size. Escalating to my manager if not resolved.
3605,85042,1998-03-05,account manager note,wrong_item,0,"Good morning. We ordered brass fittings (PO 67421, 800 units) and received something completely different."
3606,29698,1997-10-31,phone transcript,billing,0,"Hi Anna, please explain the extra surcharge on our last statement for the economy brass valves. Thanks."
3607,133433,1997-05-16,account manager note,late_delivery,0,"Hello, your carrier keeps rescheduling. We were told the 27 April, then Friday, now 'next week' for the polished steel brackets (75 units). Escalating to my manager if not resolved."
3608,108733,1997-04-21,account manager note,damaged,0,Opened the delivery of medium plated fasteners (800 units) this morning and a good third of them are cracked. Reference attached.
3609,94712,1997-12-09,account manager note,late_delivery,1,"Good morning. Your carrier keeps rescheduling. We were told the 2 December, then Friday, now 'next week' for the brushed aluminium panels. Our procurement team has asked me to find an alternative vendor. Reference attached."
3610,26477,1997-07-20,chat,billing,1,"Hello, we were invoiced twice for the same batch of brushed aluminium panels. Our procurement team has asked me to find an alternative vendor."
3611,127373,1997-05-27,portal,late_delivery,0,Urgent: Can someone tell me where order for polished steel brackets (40 units) is? It was meant to be here days ago. Reference attached.
3612,68849,1997-08-10,chat,damaged,0,"Pallet of anodized copper pipe on PO 40000 arrived with the wrapping torn open and several pieces dented. Regards, procurement."
3613,86560,1998-01-02,account manager note,wrong_item,0,"Good morning. Your warehouse picked the wrong SKU again, these are not promo tin cans on PO 78730. Escalating to my manager if not resolved."
3614,117602,1998-06-07,account manager note,praise,0,"Following up: Your account team sorted our plated nickel bolts (800 units) issue in a single call, really appreciated. Please call me back today."
3615,109229,1998-06-22,portal,praise,0,"Thanks for the quick turnaround on the plated nickel bolts (40 units), it saved our production week. Escalating to my manager if not resolved."
3616,63575,1998-03-12,email,account,0,Urgent: Please add my colleague as a second contact on our account. Need an answer by end of day.
3617,24130,1998-06-27,email,late_delivery,0,"Hi team, we planned a production run around the medium plated fasteners (120 units) arriving on the 17 June. Nothing has arrived and the line is idle."
3618,73109,1997-02-08,email,late_delivery,0,"Your carrier keeps rescheduling. We were told the 20 January, then Friday, now 'next week' for the anodized copper pipe. Regards, procurement."
3619,97463,1997-04-21,email,damaged,0,"Hello, half the small polished rods (PO 31649, 500 units) came out of the crate bent and scratched. Escalating to my manager if not resolved."
3620,62872,1997-02-17,portal,billing,0,The price on the invoice for burnished tin sheets is higher than the price we agreed in the contract. Escalating to my manager if not resolved.
3621,126119,1997-09-20,portal,wrong_item,1,"Hello, we ordered large copper coils (800 units) and received something completely different. Frankly we are already talking to your competitors. Reference attached."
3622,71156,1997-12-31,portal,late_delivery,0,"Hi Rahul, still no sign of the large copper coils (120 units). Our warehouse team has been standing by since the 18 December. Thanks."
3623,70055,1997-05-20,email,late_delivery,0,"To whom it may concern: Your carrier keeps rescheduling. We were told the 12 May, then Friday, now 'next week' for the medium plated fasteners."
3624,99346,1997-12-04,phone transcript,late_delivery,0,Can someone tell me where order for standard steel flanges is? It was meant to be here days ago. Need an answer by end of day.
3625,41239,1998-04-26,account manager note,quality,0,"The latest batch of brushed aluminium panels on PO 19096 does not meet the tolerance in our spec, the threads are off. Thanks."
3626,3818,1997-11-21,portal,praise,0,"Good morning. Consistently good quality on the promo tin cans (PO 84958, 200 units), our QA has not flagged anything in months."
3627,18598,1998-07-23,chat,praise,0,"Hi Anna, your account team sorted our medium plated fasteners (1200 units) issue in a single call, really appreciated. Please call me back today."
3628,113954,1997-11-10,account manager note,late_delivery,0,"Hello, still no sign of the anodized copper pipe. Our warehouse team has been standing by since the 2 November."
3629,58904,1997-11-11,phone transcript,account,0,"To whom it may concern: I cannot log into the ordering portal, the password reset email never arrives. Need an answer by end of day."
3630,140924,1997-07-13,portal,damaged,0,Half the promo tin cans (40 units) came out of the crate bent and scratched.
3631,7949,1997-02-26,phone transcript,late_delivery,0,The brushed aluminium panels consignment slipped again. That is the second slip this quarter.
3632,148180,1997-03-14,chat,wrong_item,0,"Good morning. Your warehouse picked the wrong SKU again, these are not standard steel flanges. Escalating to my manager if not resolved."
3633,10153,1997-05-05,portal,quality,0,"Hi Marco, the latest batch of standard steel flanges does not meet the tolerance in our spec, the threads are off. Reference attached."
3634,62771,1997-07-21,portal,wrong_item,0,"To whom it may concern: The box is labelled polished steel brackets (PO 41276, 40 units) but inside are parts in the wrong size. Reference attached."
3635,99326,1997-03-04,account manager note,quality,0,Compared with last year the small polished rods (120 units) feel cheaper and wear out much faster. Need an answer by end of day.
3636,71395,1997-09-18,phone transcript,damaged,1,"Hi team, half the economy brass valves on PO 46444 came out of the crate bent and scratched. If this happens again we will move our business to another supplier."
3637,142132,1998-06-07,portal,late_delivery,1,"Following up: The plated nickel bolts (PO 12259, 75 units) consignment slipped again. That is the second slip this quarter. Frankly we are already talking to your competitors. Please call me back today."
3638,96752,1998-03-14,account manager note,late_delivery,0,Good morning. Our shipment of anodized copper pipe was promised for the 8 March and still has not turned up.
3639,42646,1998-03-08,phone transcript,billing,0,We were invoiced twice for the same batch of economy brass valves.
3640,59060,1997-09-02,email,wrong_item,1,"Urgent: This is not what we asked for. The promo tin cans on the invoice do not match what is on the pallet. This is the last chance, after this we are going elsewhere. Thanks."
3641,28744,1997-12-22,chat,account,0,Could you send us a copy of last year's statements for our auditors? Escalating to my manager if not resolved.
3642,29326,1997-08-17,chat,account,0,Following up: Could you send us a copy of last year's statements for our auditors? Reference attached.
3643,118901,1998-06-03,email,late_delivery,1,Good morning. The brushed aluminium panels (75 units) consignment slipped again. That is the second slip this quarter. Our procurement team has asked me to find an alternative vendor. Need an answer by end of day.
3644,28645,1998-04-05,chat,late_delivery,0,Our shipment of burnished tin sheets was promised for the 20 March and still has not turned up. Thanks.
3645,109682,1997-07-08,chat,wrong_item,0,Got 200 units of the wrong finish instead of the standard steel flanges on PO 20356 we specified. Escalating to my manager if not resolved.
3646,22268,1997-01-01,chat,billing,1,Urgent: We still have not received the credit note you promised for the economy brass valves. We are reviewing whether to renew the contract at the end of the quarter. Thanks.
3647,33410,1997-05-13,phone transcript,late_delivery,0,"Urgent: We planned a production run around the polished steel brackets arriving on the 3 May. Nothing has arrived and the line is idle. Regards, procurement."
3648,105982,1997-07-22,email,late_delivery,0,"Good morning. The small polished rods (PO 24795, 200 units) consignment slipped again. That is the second slip this quarter."
3649,74708,1997-11-24,chat,billing,0,"Good morning. Please explain the extra surcharge on our last statement for the medium plated fasteners (PO 38566, 800 units). Please call me back today."
3650,66575,1997-06-06,phone transcript,praise,0,"Consistently good quality on the brushed aluminium panels (200 units), our QA has not flagged anything in months. Escalating to my manager if not resolved."
3651,115996,1997-02-10,chat,billing,0,Good morning. We were invoiced twice for the same batch of large copper coils on PO 40475. Please call me back today.
3652,118468,1997-10-23,email,praise,0,"Urgent: Just wanted to say the brass fittings (PO 28046, 200 units) arrived early and in perfect condition. Great job."
3653,27653,1997-08-20,account manager note,late_delivery,0,Following up: Can someone tell me where order for plated nickel bolts is? It was meant to be here days ago. Reference attached.
3654,72427,1997-03-09,chat,billing,1,We were invoiced twice for the same batch of large copper coils (40 units). If this happens again we will move our business to another supplier. Please call me back today.
3655,128981,1997-09-19,portal,billing,0,"Hi team, please explain the extra surcharge on our last statement for the brass fittings."
3656,142957,1997-09-13,portal,damaged,0,"To whom it may concern: Half the medium plated fasteners (PO 47879, 800 units) came out of the crate bent and scratched. Need an answer by end of day."
3657,3916,1998-02-11,chat,late_delivery,1,"Following up: Your carrier keeps rescheduling. We were told the 5 February, then Friday, now 'next week' for the brushed aluminium panels on PO 50575. Our procurement team has asked me to find an alternative vendor."
3658,35551,1997-08-17,account manager note,praise,0,"Hi Tom, thanks for the quick turnaround on the large copper coils, it saved our production week. Thanks."
3659,93085,1997-05-02,account manager note,damaged,0,Following up: Several of the economy brass valves on PO 69974 were snapped in two when we unpacked them. Thanks.
3660,40516,1997-10-31,email,account,0,Following up: Could you send us a copy of last year's statements for our auditors? Escalating to my manager if not resolved.
3661,58715,1998-04-19,chat,late_delivery,0,"Hi team, your carrier keeps rescheduling. We were told the 9 April, then Friday, now 'next week' for the brushed aluminium panels. Regards, procurement."
3662,140566,1998-04-24,phone transcript,late_delivery,0,Following up: Still no sign of the plated nickel bolts. Our warehouse team has been standing by since the 11 April. Escalating to my manager if not resolved.
3663,115033,1998-02-17,chat,damaged,1,Following up: Pallet of brass fittings (120 units) arrived with the wrapping torn open and several pieces dented. If this happens again we will move our business to another supplier. Reference attached.
3664,123389,1998-06-05,chat,billing,0,"Hi team, please explain the extra surcharge on our last statement for the large copper coils. Regards, procurement."
3665,58943,1997-02-02,phone transcript,late_delivery,0,Third week waiting on the standard steel flanges on PO 98120. The tracking page has said 'in transit' since the 24 January.
3666,41512,1997-03-22,phone transcript,damaged,0,"Received the promo tin cans (PO 69523, 250 units) but the packaging was soaked through and the metal has started to rust."
3667,129373,1997-11-20,account manager note,billing,0,"Hello, please explain the extra surcharge on our last statement for the promo tin cans (PO 43567, 200 units). Need an answer by end of day."
3668,146002,1997-07-02,phone transcript,account,0,"Urgent: I cannot log into the ordering portal, the password reset email never arrives. Regards, procurement."
3669,41602,1998-02-12,email,praise,0,"Just wanted to say the economy brass valves (PO 18260, 40 units) arrived early and in perfect condition. Great job. Need an answer by end of day."
3670,89195,1997-03-22,portal,wrong_item,0,"Hi team, the box is labelled large copper coils on PO 29641 but inside are parts in the wrong size. Thanks."
3671,95477,1998-01-30,phone transcript,account,0,"Good morning. We have moved office, please update the delivery address on our account. Need an answer by end of day."
3672,6163,1997-07-07,portal,damaged,0,"The burnished tin sheets were crushed in transit, the box looked like it had been dropped from a height. Thanks."
3673,3869,1997-08-27,portal,damaged,0,"Hi Marco, half the large copper coils (PO 76711, 250 units) came out of the crate bent and scratched. Need an answer by end of day."
3674,53546,1997-11-21,account manager note,praise,0,"Consistently good quality on the medium plated fasteners, our QA has not flagged anything in months. Escalating to my manager if not resolved."
3675,132940,1998-05-07,email,billing,1,Good morning. Please explain the extra surcharge on our last statement for the standard steel flanges on PO 37258. We are reviewing whether to renew the contract at the end of the quarter. Thanks.
3676,10297,1997-11-20,account manager note,quality,0,Our QA rejected the burnished tin sheets (40 units). Finish is uneven and some pieces fail the stress test.
3677,132940,1997-06-07,email,account,0,Please add my colleague as a second contact on our account.
3678,55384,1998-03-16,portal,praise,0,"Your account team sorted our plated nickel bolts issue in a single call, really appreciated."
3679,31385,1997-06-05,email,billing,0,To whom it may concern: The price on the invoice for medium plated fasteners is higher than the price we agreed in the contract. Escalating to my manager if not resolved.
3680,134306,1997-06-22,portal,account,0,"Urgent: I cannot log into the ordering portal, the password reset email never arrives. Regards, procurement."
3681,95639,1997-06-24,email,account,0,"Following up: We have moved office, please update the delivery address on our account. Thanks."
3682,43928,1997-06-02,chat,wrong_item,1,"The box is labelled burnished tin sheets but inside are parts in the wrong size. We are reviewing whether to renew the contract at the end of the quarter. Regards, procurement."
3683,23609,1997-05-21,account manager note,praise,0,Just wanted to say the small polished rods (500 units) arrived early and in perfect condition. Great job. Escalating to my manager if not resolved.
3684,104905,1998-06-29,portal,billing,0,Urgent: Please explain the extra surcharge on our last statement for the medium plated fasteners on PO 20160. Please call me back today.
3685,133570,1998-05-15,portal,damaged,0,Good morning. Pallet of brass fittings arrived with the wrapping torn open and several pieces dented. Please call me back today.
3686,136702,1998-03-20,account manager note,late_delivery,1,"Urgent: Third week waiting on the burnished tin sheets (PO 61477, 200 units). The tracking page has said 'in transit' since the 7 March. We are reviewing whether to renew the contract at the end of the quarter. Reference attached."
3687,81838,1998-07-09,portal,account,0,Could you send us a copy of last year's statements for our auditors?
3688,1886,1997-03-21,portal,damaged,1,"Good morning. Opened the delivery of brass fittings (1200 units) this morning and a good third of them are cracked. We are reviewing whether to renew the contract at the end of the quarter. Regards, procurement."
3689,126569,1997-10-03,phone transcript,damaged,0,To whom it may concern: Received the medium plated fasteners on PO 46406 but the packaging was soaked through and the metal has started to rust.
3690,2051,1997-09-28,portal,account,0,"Following up: We have moved office, please update the delivery address on our account."
3691,112631,1997-11-04,email,late_delivery,1,"Good morning. The burnished tin sheets (PO 26372, 1200 units) consignment slipped again. That is the second slip this quarter. This is the last chance, after this we are going elsewhere. Need an answer by end of day."
3692,131657,1998-06-16,email,damaged,0,"Hi support, several of the medium plated fasteners were snapped in two when we unpacked them."
3693,90572,1998-06-11,phone transcript,billing,1,"Hi team, the price on the invoice for anodized copper pipe is higher than the price we agreed in the contract. Honestly I am not sure we can keep working with you. Need an answer by end of day."
3694,11636,1997-03-25,portal,wrong_item,1,"Hi team, the box is labelled burnished tin sheets but inside are parts in the wrong size. If this happens again we will move our business to another supplier. Please call me back today."
3695,41461,1998-04-20,phone transcript,praise,0,"Good morning. Your account team sorted our promo tin cans on PO 53641 issue in a single call, really appreciated. Regards, procurement."
3696,91006,1997-01-05,email,late_delivery,0,"Third week waiting on the medium plated fasteners (PO 94126, 1200 units). The tracking page has said 'in transit' since the 18 December."
3697,22090,1998-07-10,portal,praise,0,"Your account team sorted our brushed aluminium panels issue in a single call, really appreciated."
3698,28831,1998-06-07,phone transcript,late_delivery,0,"Following up: The economy brass valves (PO 12822, 40 units) consignment slipped again. That is the second slip this quarter."
3699,82861,1997-03-05,chat,account,0,"Following up: We have moved office, please update the delivery address on our account."
3700,87874,1998-06-03,phone transcript,billing,0,"Hello, we still have not received the credit note you promised for the plated nickel bolts on PO 45267. Thanks."
3701,87440,1997-07-08,email,account,0,"To whom it may concern: I cannot log into the ordering portal, the password reset email never arrives. Escalating to my manager if not resolved."
3702,34294,1997-03-27,portal,billing,0,"Hello, our finance team cannot reconcile your invoice, the quantities of small polished rods are off. Please call me back today."
3703,71327,1997-01-12,portal,late_delivery,0,Urgent: Can someone tell me where order for brushed aluminium panels is? It was meant to be here days ago.
3704,30062,1997-02-27,chat,billing,0,Good morning. We were invoiced twice for the same batch of economy brass valves. Reference attached.
3705,31454,1998-01-31,phone transcript,late_delivery,0,Following up: Third week waiting on the brushed aluminium panels on PO 25413. The tracking page has said 'in transit' since the 16 January. Thanks.
3706,71750,1997-08-12,phone transcript,late_delivery,1,"Our shipment of standard steel flanges (40 units) was promised for the 6 August and still has not turned up. Our procurement team has asked me to find an alternative vendor. Regards, procurement."
3707,118000,1998-01-29,chat,late_delivery,0,"Urgent: Your carrier keeps rescheduling. We were told the 11 January, then Friday, now 'next week' for the brushed aluminium panels (500 units). Reference attached."
3708,107768,1997-10-19,chat,late_delivery,0,"Hello, we planned a production run around the burnished tin sheets (PO 94077, 40 units) arriving on the 8 October. Nothing has arrived and the line is idle. Regards, procurement."
3709,56609,1998-06-22,portal,damaged,0,Received the brass fittings on PO 14385 but the packaging was soaked through and the metal has started to rust.
3710,117167,1997-07-15,phone transcript,account,1,"Hi team, we have moved office, please update the delivery address on our account. Honestly I am not sure we can keep working with you. Regards, procurement."
3711,96869,1997-01-28,email,late_delivery,0,"Urgent: Our shipment of medium plated fasteners (PO 12697, 250 units) was promised for the 13 January and still has not turned up."
3712,51302,1997-11-30,chat,late_delivery,1,"Hi Marco, third week waiting on the promo tin cans. The tracking page has said 'in transit' since the 12 November. We are reviewing whether to renew the contract at the end of the quarter. Reference attached."
3713,107564,1998-06-22,chat,late_delivery,0,"Good morning. We planned a production run around the brushed aluminium panels (PO 53550, 800 units) arriving on the 5 June. Nothing has arrived and the line is idle."
3714,5998,1997-05-08,account manager note,billing,0,"Hello, we were invoiced twice for the same batch of brass fittings (PO 92205, 800 units)."
3715,130871,1998-06-22,portal,billing,0,"Hello, please explain the extra surcharge on our last statement for the polished steel brackets (PO 26853, 800 units)."
3716,137045,1998-04-20,account manager note,quality,0,Urgent: Two of our customers returned products built with your economy brass valves because of early failure. Need an answer by end of day.
3717,74777,1997-01-20,chat,wrong_item,1,Following up: This is not what we asked for. The brass fittings (120 units) on the invoice do not match what is on the pallet. We are reviewing whether to renew the contract at the end of the quarter. Need an answer by end of day.
3718,69373,1998-03-28,email,damaged,0,"Hi Tom, the promo tin cans (75 units) were crushed in transit, the box looked like it had been dropped from a height."
3719,144614,1997-01-22,chat,quality,0,"Hi support, compared with last year the brushed aluminium panels (250 units) feel cheaper and wear out much faster. Thanks."
3720,47641,1997-08-11,email,wrong_item,0,"Hi Mei, got 200 units of the wrong finish instead of the promo tin cans we specified. Need an answer by end of day."
3721,112312,1997-09-04,phone transcript,account,0,"Following up: We have moved office, please update the delivery address on our account."
3722,149113,1997-03-01,portal,damaged,0,"Hello, half the standard steel flanges (PO 67089, 200 units) came out of the crate bent and scratched."
3723,55216,1998-04-16,portal,account,0,"Hello, could you send us a copy of last year's statements for our auditors?"
3724,1427,1997-12-18,email,praise,0,"Hi team, just wanted to say the brushed aluminium panels on PO 36740 arrived early and in perfect condition. Great job. Need an answer by end of day."
3725,78643,1998-07-19,account manager note,quality,1,"Hi team, the latest batch of anodized copper pipe does not meet the tolerance in our spec, the threads are off. Honestly I am not sure we can keep working with you. Regards, procurement."
3726,108716,1997-01-18,portal,quality,0,"Hello, the latest batch of standard steel flanges does not meet the tolerance in our spec, the threads are off. Regards, procurement."
3727,41939,1998-07-23,chat,account,0,Please add my colleague as a second contact on our account. Please call me back today.
3728,113782,1998-01-08,chat,damaged,0,"Hi Anna, several of the large copper coils (PO 59572, 75 units) were snapped in two when we unpacked them. Regards, procurement."
3729,96385,1998-06-10,email,quality,1,"Urgent: The latest batch of brass fittings (PO 22537, 40 units) does not meet the tolerance in our spec, the threads are off. We are reviewing whether to renew the contract at the end of the quarter."
3730,99346,1998-07-12,phone transcript,late_delivery,0,Can someone tell me where order for large copper coils is? It was meant to be here days ago. Need an answer by end of day.
3731,35740,1998-03-24,email,praise,0,"To whom it may concern: Thanks for the quick turnaround on the small polished rods (PO 29731, 800 units), it saved our production week."
3732,72098,1998-01-11,email,late_delivery,0,"Following up: Can someone tell me where order for small polished rods (PO 26009, 250 units) is? It was meant to be here days ago. Please call me back today."
3733,93217,1997-07-09,email,account,0,"Following up: We have moved office, please update the delivery address on our account. Regards, procurement."
3734,55658,1998-04-08,email,praise,0,"Your account team sorted our medium plated fasteners issue in a single call, really appreciated."
3735,30076,1998-04-28,email,wrong_item,1,Got 200 units of the wrong finish instead of the economy brass valves (120 units) we specified. If this happens again we will move our business to another supplier.
3736,104990,1997-09-26,phone transcript,account,0,"Hi team, could you send us a copy of last year's statements for our auditors? Thanks."
3737,47884,1997-07-25,chat,late_delivery,0,"Following up: Third week waiting on the large copper coils on PO 37598. The tracking page has said 'in transit' since the 8 July. Regards, procurement."
3738,124025,1997-12-15,account manager note,late_delivery,0,Urgent: Can someone tell me where order for burnished tin sheets is? It was meant to be here days ago. Thanks.
3739,77450,1997-08-07,phone transcript,damaged,0,Opened the delivery of promo tin cans (120 units) this morning and a good third of them are cracked. Please call me back today.
3740,38011,1997-09-23,portal,quality,0,"Hi Priya, compared with last year the standard steel flanges (75 units) feel cheaper and wear out much faster."
3741,81367,1997-09-30,phone transcript,late_delivery,0,Following up: The medium plated fasteners (250 units) consignment slipped again. That is the second slip this quarter. Thanks.
3742,125738,1997-03-24,email,account,0,To whom it may concern: Please add my colleague as a second contact on our account. Thanks.
3743,84560,1997-03-29,phone transcript,late_delivery,1,"Hi Rahul, your carrier keeps rescheduling. We were told the 14 March, then Friday, now 'next week' for the plated nickel bolts. Frankly we are already talking to your competitors. Regards, procurement."
3744,57080,1997-05-31,email,damaged,0,Following up: Half the brushed aluminium panels on PO 37262 came out of the crate bent and scratched. Escalating to my manager if not resolved.
3745,90089,1998-04-17,portal,account,0,"Hello, we have moved office, please update the delivery address on our account."
3746,31721,1997-03-31,chat,billing,0,"Hi team, we still have not received the credit note you promised for the medium plated fasteners on PO 81959. Reference attached."
3747,104701,1998-06-29,account manager note,wrong_item,1,To whom it may concern: Got 200 units of the wrong finish instead of the medium plated fasteners (500 units) we specified. If this happens again we will move our business to another supplier.
3748,132488,1997-12-08,email,account,0,Following up: Please add my colleague as a second contact on our account. Please call me back today.
3749,18575,1997-11-09,account manager note,account,0,"We have moved office, please update the delivery address on our account."
3750,100282,1997-09-07,chat,quality,1,"Good morning. The latest batch of large copper coils (500 units) does not meet the tolerance in our spec, the threads are off. Frankly we are already talking to your competitors. Please call me back today."
3751,136294,1997-04-13,portal,damaged,0,"To whom it may concern: Half the burnished tin sheets came out of the crate bent and scratched. Regards, procurement."
3752,147586,1997-07-09,chat,billing,0,"Our finance team cannot reconcile your invoice, the quantities of anodized copper pipe are off. Escalating to my manager if not resolved."
3753,127858,1998-07-15,portal,late_delivery,0,"Hi account team, we planned a production run around the anodized copper pipe on PO 59564 arriving on the 11 July. Nothing has arrived and the line is idle."
3754,49520,1997-10-28,email,damaged,1,"To whom it may concern: Several of the promo tin cans (PO 57886, 120 units) were snapped in two when we unpacked them. Frankly we are already talking to your competitors. Reference attached."
3755,78235,1997-12-13,phone transcript,late_delivery,0,Good morning. Can someone tell me where order for burnished tin sheets (200 units) is? It was meant to be here days ago. Thanks.
3756,129443,1997-03-30,portal,late_delivery,0,The plated nickel bolts on PO 34048 consignment slipped again. That is the second slip this quarter. Reference attached.
3757,40405,1997-12-22,account manager note,late_delivery,0,Still no sign of the brushed aluminium panels (200 units). Our warehouse team has been standing by since the 2 December. Reference attached.
3758,52246,1997-10-19,chat,praise,0,"Hello, just wanted to say the brushed aluminium panels arrived early and in perfect condition. Great job. Need an answer by end of day."
3759,90305,1998-06-29,phone transcript,late_delivery,0,Urgent: Our shipment of medium plated fasteners on PO 60874 was promised for the 26 June and still has not turned up. Reference attached.
3760,61226,1997-07-20,account manager note,account,0,"Hello, I cannot log into the ordering portal, the password reset email never arrives."
3761,1222,1997-06-15,account manager note,late_delivery,0,Our shipment of standard steel flanges (120 units) was promised for the 7 June and still has not turned up. Need an answer by end of day.
3762,44738,1997-08-21,phone transcript,billing,0,"Urgent: We were invoiced twice for the same batch of promo tin cans (PO 83524, 1200 units)."
3763,91559,1998-04-03,email,billing,1,"Our finance team cannot reconcile your invoice, the quantities of large copper coils (40 units) are off. Honestly I am not sure we can keep working with you. Escalating to my manager if not resolved."
3764,73913,1998-02-15,email,damaged,0,Opened the delivery of promo tin cans on PO 27537 this morning and a good third of them are cracked. Thanks.
3765,48752,1998-05-05,chat,damaged,0,Good morning. Several of the economy brass valves were snapped in two when we unpacked them. Reference attached.
3766,98324,1998-04-24,account manager note,damaged,0,"The economy brass valves (PO 46459, 1200 units) were crushed in transit, the box looked like it had been dropped from a height. Need an answer by end of day."
3767,26210,1998-03-06,chat,billing,0,"Good morning. Our finance team cannot reconcile your invoice, the quantities of burnished tin sheets (PO 59533, 75 units) are off."
3768,65017,1998-01-16,phone transcript,damaged,0,Received the anodized copper pipe (75 units) but the packaging was soaked through and the metal has started to rust. Please call me back today.
3769,70238,1997-07-28,chat,quality,0,"The latest batch of anodized copper pipe (75 units) does not meet the tolerance in our spec, the threads are off. Regards, procurement."
3770,146827,1997-03-11,email,billing,0,We were invoiced twice for the same batch of plated nickel bolts. Need an answer by end of day.
3771,13262,1998-05-02,chat,account,0,Good morning. Please add my colleague as a second contact on our account.
3772,50614,1998-05-05,account manager note,late_delivery,0,Can someone tell me where order for small polished rods is? It was meant to be here days ago. Reference attached.
3773,104461,1997-06-17,account manager note,quality,0,"Good morning. The latest batch of brushed aluminium panels (120 units) does not meet the tolerance in our spec, the threads are off."
3774,133372,1997-05-15,account manager note,wrong_item,0,"Following up: The box is labelled brass fittings (PO 84935, 120 units) but inside are parts in the wrong size. Escalating to my manager if not resolved."
3775,84457,1997-09-04,account manager note,account,0,"Hello, could you send us a copy of last year's statements for our auditors?"
3776,144752,1998-05-29,phone transcript,quality,1,Two of our customers returned products built with your brass fittings because of early failure. Honestly I am not sure we can keep working with you. Please call me back today.
3777,112667,1997-10-31,chat,billing,0,Please explain the extra surcharge on our last statement for the polished steel brackets (1200 units). Reference attached.
3778,140597,1997-01-19,email,late_delivery,1,Urgent: Our shipment of economy brass valves was promised for the 16 January and still has not turned up. Honestly I am not sure we can keep working with you. Please call me back today.
3779,41461,1998-05-09,email,wrong_item,1,"Good morning. This is not what we asked for. The small polished rods on PO 92033 on the invoice do not match what is on the pallet. This is the last chance, after this we are going elsewhere. Please call me back today."
3780,10966,1998-07-15,portal,late_delivery,0,"To whom it may concern: Still no sign of the polished steel brackets (PO 36843, 40 units). Our warehouse team has been standing by since the 7 July. Please call me back today."
3781,140566,1997-09-23,chat,late_delivery,0,The anodized copper pipe (75 units) consignment slipped again. That is the second slip this quarter.
3782,103597,1997-10-05,email,billing,0,"Hello, the price on the invoice for large copper coils is higher than the price we agreed in the contract. Need an answer by end of day."
3783,21152,1998-04-01,phone transcript,billing,1,"Hi Anna, the price on the invoice for polished steel brackets is higher than the price we agreed in the contract. Frankly we are already talking to your competitors. Escalating to my manager if not resolved."
3784,66650,1998-01-01,portal,damaged,0,"Hi team, half the plated nickel bolts (1200 units) came out of the crate bent and scratched. Escalating to my manager if not resolved."
3785,137537,1997-12-18,portal,account,0,"Hello, could you send us a copy of last year's statements for our auditors? Reference attached."
3786,113957,1998-03-25,account manager note,praise,0,Just wanted to say the plated nickel bolts arrived early and in perfect condition. Great job. Escalating to my manager if not resolved.
3787,131476,1998-01-08,portal,wrong_item,0,Got 200 units of the wrong finish instead of the large copper coils (1200 units) we specified. Reference attached.
3788,27461,1997-02-08,chat,wrong_item,0,Got 200 units of the wrong finish instead of the anodized copper pipe we specified. Escalating to my manager if not resolved.
3789,62392,1998-06-22,portal,late_delivery,1,"Hi support, we planned a production run around the polished steel brackets arriving on the 2 June. Nothing has arrived and the line is idle. This is the last chance, after this we are going elsewhere. Reference attached."
3790,73861,1997-12-02,phone transcript,quality,0,"Following up: The latest batch of economy brass valves does not meet the tolerance in our spec, the threads are off."
3791,77882,1997-12-07,phone transcript,billing,1,"Good morning. The price on the invoice for small polished rods (PO 70243, 1200 units) is higher than the price we agreed in the contract. Our procurement team has asked me to find an alternative vendor. Escalating to my manager if not resolved."
3792,29243,1998-06-05,phone transcript,quality,0,"Hi account team, two of our customers returned products built with your promo tin cans because of early failure."
3793,31565,1997-05-19,phone transcript,account,0,"Hello, could you send us a copy of last year's statements for our auditors? Escalating to my manager if not resolved."
3794,28661,1997-01-19,portal,quality,1,"Hello, our QA rejected the burnished tin sheets on PO 17179. Finish is uneven and some pieces fail the stress test. If this happens again we will move our business to another supplier. Regards, procurement."
3795,27895,1998-01-14,chat,account,0,"Urgent: We have moved office, please update the delivery address on our account. Escalating to my manager if not resolved."
3796,123988,1998-05-08,account manager note,late_delivery,0,"Hello, third week waiting on the large copper coils. The tracking page has said 'in transit' since the 2 May. Thanks."
3797,61658,1998-03-01,chat,praise,0,Just wanted to say the burnished tin sheets arrived early and in perfect condition. Great job. Escalating to my manager if not resolved.
3798,76940,1998-02-21,account manager note,account,0,Could you send us a copy of last year's statements for our auditors? Reference attached.
3799,45985,1997-06-29,portal,quality,0,"The latest batch of brushed aluminium panels (1200 units) does not meet the tolerance in our spec, the threads are off. Reference attached."
3800,63278,1997-06-15,email,late_delivery,0,"To whom it may concern: Our shipment of medium plated fasteners (PO 73543, 120 units) was promised for the 1 June and still has not turned up. Please call me back today."
3801,115127,1997-09-30,portal,praise,0,"Hi Anna, your account team sorted our burnished tin sheets (75 units) issue in a single call, really appreciated. Reference attached."
3802,75088,1998-04-23,email,wrong_item,0,The box is labelled polished steel brackets on PO 63397 but inside are parts in the wrong size. Reference attached.
3803,130418,1998-07-06,account manager note,billing,0,Urgent: We were invoiced twice for the same batch of burnished tin sheets (800 units). Thanks.
3804,30649,1998-02-03,chat,quality,1,"The latest batch of brass fittings (200 units) does not meet the tolerance in our spec, the threads are off. Our procurement team has asked me to find an alternative vendor. Escalating to my manager if not resolved."
3805,120436,1997-06-10,chat,praise,0,"Good morning. Thanks for the quick turnaround on the small polished rods (PO 72468, 200 units), it saved our production week. Please call me back today."
3806,74239,1997-07-23,account manager note,late_delivery,0,"Following up: Your carrier keeps rescheduling. We were told the 11 July, then Friday, now 'next week' for the burnished tin sheets on PO 31089. Need an answer by end of day."
3807,146291,1998-03-31,account manager note,account,0,"Good morning. We have moved office, please update the delivery address on our account."
3808,22388,1997-09-25,chat,wrong_item,0,"Hello, got 200 units of the wrong finish instead of the anodized copper pipe we specified. Regards, procurement."
3809,42299,1997-07-29,account manager note,late_delivery,1,Following up: The brass fittings on PO 77867 consignment slipped again. That is the second slip this quarter. If this happens again we will move our business to another supplier. Please call me back today.
3810,26783,1998-07-23,chat,late_delivery,1,Third week waiting on the polished steel brackets (800 units). The tracking page has said 'in transit' since the 8 July. Honestly I am not sure we can keep working with you. Reference attached.
3811,66622,1997-11-21,email,late_delivery,0,"Hello, your carrier keeps rescheduling. We were told the 13 November, then Friday, now 'next week' for the economy brass valves. Please call me back today."
3812,40235,1997-04-12,phone transcript,quality,1,Our QA rejected the anodized copper pipe (120 units). Finish is uneven and some pieces fail the stress test. If this happens again we will move our business to another supplier. Please call me back today.
3813,56161,1998-02-11,email,wrong_item,0,"Following up: We ordered medium plated fasteners (PO 96636, 800 units) and received something completely different. Escalating to my manager if not resolved."
3814,26663,1997-08-10,chat,billing,0,Following up: We still have not received the credit note you promised for the standard steel flanges (75 units). Need an answer by end of day.
3815,111817,1998-05-22,phone transcript,quality,1,"Good morning. The latest batch of promo tin cans on PO 82956 does not meet the tolerance in our spec, the threads are off. Honestly I am not sure we can keep working with you. Need an answer by end of day."
3816,121058,1998-06-10,phone transcript,late_delivery,0,To whom it may concern: The brushed aluminium panels consignment slipped again. That is the second slip this quarter. Reference attached.
3817,30842,1998-07-16,portal,praise,0,"Hi team, thanks for the quick turnaround on the standard steel flanges on PO 31573, it saved our production week. Please call me back today."
3818,83152,1997-07-09,chat,praise,0,"Good morning. Consistently good quality on the standard steel flanges, our QA has not flagged anything in months."
3819,83714,1997-09-15,email,late_delivery,0,"Hello, can someone tell me where order for economy brass valves (PO 29465, 1200 units) is? It was meant to be here days ago."
3820,35711,1998-07-11,portal,damaged,1,"Hi account team, received the brass fittings (PO 33726, 800 units) but the packaging was soaked through and the metal has started to rust. Honestly I am not sure we can keep working with you."
3821,6653,1997-04-25,portal,billing,0,"Our finance team cannot reconcile your invoice, the quantities of standard steel flanges (PO 79836, 250 units) are off. Reference attached."
3822,33235,1998-01-06,chat,billing,1,To whom it may concern: We still have not received the credit note you promised for the economy brass valves (40 units). Honestly I am not sure we can keep working with you. Need an answer by end of day.
3823,133972,1997-12-02,account manager note,late_delivery,1,"Hi team, we planned a production run around the small polished rods (PO 27532, 40 units) arriving on the 27 November. Nothing has arrived and the line is idle. Our procurement team has asked me to find an alternative vendor. Need an answer by end of day."
3824,27502,1997-09-06,account manager note,late_delivery,1,"Good morning. Our shipment of large copper coils was promised for the 19 August and still has not turned up. We are reviewing whether to renew the contract at the end of the quarter. Regards, procurement."
3825,20029,1997-07-16,phone transcript,damaged,0,"Received the polished steel brackets (PO 65324, 120 units) but the packaging was soaked through and the metal has started to rust. Regards, procurement."
3826,42358,1998-02-11,chat,wrong_item,0,This is not what we asked for. The polished steel brackets on the invoice do not match what is on the pallet. Reference attached.
3827,133006,1998-05-04,chat,billing,0,"Hi Priya, we still have not received the credit note you promised for the large copper coils on PO 65817."
3828,121150,1997-11-07,email,wrong_item,0,"Got 200 units of the wrong finish instead of the small polished rods (PO 33683, 200 units) we specified. Need an answer by end of day."
3829,135680,1998-06-18,portal,damaged,0,"Urgent: The medium plated fasteners (500 units) were crushed in transit, the box looked like it had been dropped from a height. Thanks."
3830,42430,1998-01-09,account manager note,praise,0,"Hi Marco, your account team sorted our plated nickel bolts issue in a single call, really appreciated."
3831,64987,1998-07-05,email,damaged,1,"Hi team, received the polished steel brackets on PO 58162 but the packaging was soaked through and the metal has started to rust. This is the last chance, after this we are going elsewhere. Reference attached."
3832,86231,1997-10-12,chat,wrong_item,0,"Hi Rahul, your warehouse picked the wrong SKU again, these are not small polished rods (PO 62392, 40 units). Regards, procurement."
3833,85117,1998-06-18,chat,late_delivery,0,The burnished tin sheets consignment slipped again. That is the second slip this quarter. Reference attached.
3834,22982,1998-05-29,email,quality,1,"Hi Mei, compared with last year the medium plated fasteners feel cheaper and wear out much faster. This is the last chance, after this we are going elsewhere. Escalating to my manager if not resolved."
3835,23603,1997-01-22,account manager note,billing,0,The price on the invoice for anodized copper pipe on PO 10015 is higher than the price we agreed in the contract. Thanks.
3836,90620,1998-06-05,email,billing,0,"Good morning. Our finance team cannot reconcile your invoice, the quantities of small polished rods on PO 43662 are off. Escalating to my manager if not resolved."
3837,119671,1997-10-30,phone transcript,late_delivery,0,"Hi team, still no sign of the anodized copper pipe (40 units). Our warehouse team has been standing by since the 24 October. Regards, procurement."
3838,109975,1997-06-10,email,account,0,"Hi Tom, we have moved office, please update the delivery address on our account. Regards, procurement."
3839,49829,1997-02-19,account manager note,praise,0,"Following up: Consistently good quality on the standard steel flanges, our QA has not flagged anything in months. Regards, procurement."
3840,25667,1997-04-30,portal,damaged,0,"Urgent: Half the standard steel flanges (40 units) came out of the crate bent and scratched. Regards, procurement."
3841,27418,1998-05-26,phone transcript,damaged,0,"Good morning. Several of the economy brass valves were snapped in two when we unpacked them. Regards, procurement."
3842,34253,1997-10-14,account manager note,late_delivery,0,"Urgent: Third week waiting on the large copper coils (PO 79239, 800 units). The tracking page has said 'in transit' since the 27 September. Regards, procurement."
3843,76855,1997-02-02,chat,wrong_item,0,"Hi Anna, this is not what we asked for. The anodized copper pipe on PO 91840 on the invoice do not match what is on the pallet."
3844,101617,1997-03-24,phone transcript,quality,1,To whom it may concern: Compared with last year the plated nickel bolts on PO 26932 feel cheaper and wear out much faster. If this happens again we will move our business to another supplier.
3845,148730,1998-05-15,chat,damaged,1,"To whom it may concern: The brass fittings (250 units) were crushed in transit, the box looked like it had been dropped from a height. If this happens again we will move our business to another supplier."
3846,19205,1998-05-03,chat,billing,1,"Hi Priya, please explain the extra surcharge on our last statement for the brass fittings (PO 42360, 75 units). If this happens again we will move our business to another supplier."
3847,86809,1998-04-28,account manager note,wrong_item,0,"Your warehouse picked the wrong SKU again, these are not brushed aluminium panels. Please call me back today."
3848,102347,1998-06-14,account manager note,account,0,Could you send us a copy of last year's statements for our auditors? Escalating to my manager if not resolved.
3849,88628,1997-05-28,phone transcript,wrong_item,0,We ordered promo tin cans and received something completely different. Escalating to my manager if not resolved.
3850,100282,1997-07-12,portal,quality,1,Following up: Our QA rejected the large copper coils on PO 20829. Finish is uneven and some pieces fail the stress test. Our procurement team has asked me to find an alternative vendor.
3851,80471,1998-04-03,portal,quality,0,"Hi team, compared with last year the economy brass valves feel cheaper and wear out much faster. Escalating to my manager if not resolved."
3852,35902,1997-06-09,portal,billing,0,"To whom it may concern: Our finance team cannot reconcile your invoice, the quantities of small polished rods (PO 26711, 120 units) are off. Regards, procurement."
3853,22306,1997-03-15,chat,praise,0,"Following up: Just wanted to say the plated nickel bolts (PO 65579, 250 units) arrived early and in perfect condition. Great job. Reference attached."
3854,40759,1997-06-19,phone transcript,damaged,0,Several of the brass fittings were snapped in two when we unpacked them. Need an answer by end of day.
3855,105953,1998-07-07,chat,quality,0,"The latest batch of brass fittings on PO 43314 does not meet the tolerance in our spec, the threads are off. Escalating to my manager if not resolved."
3856,92188,1998-06-24,account manager note,damaged,1,Good morning. Pallet of economy brass valves (500 units) arrived with the wrapping torn open and several pieces dented. Our procurement team has asked me to find an alternative vendor. Escalating to my manager if not resolved.
3857,82210,1998-03-22,portal,damaged,1,"Hi team, opened the delivery of plated nickel bolts (120 units) this morning and a good third of them are cracked. This is the last chance, after this we are going elsewhere. Regards, procurement."
3858,62060,1998-03-28,email,quality,0,"Hi team, the latest batch of plated nickel bolts on PO 28037 does not meet the tolerance in our spec, the threads are off. Reference attached."
3859,46352,1998-07-15,phone transcript,account,0,Could you send us a copy of last year's statements for our auditors? Escalating to my manager if not resolved.
3860,87440,1997-09-09,portal,late_delivery,0,"Hi team, our shipment of large copper coils (PO 59154, 200 units) was promised for the 22 August and still has not turned up. Reference attached."
3861,113012,1998-05-10,phone transcript,billing,0,"Hi Marco, we still have not received the credit note you promised for the standard steel flanges (PO 18178, 200 units). Escalating to my manager if not resolved."
3862,138287,1998-02-02,email,damaged,0,Urgent: Pallet of promo tin cans on PO 55259 arrived with the wrapping torn open and several pieces dented. Escalating to my manager if not resolved.
3863,83059,1997-11-16,account manager note,account,0,"Urgent: We have moved office, please update the delivery address on our account. Escalating to my manager if not resolved."
3864,22648,1997-12-22,phone transcript,late_delivery,1,"Following up: Still no sign of the brushed aluminium panels (75 units). Our warehouse team has been standing by since the 2 December. This is the last chance, after this we are going elsewhere. Thanks."
3865,108697,1997-01-29,chat,billing,0,"Following up: We still have not received the credit note you promised for the polished steel brackets (PO 75902, 75 units)."
3866,126212,1997-04-30,account manager note,late_delivery,1,"Good morning. Our shipment of brushed aluminium panels (PO 94953, 120 units) was promised for the 15 April and still has not turned up. Honestly I am not sure we can keep working with you."
3867,322,1997-12-18,portal,billing,0,"Hi support, we were invoiced twice for the same batch of plated nickel bolts."
3868,133081,1997-06-27,portal,billing,0,"Hello, please explain the extra surcharge on our last statement for the standard steel flanges. Please call me back today."
3869,73358,1997-07-27,account manager note,praise,0,"Hi Rahul, your account team sorted our plated nickel bolts on PO 52549 issue in a single call, really appreciated."
3870,94798,1997-03-10,chat,late_delivery,0,"The polished steel brackets on PO 69623 consignment slipped again. That is the second slip this quarter. Regards, procurement."
3871,57571,1998-07-15,portal,late_delivery,0,To whom it may concern: Can someone tell me where order for polished steel brackets is? It was meant to be here days ago. Escalating to my manager if not resolved.
3872,70784,1997-01-22,portal,damaged,0,"Hi Rahul, opened the delivery of brushed aluminium panels (40 units) this morning and a good third of them are cracked. Thanks."
3873,90893,1997-04-24,chat,damaged,0,"Hello, received the burnished tin sheets but the packaging was soaked through and the metal has started to rust. Please call me back today."
3874,90620,1998-07-03,email,damaged,0,"Hi team, several of the plated nickel bolts were snapped in two when we unpacked them."
3875,32224,1998-03-21,chat,wrong_item,0,Following up: This is not what we asked for. The standard steel flanges on the invoice do not match what is on the pallet. Reference attached.
3876,38822,1998-03-27,email,late_delivery,1,Our shipment of standard steel flanges (120 units) was promised for the 11 March and still has not turned up. We are reviewing whether to renew the contract at the end of the quarter. Need an answer by end of day.
3877,67658,1998-06-16,chat,late_delivery,0,"To whom it may concern: Third week waiting on the plated nickel bolts. The tracking page has said 'in transit' since the 6 June. Regards, procurement."
3878,48299,1997-05-09,portal,praise,0,"Urgent: Your account team sorted our plated nickel bolts on PO 78183 issue in a single call, really appreciated. Regards, procurement."
3879,128731,1998-04-02,phone transcript,wrong_item,1,"Hello, got 200 units of the wrong finish instead of the plated nickel bolts (PO 35226, 40 units) we specified. Our procurement team has asked me to find an alternative vendor."
3880,12383,1997-07-06,portal,late_delivery,1,"Good morning. Your carrier keeps rescheduling. We were told the 29 June, then Friday, now 'next week' for the polished steel brackets. We are reviewing whether to renew the contract at the end of the quarter. Please call me back today."
3881,69521,1998-07-13,portal,late_delivery,0,"Hello, still no sign of the standard steel flanges. Our warehouse team has been standing by since the 9 July. Please call me back today."
3882,142084,1998-02-17,phone transcript,billing,0,"Hello, please explain the extra surcharge on our last statement for the economy brass valves (PO 93876, 250 units). Need an answer by end of day."
3883,81688,1997-04-27,portal,praise,0,"To whom it may concern: Your account team sorted our burnished tin sheets (250 units) issue in a single call, really appreciated. Regards, procurement."
3884,9094,1997-04-01,chat,billing,1,"Hi Mei, our finance team cannot reconcile your invoice, the quantities of large copper coils on PO 24258 are off. We are reviewing whether to renew the contract at the end of the quarter. Please call me back today."
3885,67936,1997-12-14,chat,late_delivery,0,"Hi team, the plated nickel bolts consignment slipped again. That is the second slip this quarter. Reference attached."
3886,71699,1997-09-24,chat,late_delivery,1,"Good morning. Can someone tell me where order for brass fittings (PO 94279, 500 units) is? It was meant to be here days ago. Frankly we are already talking to your competitors. Thanks."
3887,3869,1998-04-15,account manager note,praise,0,"Hello, consistently good quality on the brushed aluminium panels, our QA has not flagged anything in months. Regards, procurement."
3888,117302,1997-04-22,account manager note,praise,0,"Hello, consistently good quality on the brushed aluminium panels on PO 30298, our QA has not flagged anything in months. Reference attached."
3889,100784,1998-01-08,chat,account,0,Good morning. Please add my colleague as a second contact on our account. Need an answer by end of day.
3890,41828,1997-07-29,chat,quality,0,"Hi team, compared with last year the large copper coils on PO 58709 feel cheaper and wear out much faster. Regards, procurement."
3891,117445,1997-08-19,chat,late_delivery,0,Urgent: Can someone tell me where order for polished steel brackets is? It was meant to be here days ago. Need an answer by end of day.
3892,55739,1998-06-23,chat,account,0,"Following up: I cannot log into the ordering portal, the password reset email never arrives. Need an answer by end of day."
3893,132476,1998-02-08,phone transcript,account,0,"Following up: I cannot log into the ordering portal, the password reset email never arrives. Escalating to my manager if not resolved."
3894,61025,1997-03-21,phone transcript,quality,0,"Urgent: The latest batch of promo tin cans does not meet the tolerance in our spec, the threads are off. Need an answer by end of day."
3895,131453,1998-03-31,chat,late_delivery,0,Still no sign of the plated nickel bolts. Our warehouse team has been standing by since the 23 March. Reference attached.
3896,93133,1997-08-12,chat,billing,0,"The price on the invoice for medium plated fasteners (PO 83346, 40 units) is higher than the price we agreed in the contract. Need an answer by end of day."
3897,39505,1997-04-30,chat,billing,0,"Hi team, our finance team cannot reconcile your invoice, the quantities of brass fittings are off."
3898,114676,1997-09-23,account manager note,billing,1,"Hi Anna, we were invoiced twice for the same batch of medium plated fasteners on PO 33421. If this happens again we will move our business to another supplier."
3899,59663,1997-10-02,portal,praise,0,"Consistently good quality on the medium plated fasteners, our QA has not flagged anything in months. Thanks."
3900,28337,1998-01-04,phone transcript,late_delivery,0,Urgent: Can someone tell me where order for promo tin cans on PO 79834 is? It was meant to be here days ago. Thanks.
3901,38330,1997-06-29,account manager note,late_delivery,0,"Hi Priya, we planned a production run around the polished steel brackets arriving on the 20 June. Nothing has arrived and the line is idle."
3902,13262,1997-12-09,account manager note,late_delivery,0,"Hi Tom, our shipment of anodized copper pipe (PO 37491, 250 units) was promised for the 29 November and still has not turned up. Escalating to my manager if not resolved."
3903,98395,1998-03-19,chat,late_delivery,0,To whom it may concern: The anodized copper pipe on PO 75207 consignment slipped again. That is the second slip this quarter.
3904,115204,1998-06-11,chat,billing,0,"Our finance team cannot reconcile your invoice, the quantities of burnished tin sheets on PO 63074 are off. Thanks."
3905,149596,1997-08-25,chat,billing,1,Following up: The price on the invoice for small polished rods is higher than the price we agreed in the contract. Honestly I am not sure we can keep working with you. Thanks.
3906,103012,1998-01-23,chat,late_delivery,0,"Hi Tom, your carrier keeps rescheduling. We were told the 9 January, then Friday, now 'next week' for the small polished rods. Need an answer by end of day."
3907,105710,1998-06-22,email,late_delivery,0,Following up: The brass fittings consignment slipped again. That is the second slip this quarter.
3908,54988,1997-02-10,account manager note,quality,0,"To whom it may concern: Compared with last year the plated nickel bolts (PO 49646, 500 units) feel cheaper and wear out much faster. Thanks."
3909,14852,1998-07-20,portal,late_delivery,0,"Hi team, third week waiting on the medium plated fasteners. The tracking page has said 'in transit' since the 11 July. Need an answer by end of day."
3910,24254,1998-07-17,portal,wrong_item,0,"Urgent: Your warehouse picked the wrong SKU again, these are not anodized copper pipe."
3911,6307,1997-12-10,email,late_delivery,1,"Following up: The standard steel flanges on PO 74791 consignment slipped again. That is the second slip this quarter. This is the last chance, after this we are going elsewhere. Please call me back today."
3912,77779,1998-03-31,chat,late_delivery,0,"Good morning. Your carrier keeps rescheduling. We were told the 11 March, then Friday, now 'next week' for the brass fittings (500 units)."
3913,113416,1997-03-24,chat,billing,0,"Hi team, our finance team cannot reconcile your invoice, the quantities of burnished tin sheets on PO 80589 are off. Regards, procurement."
3914,106060,1997-09-02,email,late_delivery,0,"Hello, the large copper coils consignment slipped again. That is the second slip this quarter. Thanks."
3915,132416,1997-03-05,email,damaged,0,"Good morning. Opened the delivery of plated nickel bolts (PO 20032, 800 units) this morning and a good third of them are cracked. Reference attached."
3916,89902,1997-01-12,chat,billing,1,"Hi team, the price on the invoice for economy brass valves on PO 96699 is higher than the price we agreed in the contract. This is the last chance, after this we are going elsewhere. Escalating to my manager if not resolved."
3917,37139,1997-08-04,account manager note,account,0,"I cannot log into the ordering portal, the password reset email never arrives. Please call me back today."
3918,70627,1998-03-27,phone transcript,damaged,0,"Good morning. Half the large copper coils came out of the crate bent and scratched. Regards, procurement."
3919,11359,1997-09-12,portal,late_delivery,0,Good morning. Still no sign of the standard steel flanges (120 units). Our warehouse team has been standing by since the 25 August. Need an answer by end of day.
3920,58904,1997-05-14,chat,late_delivery,0,Can someone tell me where order for large copper coils is? It was meant to be here days ago.
3921,120436,1997-06-29,account manager note,wrong_item,1,"Hi team, the box is labelled burnished tin sheets (75 units) but inside are parts in the wrong size. This is the last chance, after this we are going elsewhere. Thanks."
3922,34294,1998-03-10,account manager note,quality,0,Urgent: Two of our customers returned products built with your large copper coils (250 units) because of early failure. Thanks.
3923,44863,1998-03-25,phone transcript,billing,0,The price on the invoice for small polished rods is higher than the price we agreed in the contract.
3924,146156,1997-01-30,portal,late_delivery,0,"Hi team, our shipment of large copper coils was promised for the 15 January and still has not turned up."
3925,6307,1997-11-29,phone transcript,praise,0,Urgent: Just wanted to say the polished steel brackets (120 units) arrived early and in perfect condition. Great job. Thanks.
3926,137290,1998-06-03,account manager note,praise,0,Just wanted to say the plated nickel bolts on PO 96268 arrived early and in perfect condition. Great job.
3927,139030,1998-03-28,phone transcript,billing,0,"Hi team, we still have not received the credit note you promised for the brushed aluminium panels. Regards, procurement."
3928,51986,1997-02-25,phone transcript,billing,1,Following up: We were invoiced twice for the same batch of anodized copper pipe. Frankly we are already talking to your competitors. Reference attached.
3929,53546,1997-01-25,email,praise,0,"Thanks for the quick turnaround on the economy brass valves, it saved our production week. Regards, procurement."
3930,80582,1998-01-25,phone transcript,damaged,0,Good morning. Several of the polished steel brackets (200 units) were snapped in two when we unpacked them.
3931,11560,1998-04-09,phone transcript,billing,1,"Good morning. The price on the invoice for small polished rods (800 units) is higher than the price we agreed in the contract. If this happens again we will move our business to another supplier. Regards, procurement."
3932,94549,1997-03-25,chat,billing,1,Urgent: The price on the invoice for large copper coils is higher than the price we agreed in the contract. Our procurement team has asked me to find an alternative vendor. Please call me back today.
3933,92498,1997-10-10,phone transcript,billing,1,"Following up: The price on the invoice for promo tin cans is higher than the price we agreed in the contract. This is the last chance, after this we are going elsewhere. Regards, procurement."
3934,40103,1998-07-19,account manager note,damaged,0,"The brushed aluminium panels were crushed in transit, the box looked like it had been dropped from a height. Need an answer by end of day."
3935,55739,1997-03-08,portal,billing,0,To whom it may concern: We still have not received the credit note you promised for the burnished tin sheets.
3936,8173,1997-09-29,chat,late_delivery,0,"Can someone tell me where order for brass fittings (PO 45985, 200 units) is? It was meant to be here days ago. Thanks."
3937,63194,1997-08-14,chat,quality,0,"Hi Anna, our QA rejected the polished steel brackets (PO 50501, 200 units). Finish is uneven and some pieces fail the stress test. Regards, procurement."
3938,147128,1997-11-25,email,praise,0,"Hi team, just wanted to say the burnished tin sheets arrived early and in perfect condition. Great job. Please call me back today."
3939,11636,1997-11-17,account manager note,late_delivery,0,Urgent: The promo tin cans consignment slipped again. That is the second slip this quarter.
3940,41968,1997-10-01,account manager note,account,0,Following up: Please add my colleague as a second contact on our account.
3941,128767,1997-04-24,account manager note,damaged,0,Urgent: Half the medium plated fasteners (120 units) came out of the crate bent and scratched. Need an answer by end of day.
3942,96163,1997-07-11,account manager note,billing,0,"Hello, we were invoiced twice for the same batch of standard steel flanges on PO 90232."
3943,37486,1997-09-15,account manager note,late_delivery,0,Good morning. We planned a production run around the brushed aluminium panels arriving on the 4 September. Nothing has arrived and the line is idle. Reference attached.
3944,132476,1997-10-27,portal,wrong_item,0,Following up: We ordered plated nickel bolts and received something completely different.
3945,122735,1997-02-21,chat,account,1,"I cannot log into the ordering portal, the password reset email never arrives. We are reviewing whether to renew the contract at the end of the quarter. Reference attached."
3946,134783,1997-06-22,account manager note,praise,0,"Urgent: Consistently good quality on the polished steel brackets (PO 43076, 200 units), our QA has not flagged anything in months. Reference attached."
3947,85745,1997-12-30,chat,account,0,"Urgent: I cannot log into the ordering portal, the password reset email never arrives. Escalating to my manager if not resolved."
3948,48101,1997-01-30,account manager note,billing,0,"Our finance team cannot reconcile your invoice, the quantities of standard steel flanges are off. Need an answer by end of day."
3949,126211,1998-03-01,email,praise,0,"Your account team sorted our burnished tin sheets on PO 33227 issue in a single call, really appreciated. Please call me back today."
3950,96130,1997-09-25,chat,damaged,0,Opened the delivery of burnished tin sheets this morning and a good third of them are cracked. Reference attached.
3951,66364,1997-06-19,portal,account,0,Urgent: Could you send us a copy of last year's statements for our auditors?
3952,130379,1998-06-19,email,billing,0,Following up: We still have not received the credit note you promised for the small polished rods. Need an answer by end of day.
3953,144128,1997-03-09,phone transcript,billing,0,The price on the invoice for small polished rods is higher than the price we agreed in the contract. Thanks.
3954,46811,1997-07-13,email,damaged,0,"Hi team, the small polished rods were crushed in transit, the box looked like it had been dropped from a height. Thanks."
3955,49415,1997-04-28,chat,account,0,"We have moved office, please update the delivery address on our account. Please call me back today."
3956,72904,1998-03-01,phone transcript,praise,0,Good morning. Just wanted to say the brushed aluminium panels arrived early and in perfect condition. Great job. Please call me back today.
3957,124532,1997-10-09,portal,billing,0,"Hi team, we were invoiced twice for the same batch of brushed aluminium panels (PO 86219, 500 units). Regards, procurement."
3958,15203,1997-07-26,chat,damaged,1,"Hi team, the brushed aluminium panels were crushed in transit, the box looked like it had been dropped from a height. Our procurement team has asked me to find an alternative vendor."
3959,15980,1998-06-28,phone transcript,account,0,Urgent: Please add my colleague as a second contact on our account.
3960,26050,1998-05-25,account manager note,account,0,"Good morning. We have moved office, please update the delivery address on our account. Reference attached."
3961,68359,1997-09-11,phone transcript,late_delivery,0,"Following up: Still no sign of the plated nickel bolts. Our warehouse team has been standing by since the 8 September. Regards, procurement."
3962,119161,1997-07-21,email,wrong_item,1,"Hi team, this is not what we asked for. The brushed aluminium panels on the invoice do not match what is on the pallet. Our procurement team has asked me to find an alternative vendor. Please call me back today."
3963,115153,1998-07-06,portal,account,0,Please add my colleague as a second contact on our account.
3964,49915,1997-05-26,phone transcript,late_delivery,0,"Good morning. We planned a production run around the polished steel brackets (PO 55706, 1200 units) arriving on the 15 May. Nothing has arrived and the line is idle. Please call me back today."
3965,140938,1997-08-18,email,late_delivery,0,"Third week waiting on the standard steel flanges (PO 88407, 1200 units). The tracking page has said 'in transit' since the 1 August. Need an answer by end of day."
3966,128620,1997-08-15,portal,quality,0,Urgent: Our QA rejected the brass fittings. Finish is uneven and some pieces fail the stress test.
3967,137875,1998-01-09,account manager note,billing,0,We still have not received the credit note you promised for the economy brass valves. Please call me back today.
3968,523,1997-12-03,email,wrong_item,0,Following up: This is not what we asked for. The small polished rods on the invoice do not match what is on the pallet. Thanks.
3969,10637,1998-04-05,chat,billing,0,"Hi team, our finance team cannot reconcile your invoice, the quantities of promo tin cans (1200 units) are off. Thanks."
3970,33577,1997-05-16,account manager note,wrong_item,0,"Hi account team, got 200 units of the wrong finish instead of the promo tin cans (PO 40451, 800 units) we specified. Thanks."
3971,60670,1997-01-12,chat,late_delivery,1,"Our shipment of brass fittings (PO 58206, 500 units) was promised for the 23 December and still has not turned up. Honestly I am not sure we can keep working with you. Regards, procurement."
3972,105380,1997-04-11,email,billing,0,"Urgent: We were invoiced twice for the same batch of polished steel brackets (PO 29554, 500 units). Escalating to my manager if not resolved."
3973,11636,1997-06-28,email,account,0,"Hi Rahul, I cannot log into the ordering portal, the password reset email never arrives."
3974,94216,1997-07-03,chat,late_delivery,0,"Hi Tom, your carrier keeps rescheduling. We were told the 17 June, then Friday, now 'next week' for the medium plated fasteners (250 units). Escalating to my manager if not resolved."
3975,95479,1998-02-24,portal,wrong_item,0,"The box is labelled anodized copper pipe (PO 75256, 500 units) but inside are parts in the wrong size. Regards, procurement."
3976,116455,1998-06-19,portal,late_delivery,0,"Hi Tom, can someone tell me where order for plated nickel bolts is? It was meant to be here days ago. Reference attached."
3977,101819,1998-07-21,phone transcript,praise,0,"To whom it may concern: Thanks for the quick turnaround on the plated nickel bolts, it saved our production week. Please call me back today."
3978,55739,1998-02-27,email,praise,0,"Thanks for the quick turnaround on the standard steel flanges on PO 71777, it saved our production week. Escalating to my manager if not resolved."
3979,18611,1997-03-23,account manager note,late_delivery,1,"Hi Mei, your carrier keeps rescheduling. We were told the 19 March, then Friday, now 'next week' for the standard steel flanges on PO 71586. Frankly we are already talking to your competitors."
3980,134783,1997-05-14,phone transcript,damaged,1,"Hello, the burnished tin sheets on PO 27890 were crushed in transit, the box looked like it had been dropped from a height. This is the last chance, after this we are going elsewhere. Need an answer by end of day."
3981,42350,1998-02-16,chat,billing,0,"Hi team, please explain the extra surcharge on our last statement for the anodized copper pipe."
3982,84824,1997-12-08,email,praise,0,"To whom it may concern: Thanks for the quick turnaround on the plated nickel bolts (120 units), it saved our production week. Regards, procurement."
3983,128086,1997-06-30,email,praise,0,Following up: Just wanted to say the economy brass valves arrived early and in perfect condition. Great job.
3984,18734,1997-11-03,email,damaged,0,Good morning. Half the burnished tin sheets came out of the crate bent and scratched.
3985,100925,1997-03-02,chat,late_delivery,0,"Hi Rahul, can someone tell me where order for standard steel flanges is? It was meant to be here days ago."
3986,141919,1998-04-24,account manager note,praise,0,"Thanks for the quick turnaround on the large copper coils (40 units), it saved our production week."
3987,24196,1998-06-04,account manager note,damaged,0,Good morning. Received the small polished rods on PO 37822 but the packaging was soaked through and the metal has started to rust.
3988,2087,1998-06-11,phone transcript,late_delivery,0,Good morning. Third week waiting on the brass fittings. The tracking page has said 'in transit' since the 26 May. Need an answer by end of day.
3989,127361,1997-07-30,chat,quality,0,"Urgent: Compared with last year the anodized copper pipe feel cheaper and wear out much faster. Regards, procurement."
3990,57530,1997-08-23,portal,late_delivery,0,"Good morning. Your carrier keeps rescheduling. We were told the 11 August, then Friday, now 'next week' for the plated nickel bolts. Reference attached."
3991,41939,1997-03-28,email,quality,0,"Hi Tom, two of our customers returned products built with your small polished rods (75 units) because of early failure. Please call me back today."
3992,10247,1998-04-15,phone transcript,quality,1,"Hi Tom, two of our customers returned products built with your promo tin cans because of early failure. We are reviewing whether to renew the contract at the end of the quarter. Regards, procurement."
3993,68869,1998-06-18,email,account,0,Following up: Could you send us a copy of last year's statements for our auditors? Escalating to my manager if not resolved.
3994,146771,1997-07-06,portal,late_delivery,0,Our shipment of economy brass valves was promised for the 16 June and still has not turned up. Please call me back today.
3995,107929,1997-06-05,account manager note,late_delivery,0,Following up: We planned a production run around the anodized copper pipe arriving on the 23 May. Nothing has arrived and the line is idle.
3996,30628,1998-05-24,chat,account,0,Please add my colleague as a second contact on our account. Need an answer by end of day.
3997,111449,1997-05-30,portal,wrong_item,1,"Hi account team, your warehouse picked the wrong SKU again, these are not large copper coils (500 units). If this happens again we will move our business to another supplier. Please call me back today."
3998,91385,1997-10-31,phone transcript,account,0,"Hi Tom, please add my colleague as a second contact on our account. Thanks."
3999,102404,1997-06-11,account manager note,praise,0,To whom it may concern: Just wanted to say the polished steel brackets arrived early and in perfect condition. Great job. Reference attached.
4000,113972,1997-12-12,portal,quality,0,"Good morning. The latest batch of promo tin cans (PO 37649, 75 units) does not meet the tolerance in our spec, the threads are off."
4001,84814,1997-11-29,phone transcript,billing,0,"Hi Marco, please explain the extra surcharge on our last statement for the medium plated fasteners."
4002,142795,1998-06-15,phone transcript,damaged,0,Pallet of brushed aluminium panels on PO 60723 arrived with the wrapping torn open and several pieces dented. Need an answer by end of day.
4003,136294,1997-01-02,chat,quality,1,Compared with last year the economy brass valves feel cheaper and wear out much faster. Honestly I am not sure we can keep working with you. Please call me back today.
4004,42676,1997-01-19,chat,billing,0,Following up: We were invoiced twice for the same batch of anodized copper pipe.
4005,73019,1997-07-27,email,late_delivery,0,"To whom it may concern: The economy brass valves (PO 17944, 1200 units) consignment slipped again. That is the second slip this quarter. Reference attached."
4006,4556,1997-05-28,phone transcript,quality,1,"Hi team, our QA rejected the small polished rods (PO 39406, 75 units). Finish is uneven and some pieces fail the stress test. We are reviewing whether to renew the contract at the end of the quarter. Need an answer by end of day."
4007,81275,1998-03-09,chat,quality,1,"Hi team, our QA rejected the anodized copper pipe (PO 33243, 250 units). Finish is uneven and some pieces fail the stress test. We are reviewing whether to renew the contract at the end of the quarter. Need an answer by end of day."
4008,143024,1997-01-16,account manager note,quality,1,Two of our customers returned products built with your anodized copper pipe (800 units) because of early failure. If this happens again we will move our business to another supplier. Escalating to my manager if not resolved.
4009,88237,1998-05-17,portal,quality,1,"Good morning. The latest batch of burnished tin sheets does not meet the tolerance in our spec, the threads are off. Our procurement team has asked me to find an alternative vendor. Please call me back today."
4010,81365,1997-11-02,portal,billing,0,We were invoiced twice for the same batch of brass fittings (250 units). Thanks.
4011,111371,1997-10-08,account manager note,damaged,1,"Hi team, the brushed aluminium panels (40 units) were crushed in transit, the box looked like it had been dropped from a height. Frankly we are already talking to your competitors. Thanks."
4012,137081,1997-12-20,email,wrong_item,1,Urgent: Got 200 units of the wrong finish instead of the economy brass valves (800 units) we specified. Frankly we are already talking to your competitors.
4013,14902,1997-12-30,portal,damaged,0,Following up: Half the burnished tin sheets came out of the crate bent and scratched. Escalating to my manager if not resolved.
4014,106540,1997-08-22,email,wrong_item,0,Following up: We ordered promo tin cans and received something completely different. Thanks.
4015,79996,1998-06-14,account manager note,wrong_item,0,"Good morning. Your warehouse picked the wrong SKU again, these are not small polished rods. Thanks."
4016,48101,1998-05-18,email,quality,0,"Hi team, our QA rejected the burnished tin sheets. Finish is uneven and some pieces fail the stress test. Regards, procurement."
4017,7076,1997-03-15,phone transcript,account,0,"We have moved office, please update the delivery address on our account. Need an answer by end of day."
4018,15371,1998-02-21,chat,quality,1,"The latest batch of promo tin cans (120 units) does not meet the tolerance in our spec, the threads are off. Frankly we are already talking to your competitors."
4019,40067,1997-07-09,phone transcript,account,0,"Following up: We have moved office, please update the delivery address on our account. Need an answer by end of day."
4020,57788,1997-05-30,account manager note,late_delivery,1,"Hi team, our shipment of small polished rods (PO 59179, 500 units) was promised for the 15 May and still has not turned up. Our procurement team has asked me to find an alternative vendor. Need an answer by end of day."
4021,54991,1998-04-20,account manager note,late_delivery,0,"Hello, still no sign of the economy brass valves (PO 56784, 40 units). Our warehouse team has been standing by since the 11 April. Escalating to my manager if not resolved."
4022,44270,1998-01-21,account manager note,damaged,0,Following up: Pallet of economy brass valves on PO 74613 arrived with the wrapping torn open and several pieces dented. Please call me back today.
4023,132940,1997-03-15,chat,wrong_item,1,"Hi Tom, the box is labelled anodized copper pipe on PO 93942 but inside are parts in the wrong size. If this happens again we will move our business to another supplier. Please call me back today."
4024,128066,1998-07-21,phone transcript,praise,0,"Urgent: Consistently good quality on the standard steel flanges (PO 96339, 250 units), our QA has not flagged anything in months."
4025,69763,1997-04-03,chat,damaged,1,"Urgent: Opened the delivery of small polished rods this morning and a good third of them are cracked. This is the last chance, after this we are going elsewhere. Thanks."
4026,18236,1998-01-23,portal,late_delivery,0,"Hi Marco, can someone tell me where order for anodized copper pipe (1200 units) is? It was meant to be here days ago. Thanks."
4027,126737,1997-09-27,email,late_delivery,0,The polished steel brackets (120 units) consignment slipped again. That is the second slip this quarter. Need an answer by end of day.
4028,63994,1998-01-20,chat,late_delivery,0,"Hello, can someone tell me where order for anodized copper pipe is? It was meant to be here days ago."
4029,17791,1998-04-29,portal,late_delivery,0,"Hi team, we planned a production run around the large copper coils on PO 60740 arriving on the 17 April. Nothing has arrived and the line is idle. Reference attached."
4030,72760,1997-01-20,phone transcript,billing,1,Urgent: We still have not received the credit note you promised for the plated nickel bolts (800 units). If this happens again we will move our business to another supplier. Reference attached.
4031,26947,1997-01-23,email,praise,0,"Just wanted to say the small polished rods (PO 63402, 800 units) arrived early and in perfect condition. Great job. Need an answer by end of day."
4032,105481,1998-06-24,email,damaged,1,"Hi team, opened the delivery of medium plated fasteners on PO 31374 this morning and a good third of them are cracked. If this happens again we will move our business to another supplier. Thanks."
4033,144686,1998-07-06,email,late_delivery,0,Urgent: We planned a production run around the promo tin cans arriving on the 20 June. Nothing has arrived and the line is idle.
4034,101875,1998-01-10,phone transcript,account,0,"Could you send us a copy of last year's statements for our auditors? Regards, procurement."
4035,70319,1997-07-21,phone transcript,damaged,0,"The plated nickel bolts (PO 39977, 250 units) were crushed in transit, the box looked like it had been dropped from a height. Escalating to my manager if not resolved."
4036,15083,1998-03-21,phone transcript,praise,0,To whom it may concern: Just wanted to say the small polished rods arrived early and in perfect condition. Great job. Thanks.
4037,59644,1998-05-21,email,wrong_item,0,"Following up: Your warehouse picked the wrong SKU again, these are not economy brass valves (PO 19979, 40 units). Need an answer by end of day."
4038,79897,1998-07-09,account manager note,wrong_item,1,"Following up: Got 200 units of the wrong finish instead of the small polished rods we specified. This is the last chance, after this we are going elsewhere. Thanks."
4039,146132,1997-06-06,email,praise,0,"Hi Marco, consistently good quality on the polished steel brackets (PO 58743, 250 units), our QA has not flagged anything in months. Thanks."
4040,118487,1998-06-20,chat,billing,1,Following up: Please explain the extra surcharge on our last statement for the plated nickel bolts. If this happens again we will move our business to another supplier. Reference attached.
4041,126107,1998-04-26,account manager note,account,0,"Hi Tom, please add my colleague as a second contact on our account. Regards, procurement."
4042,100502,1997-04-03,phone transcript,late_delivery,0,Following up: Still no sign of the economy brass valves on PO 88928. Our warehouse team has been standing by since the 17 March. Escalating to my manager if not resolved.
4043,18344,1998-02-23,chat,billing,1,"Please explain the extra surcharge on our last statement for the plated nickel bolts (PO 79889, 75 units). This is the last chance, after this we are going elsewhere. Thanks."
4044,146002,1997-12-19,account manager note,wrong_item,1,"Hi Anna, this is not what we asked for. The polished steel brackets on the invoice do not match what is on the pallet. If this happens again we will move our business to another supplier. Please call me back today."
4045,78236,1997-07-06,account manager note,praise,0,"Hi account team, your account team sorted our economy brass valves on PO 91348 issue in a single call, really appreciated. Regards, procurement."
4046,11714,1998-05-19,account manager note,account,0,"Hi team, please add my colleague as a second contact on our account."
4047,3898,1998-04-05,email,wrong_item,0,"To whom it may concern: Your warehouse picked the wrong SKU again, these are not anodized copper pipe (PO 25806, 1200 units). Escalating to my manager if not resolved."
4048,11056,1998-07-11,email,late_delivery,1,To whom it may concern: Our shipment of burnished tin sheets on PO 99882 was promised for the 26 June and still has not turned up. If this happens again we will move our business to another supplier. Escalating to my manager if not resolved.
4049,87971,1998-02-07,chat,wrong_item,0,This is not what we asked for. The brushed aluminium panels on the invoice do not match what is on the pallet. Thanks.
4050,57494,1997-06-05,email,late_delivery,0,"To whom it may concern: Your carrier keeps rescheduling. We were told the 19 May, then Friday, now 'next week' for the anodized copper pipe."
4051,2051,1997-01-03,account manager note,late_delivery,1,"Hi account team, still no sign of the burnished tin sheets (120 units). Our warehouse team has been standing by since the 26 December. Our procurement team has asked me to find an alternative vendor."
4052,31721,1998-04-29,email,wrong_item,0,"Hi support, we ordered medium plated fasteners and received something completely different. Escalating to my manager if not resolved."
4053,58892,1997-12-18,account manager note,damaged,0,Urgent: Several of the large copper coils were snapped in two when we unpacked them. Thanks.
4054,6421,1997-06-17,chat,praise,0,"Hi Tom, just wanted to say the anodized copper pipe arrived early and in perfect condition. Great job."
4055,146413,1997-08-30,portal,account,0,Urgent: Could you send us a copy of last year's statements for our auditors? Need an answer by end of day.
4056,122447,1998-03-31,phone transcript,damaged,0,"Good morning. The plated nickel bolts were crushed in transit, the box looked like it had been dropped from a height."
4057,2593,1998-01-30,email,damaged,0,Pallet of polished steel brackets on PO 34356 arrived with the wrapping torn open and several pieces dented. Please call me back today.
4058,120466,1998-05-10,portal,account,0,"Hi team, we have moved office, please update the delivery address on our account."
4059,16205,1998-05-03,chat,damaged,0,"Received the medium plated fasteners but the packaging was soaked through and the metal has started to rust. Regards, procurement."
4060,141290,1997-12-16,email,late_delivery,0,"Following up: The medium plated fasteners on PO 61728 consignment slipped again. That is the second slip this quarter. Regards, procurement."
4061,92033,1998-07-29,account manager note,late_delivery,1,"Hi team, third week waiting on the brushed aluminium panels on PO 55849. The tracking page has said 'in transit' since the 23 July. This is the last chance, after this we are going elsewhere. Escalating to my manager if not resolved."
4062,99472,1997-07-10,chat,wrong_item,0,Urgent: This is not what we asked for. The anodized copper pipe (75 units) on the invoice do not match what is on the pallet. Need an answer by end of day.
4063,22474,1997-07-11,phone transcript,damaged,1,"Hi team, the anodized copper pipe were crushed in transit, the box looked like it had been dropped from a height. Honestly I am not sure we can keep working with you. Thanks."
4064,147014,1997-07-01,portal,billing,0,"Following up: Please explain the extra surcharge on our last statement for the small polished rods. Regards, procurement."
4065,17816,1997-12-12,email,damaged,0,"Hello, half the small polished rods on PO 48617 came out of the crate bent and scratched. Please call me back today."
4066,29093,1997-03-20,portal,quality,0,"The latest batch of large copper coils does not meet the tolerance in our spec, the threads are off."
4067,58531,1998-06-15,account manager note,damaged,0,"Hi team, pallet of small polished rods (1200 units) arrived with the wrapping torn open and several pieces dented. Reference attached."
4068,41192,1998-01-19,chat,damaged,0,Several of the promo tin cans were snapped in two when we unpacked them. Escalating to my manager if not resolved.
4069,100379,1997-09-26,account manager note,late_delivery,0,"Following up: Our shipment of small polished rods (PO 19110, 75 units) was promised for the 16 September and still has not turned up. Please call me back today."
4070,24562,1998-05-02,chat,late_delivery,0,"Hi team, our shipment of anodized copper pipe (PO 29801, 40 units) was promised for the 28 April and still has not turned up. Thanks."
4071,66901,1998-07-17,email,late_delivery,0,"Your carrier keeps rescheduling. We were told the 7 July, then Friday, now 'next week' for the burnished tin sheets. Regards, procurement."
4072,133538,1997-09-11,chat,praise,0,"Your account team sorted our polished steel brackets issue in a single call, really appreciated. Escalating to my manager if not resolved."
4073,5899,1997-07-03,chat,wrong_item,0,"Hello, this is not what we asked for. The large copper coils (PO 19548, 1200 units) on the invoice do not match what is on the pallet. Escalating to my manager if not resolved."
4074,96536,1998-05-11,portal,late_delivery,0,"Hi team, can someone tell me where order for medium plated fasteners (PO 46925, 800 units) is? It was meant to be here days ago. Escalating to my manager if not resolved."
4075,56033,1997-03-09,email,damaged,0,Half the burnished tin sheets on PO 50416 came out of the crate bent and scratched. Need an answer by end of day.
4076,132715,1998-01-03,phone transcript,praise,0,"Hello, consistently good quality on the plated nickel bolts (120 units), our QA has not flagged anything in months. Reference attached."
4077,3869,1997-03-07,portal,praise,0,Just wanted to say the brass fittings on PO 93021 arrived early and in perfect condition. Great job. Escalating to my manager if not resolved.
4078,58906,1998-03-20,phone transcript,late_delivery,1,"Following up: Still no sign of the plated nickel bolts (PO 83284, 40 units). Our warehouse team has been standing by since the 7 March. Our procurement team has asked me to find an alternative vendor. Escalating to my manager if not resolved."
4079,107768,1997-10-09,account manager note,late_delivery,1,"Still no sign of the standard steel flanges on PO 24676. Our warehouse team has been standing by since the 23 September. This is the last chance, after this we are going elsewhere. Escalating to my manager if not resolved."
4080,71018,1997-07-26,phone transcript,billing,0,"Please explain the extra surcharge on our last statement for the polished steel brackets (PO 55214, 75 units)."
4081,123908,1998-01-21,chat,damaged,1,"Several of the plated nickel bolts on PO 41292 were snapped in two when we unpacked them. This is the last chance, after this we are going elsewhere."
4082,52108,1997-10-28,chat,account,0,"Hi account team, I cannot log into the ordering portal, the password reset email never arrives. Need an answer by end of day."
4083,94717,1998-06-26,email,late_delivery,0,Urgent: Third week waiting on the standard steel flanges (200 units). The tracking page has said 'in transit' since the 15 June. Reference attached.
4084,32324,1997-08-20,account manager note,late_delivery,1,"Hello, third week waiting on the polished steel brackets (PO 45180, 500 units). The tracking page has said 'in transit' since the 12 August. This is the last chance, after this we are going elsewhere. Regards, procurement."
4085,134431,1998-07-19,chat,billing,1,"Following up: We were invoiced twice for the same batch of large copper coils. This is the last chance, after this we are going elsewhere. Escalating to my manager if not resolved."
4086,42554,1997-05-26,chat,quality,0,"Hi Marco, two of our customers returned products built with your standard steel flanges because of early failure. Reference attached."
4087,53546,1997-07-28,chat,damaged,0,"Hi Rahul, several of the plated nickel bolts (PO 88352, 800 units) were snapped in two when we unpacked them. Need an answer by end of day."
4088,133538,1997-11-04,account manager note,account,1,"Urgent: We have moved office, please update the delivery address on our account. Honestly I am not sure we can keep working with you."
4089,43091,1997-07-14,portal,late_delivery,0,"Hi team, your carrier keeps rescheduling. We were told the 11 July, then Friday, now 'next week' for the promo tin cans on PO 12239. Thanks."
4090,70963,1997-05-07,email,billing,0,"Hi Tom, we still have not received the credit note you promised for the economy brass valves. Regards, procurement."
4091,40759,1997-12-07,portal,quality,0,"Urgent: The latest batch of large copper coils does not meet the tolerance in our spec, the threads are off. Escalating to my manager if not resolved."
4092,58606,1998-06-09,portal,praise,0,"Your account team sorted our large copper coils (1200 units) issue in a single call, really appreciated. Reference attached."
4093,30316,1997-01-06,portal,wrong_item,0,"Your warehouse picked the wrong SKU again, these are not anodized copper pipe."
4094,136562,1997-03-13,email,account,0,"We have moved office, please update the delivery address on our account. Reference attached."
4095,118052,1998-03-06,account manager note,damaged,0,"Hi team, pallet of medium plated fasteners arrived with the wrapping torn open and several pieces dented. Escalating to my manager if not resolved."
4096,22454,1998-06-24,account manager note,account,0,"Hi Rahul, could you send us a copy of last year's statements for our auditors? Reference attached."
4097,27895,1997-08-13,phone transcript,late_delivery,0,Good morning. Our shipment of brass fittings was promised for the 29 July and still has not turned up. Please call me back today.
4098,144842,1997-02-17,chat,late_delivery,1,Good morning. Still no sign of the polished steel brackets. Our warehouse team has been standing by since the 14 February. Frankly we are already talking to your competitors. Reference attached.
4099,56444,1998-05-22,phone transcript,late_delivery,0,"Hi Marco, can someone tell me where order for small polished rods (75 units) is? It was meant to be here days ago. Escalating to my manager if not resolved."
4100,92150,1997-08-30,phone transcript,quality,0,"To whom it may concern: Compared with last year the medium plated fasteners (PO 69760, 200 units) feel cheaper and wear out much faster. Regards, procurement."
4101,382,1997-06-19,chat,wrong_item,0,"Hi Mei, we ordered anodized copper pipe and received something completely different. Need an answer by end of day."
4102,97213,1997-04-04,chat,account,0,"Hello, I cannot log into the ordering portal, the password reset email never arrives."
4103,71000,1997-11-01,phone transcript,praise,0,"Hi Marco, thanks for the quick turnaround on the brass fittings, it saved our production week. Thanks."
4104,26477,1997-11-18,phone transcript,billing,1,"To whom it may concern: Our finance team cannot reconcile your invoice, the quantities of economy brass valves on PO 70605 are off. We are reviewing whether to renew the contract at the end of the quarter."
4105,70766,1997-01-27,portal,late_delivery,0,Can someone tell me where order for plated nickel bolts is? It was meant to be here days ago. Need an answer by end of day.
4106,95639,1998-04-16,chat,quality,1,"Good morning. Compared with last year the anodized copper pipe feel cheaper and wear out much faster. This is the last chance, after this we are going elsewhere. Please call me back today."
4107,33410,1998-01-04,email,billing,1,"Good morning. The price on the invoice for standard steel flanges (PO 37656, 1200 units) is higher than the price we agreed in the contract. If this happens again we will move our business to another supplier. Escalating to my manager if not resolved."
4108,42745,1998-02-04,phone transcript,billing,1,Good morning. We still have not received the credit note you promised for the small polished rods. Honestly I am not sure we can keep working with you. Reference attached.
4109,33410,1997-09-10,portal,billing,1,To whom it may concern: We were invoiced twice for the same batch of brushed aluminium panels (500 units). If this happens again we will move our business to another supplier. Need an answer by end of day.
4110,95104,1997-08-29,email,praise,0,"Hi Priya, thanks for the quick turnaround on the brass fittings on PO 83190, it saved our production week. Need an answer by end of day."
4111,262,1998-01-26,account manager note,billing,1,To whom it may concern: We still have not received the credit note you promised for the promo tin cans. We are reviewing whether to renew the contract at the end of the quarter.
4112,62635,1997-12-14,account manager note,late_delivery,0,"To whom it may concern: Your carrier keeps rescheduling. We were told the 1 December, then Friday, now 'next week' for the large copper coils (500 units). Please call me back today."
4113,70766,1997-09-18,chat,late_delivery,0,"Urgent: Still no sign of the standard steel flanges (PO 89725, 40 units). Our warehouse team has been standing by since the 3 September. Reference attached."
4114,46508,1997-11-12,chat,late_delivery,0,"To whom it may concern: Your carrier keeps rescheduling. We were told the 25 October, then Friday, now 'next week' for the brass fittings."
4115,32303,1997-09-04,email,damaged,0,"Hello, received the medium plated fasteners but the packaging was soaked through and the metal has started to rust. Please call me back today."
4116,55826,1997-11-02,email,damaged,0,Good morning. Half the promo tin cans on PO 92320 came out of the crate bent and scratched. Need an answer by end of day.
4117,10466,1998-02-25,phone transcript,billing,0,"Our finance team cannot reconcile your invoice, the quantities of economy brass valves are off. Reference attached."
4118,145573,1997-10-30,email,damaged,1,"Hello, received the burnished tin sheets (PO 39102, 120 units) but the packaging was soaked through and the metal has started to rust. Frankly we are already talking to your competitors."
4119,101075,1997-02-11,account manager note,late_delivery,0,"Hello, our shipment of burnished tin sheets on PO 71772 was promised for the 25 January and still has not turned up."
4120,128551,1998-06-04,portal,wrong_item,1,"Hi Marco, we ordered plated nickel bolts and received something completely different. This is the last chance, after this we are going elsewhere."
4121,135071,1997-02-15,phone transcript,praise,0,"Good morning. Your account team sorted our polished steel brackets (40 units) issue in a single call, really appreciated. Need an answer by end of day."
4122,40054,1997-11-21,email,late_delivery,0,"Urgent: Our shipment of burnished tin sheets (PO 58171, 120 units) was promised for the 8 November and still has not turned up. Reference attached."
4123,70187,1997-07-06,account manager note,late_delivery,0,Can someone tell me where order for burnished tin sheets is? It was meant to be here days ago. Thanks.
4124,98803,1997-12-30,email,late_delivery,1,Our shipment of brushed aluminium panels (500 units) was promised for the 10 December and still has not turned up. Honestly I am not sure we can keep working with you. Escalating to my manager if not resolved.
4125,23539,1998-01-31,email,damaged,0,"Hello, opened the delivery of economy brass valves this morning and a good third of them are cracked."
4126,36611,1997-02-11,phone transcript,late_delivery,1,"We planned a production run around the brass fittings arriving on the 24 January. Nothing has arrived and the line is idle. This is the last chance, after this we are going elsewhere. Reference attached."
4127,15980,1997-12-13,account manager note,late_delivery,0,Following up: Our shipment of small polished rods was promised for the 29 November and still has not turned up. Escalating to my manager if not resolved.
4128,41854,1997-08-18,email,damaged,0,"Hello, received the burnished tin sheets (PO 43730, 200 units) but the packaging was soaked through and the metal has started to rust."
4129,34826,1997-07-01,phone transcript,late_delivery,0,Following up: Still no sign of the brass fittings. Our warehouse team has been standing by since the 28 June. Thanks.
4130,45784,1998-01-15,email,billing,0,Good morning. We were invoiced twice for the same batch of standard steel flanges on PO 48777. Need an answer by end of day.
4131,39074,1997-06-29,email,wrong_item,0,Good morning. This is not what we asked for. The standard steel flanges (120 units) on the invoice do not match what is on the pallet.
4132,80341,1998-03-04,phone transcript,wrong_item,0,"Hi team, the box is labelled large copper coils (75 units) but inside are parts in the wrong size. Please call me back today."
4133,134734,1997-12-19,portal,billing,0,"Hello, we were invoiced twice for the same batch of brass fittings on PO 41359. Regards, procurement."
4134,48101,1997-06-24,account manager note,quality,0,"Following up: Compared with last year the promo tin cans on PO 30428 feel cheaper and wear out much faster. Regards, procurement."
4135,21001,1997-10-29,portal,praise,0,"Hi Marco, just wanted to say the economy brass valves (1200 units) arrived early and in perfect condition. Great job."
4136,133226,1997-03-17,chat,praise,0,"To whom it may concern: Your account team sorted our medium plated fasteners on PO 56021 issue in a single call, really appreciated. Thanks."
4137,117857,1997-08-26,email,account,0,Could you send us a copy of last year's statements for our auditors? Need an answer by end of day.
4138,42599,1998-04-26,email,late_delivery,1,Still no sign of the economy brass valves on PO 17330. Our warehouse team has been standing by since the 18 April. If this happens again we will move our business to another supplier. Escalating to my manager if not resolved.
4139,32101,1997-10-12,account manager note,damaged,0,Following up: Several of the anodized copper pipe were snapped in two when we unpacked them. Reference attached.
4140,23690,1997-08-26,phone transcript,quality,0,"Hi Marco, compared with last year the medium plated fasteners feel cheaper and wear out much faster. Reference attached."
4141,144128,1997-03-17,account manager note,quality,0,"Our QA rejected the economy brass valves (PO 54009, 500 units). Finish is uneven and some pieces fail the stress test. Please call me back today."
4142,25903,1997-04-27,chat,late_delivery,0,"Hi team, still no sign of the standard steel flanges. Our warehouse team has been standing by since the 20 April. Need an answer by end of day."
4143,58915,1997-11-21,chat,damaged,0,"The polished steel brackets (PO 48088, 250 units) were crushed in transit, the box looked like it had been dropped from a height."
4144,121384,1997-01-14,chat,quality,0,Two of our customers returned products built with your medium plated fasteners on PO 30906 because of early failure.
4145,20053,1998-03-13,phone transcript,billing,1,We still have not received the credit note you promised for the brushed aluminium panels on PO 39643. Honestly I am not sure we can keep working with you. Escalating to my manager if not resolved.
4146,137878,1997-09-25,account manager note,wrong_item,0,Following up: Got 200 units of the wrong finish instead of the small polished rods on PO 65347 we specified.
4147,65056,1998-07-14,phone transcript,wrong_item,0,Urgent: We ordered large copper coils (75 units) and received something completely different. Reference attached.
4148,140566,1997-11-03,chat,wrong_item,0,We ordered brass fittings and received something completely different. Reference attached.
4149,118702,1997-03-24,phone transcript,billing,1,"Good morning. We still have not received the credit note you promised for the economy brass valves (PO 36175, 1200 units). We are reviewing whether to renew the contract at the end of the quarter. Thanks."
4150,75295,1997-04-13,portal,wrong_item,0,"The box is labelled small polished rods (PO 48066, 500 units) but inside are parts in the wrong size. Regards, procurement."
4151,11911,1998-07-28,email,quality,0,"To whom it may concern: The latest batch of burnished tin sheets on PO 87045 does not meet the tolerance in our spec, the threads are off. Reference attached."
4152,30223,1997-10-27,phone transcript,wrong_item,0,Good morning. The box is labelled brushed aluminium panels but inside are parts in the wrong size. Escalating to my manager if not resolved.
4153,141152,1998-02-06,phone transcript,quality,0,"Hi support, two of our customers returned products built with your brass fittings (40 units) because of early failure. Please call me back today."
4154,113375,1998-03-13,account manager note,late_delivery,0,Urgent: Third week waiting on the anodized copper pipe. The tracking page has said 'in transit' since the 5 March. Please call me back today.
4155,66958,1997-10-08,phone transcript,wrong_item,0,"Following up: We ordered promo tin cans and received something completely different. Regards, procurement."
4156,13525,1997-03-04,phone transcript,account,0,"Hi support, could you send us a copy of last year's statements for our auditors? Escalating to my manager if not resolved."
4157,70622,1998-03-06,account manager note,account,0,"Following up: I cannot log into the ordering portal, the password reset email never arrives. Regards, procurement."
4158,18113,1997-06-20,phone transcript,late_delivery,0,Following up: Our shipment of small polished rods on PO 37993 was promised for the 31 May and still has not turned up. Escalating to my manager if not resolved.
4159,5675,1997-11-04,portal,billing,0,"Hello, we were invoiced twice for the same batch of medium plated fasteners. Regards, procurement."
4160,107929,1998-04-29,email,account,0,"Hi team, could you send us a copy of last year's statements for our auditors? Regards, procurement."
4161,86647,1997-03-04,phone transcript,account,0,"Following up: Could you send us a copy of last year's statements for our auditors? Regards, procurement."
4162,73438,1998-07-17,chat,damaged,0,"Urgent: Received the anodized copper pipe (PO 99856, 500 units) but the packaging was soaked through and the metal has started to rust."
4163,66577,1997-11-03,portal,billing,0,"Hi team, the price on the invoice for economy brass valves (PO 81664, 250 units) is higher than the price we agreed in the contract. Thanks."
4164,106757,1997-01-09,account manager note,praise,0,"Consistently good quality on the plated nickel bolts (PO 70523, 250 units), our QA has not flagged anything in months. Need an answer by end of day."
4165,30067,1997-06-03,chat,praise,0,Just wanted to say the plated nickel bolts (40 units) arrived early and in perfect condition. Great job. Need an answer by end of day.
4166,47488,1998-02-24,email,late_delivery,0,"The brass fittings (PO 33409, 800 units) consignment slipped again. That is the second slip this quarter. Please call me back today."
4167,34286,1997-10-05,phone transcript,damaged,0,Pallet of standard steel flanges arrived with the wrapping torn open and several pieces dented.
4168,113063,1997-07-06,account manager note,late_delivery,0,To whom it may concern: Still no sign of the promo tin cans (250 units). Our warehouse team has been standing by since the 17 June. Need an answer by end of day.
4169,25354,1998-05-19,phone transcript,quality,0,"Following up: The latest batch of anodized copper pipe (1200 units) does not meet the tolerance in our spec, the threads are off. Escalating to my manager if not resolved."
4170,125012,1997-05-26,portal,damaged,0,Good morning. Opened the delivery of brass fittings this morning and a good third of them are cracked.
4171,114494,1997-06-01,account manager note,damaged,0,"The medium plated fasteners were crushed in transit, the box looked like it had been dropped from a height."
4172,37481,1997-05-16,phone transcript,praise,0,"Hello, consistently good quality on the promo tin cans, our QA has not flagged anything in months. Regards, procurement."
4173,117758,1998-03-03,phone transcript,wrong_item,0,"Hi team, got 200 units of the wrong finish instead of the medium plated fasteners (120 units) we specified. Need an answer by end of day."
4174,143024,1998-01-04,email,praise,0,"Hello, consistently good quality on the anodized copper pipe (75 units), our QA has not flagged anything in months. Thanks."
4175,122573,1997-02-13,phone transcript,praise,0,"Hello, consistently good quality on the polished steel brackets, our QA has not flagged anything in months. Escalating to my manager if not resolved."
4176,57604,1998-04-17,phone transcript,praise,0,"Hi account team, thanks for the quick turnaround on the brushed aluminium panels (PO 59635, 250 units), it saved our production week. Need an answer by end of day."
4177,52325,1997-04-16,portal,quality,1,"Hello, compared with last year the economy brass valves on PO 11585 feel cheaper and wear out much faster. Our procurement team has asked me to find an alternative vendor. Need an answer by end of day."
4178,87649,1997-10-18,chat,praise,0,"Good morning. Just wanted to say the small polished rods (120 units) arrived early and in perfect condition. Great job. Regards, procurement."
4179,126164,1998-07-29,account manager note,late_delivery,0,"Good morning. The burnished tin sheets (PO 19902, 500 units) consignment slipped again. That is the second slip this quarter."
4180,87007,1998-04-14,email,damaged,1,"Following up: The promo tin cans were crushed in transit, the box looked like it had been dropped from a height. If this happens again we will move our business to another supplier. Escalating to my manager if not resolved."
4181,41939,1997-08-05,email,billing,1,"Hello, please explain the extra surcharge on our last statement for the brushed aluminium panels (500 units). Honestly I am not sure we can keep working with you. Need an answer by end of day."
4182,96568,1998-07-29,chat,billing,0,"Hello, the price on the invoice for brushed aluminium panels on PO 10338 is higher than the price we agreed in the contract. Reference attached."
4183,12077,1997-10-02,email,quality,0,"Hi Mei, compared with last year the polished steel brackets on PO 24576 feel cheaper and wear out much faster. Regards, procurement."
4184,75221,1997-04-22,phone transcript,billing,0,"Hi team, the price on the invoice for medium plated fasteners (PO 36820, 40 units) is higher than the price we agreed in the contract. Regards, procurement."
4185,77137,1997-05-05,account manager note,account,0,"Hi Marco, I cannot log into the ordering portal, the password reset email never arrives."
4186,85397,1997-07-02,chat,billing,1,"Hello, we were invoiced twice for the same batch of economy brass valves. Frankly we are already talking to your competitors. Need an answer by end of day."
4187,48407,1998-04-18,phone transcript,billing,0,We were invoiced twice for the same batch of burnished tin sheets.
4188,3793,1998-01-26,account manager note,late_delivery,0,"Your carrier keeps rescheduling. We were told the 11 January, then Friday, now 'next week' for the economy brass valves (PO 89252, 120 units)."
4189,62771,1997-10-26,account manager note,late_delivery,1,To whom it may concern: The economy brass valves consignment slipped again. That is the second slip this quarter. Our procurement team has asked me to find an alternative vendor. Reference attached.
4190,29113,1997-01-29,chat,account,0,"Hello, please add my colleague as a second contact on our account. Regards, procurement."
4191,146429,1997-01-04,account manager note,late_delivery,1,"Urgent: We planned a production run around the standard steel flanges (800 units) arriving on the 22 December. Nothing has arrived and the line is idle. Honestly I am not sure we can keep working with you. Regards, procurement."
4192,16211,1997-07-23,account manager note,late_delivery,0,Our shipment of medium plated fasteners (1200 units) was promised for the 5 July and still has not turned up.
4193,56024,1997-09-14,chat,praise,0,"Hello, thanks for the quick turnaround on the medium plated fasteners on PO 60641, it saved our production week."
4194,75326,1997-07-02,portal,quality,0,"Hello, compared with last year the small polished rods on PO 42380 feel cheaper and wear out much faster."
4195,109229,1998-01-03,phone transcript,praise,0,"Good morning. Thanks for the quick turnaround on the promo tin cans, it saved our production week. Please call me back today."
4196,20621,1998-01-27,portal,quality,0,Urgent: Compared with last year the brass fittings (40 units) feel cheaper and wear out much faster.
4197,56434,1998-05-27,chat,late_delivery,0,Good morning. Third week waiting on the large copper coils. The tracking page has said 'in transit' since the 14 May. Thanks.
4198,70187,1997-08-17,chat,late_delivery,1,"Hi support, still no sign of the medium plated fasteners on PO 13474. Our warehouse team has been standing by since the 1 August. Honestly I am not sure we can keep working with you. Please call me back today."
4199,31927,1997-10-30,chat,late_delivery,0,To whom it may concern: Still no sign of the standard steel flanges on PO 46518. Our warehouse team has been standing by since the 16 October.
4200,107768,1998-01-30,chat,damaged,0,Good morning. Several of the brushed aluminium panels on PO 72235 were snapped in two when we unpacked them. Thanks.
4201,81322,1997-05-14,account manager note,praise,0,"To whom it may concern: Just wanted to say the standard steel flanges (PO 84181, 75 units) arrived early and in perfect condition. Great job. Regards, procurement."
4202,52186,1997-04-09,email,wrong_item,0,This is not what we asked for. The polished steel brackets on PO 50697 on the invoice do not match what is on the pallet.
4203,30737,1998-01-22,chat,quality,0,"Urgent: Compared with last year the polished steel brackets (PO 56252, 120 units) feel cheaper and wear out much faster. Please call me back today."
4204,80824,1997-09-28,account manager note,praise,0,Urgent: Just wanted to say the brushed aluminium panels (75 units) arrived early and in perfect condition. Great job. Escalating to my manager if not resolved.
4205,50554,1998-03-10,account manager note,account,0,"We have moved office, please update the delivery address on our account."
4206,96503,1997-06-16,chat,quality,0,"Hi team, our QA rejected the brushed aluminium panels. Finish is uneven and some pieces fail the stress test. Regards, procurement."
4207,14986,1997-09-04,chat,late_delivery,0,"Hi support, your carrier keeps rescheduling. We were told the 24 August, then Friday, now 'next week' for the promo tin cans (PO 20874, 500 units). Need an answer by end of day."
4208,126511,1997-06-27,email,billing,0,Urgent: Please explain the extra surcharge on our last statement for the burnished tin sheets (75 units). Please call me back today.
4209,29003,1998-07-19,portal,late_delivery,0,Good morning. Third week waiting on the plated nickel bolts (500 units). The tracking page has said 'in transit' since the 15 July. Escalating to my manager if not resolved.
4210,38305,1998-02-16,portal,billing,0,"To whom it may concern: Our finance team cannot reconcile your invoice, the quantities of standard steel flanges are off. Thanks."
4211,31301,1997-03-18,account manager note,late_delivery,0,Following up: Third week waiting on the standard steel flanges. The tracking page has said 'in transit' since the 11 March. Reference attached.
4212,24562,1997-05-10,portal,praise,0,"Following up: Thanks for the quick turnaround on the polished steel brackets (800 units), it saved our production week. Escalating to my manager if not resolved."
4213,5207,1997-09-07,phone transcript,damaged,0,"Hi account team, half the large copper coils (PO 26708, 40 units) came out of the crate bent and scratched. Need an answer by end of day."
4214,116948,1997-03-10,portal,late_delivery,0,Urgent: Third week waiting on the large copper coils on PO 53515. The tracking page has said 'in transit' since the 2 March. Escalating to my manager if not resolved.
4215,118219,1998-03-04,email,wrong_item,0,This is not what we asked for. The brass fittings on the invoice do not match what is on the pallet. Please call me back today.
4216,13037,1998-01-17,account manager note,praise,0,"Good morning. Consistently good quality on the polished steel brackets (PO 87184, 75 units), our QA has not flagged anything in months."
4217,61966,1997-09-22,phone transcript,damaged,0,"Hi team, pallet of brass fittings (PO 93903, 75 units) arrived with the wrapping torn open and several pieces dented."
4218,41854,1997-09-24,chat,late_delivery,0,Urgent: Our shipment of medium plated fasteners was promised for the 18 September and still has not turned up.
4219,22454,1997-08-22,phone transcript,account,0,Could you send us a copy of last year's statements for our auditors? Please call me back today.
4220,3173,1997-02-26,chat,damaged,0,Following up: Several of the large copper coils on PO 13821 were snapped in two when we unpacked them. Thanks.
4221,46661,1998-01-29,chat,praise,0,"Consistently good quality on the brass fittings (PO 55020, 40 units), our QA has not flagged anything in months."
4222,119149,1997-01-23,portal,quality,1,"The latest batch of small polished rods does not meet the tolerance in our spec, the threads are off. This is the last chance, after this we are going elsewhere. Regards, procurement."
4223,134783,1997-10-25,email,quality,0,To whom it may concern: Our QA rejected the economy brass valves. Finish is uneven and some pieces fail the stress test.
4224,140717,1998-07-20,portal,damaged,0,"Hi team, the polished steel brackets were crushed in transit, the box looked like it had been dropped from a height. Reference attached."
4225,56420,1998-02-24,email,praise,0,"Consistently good quality on the large copper coils on PO 63462, our QA has not flagged anything in months. Need an answer by end of day."
4226,1298,1998-05-19,account manager note,billing,0,The price on the invoice for promo tin cans on PO 53306 is higher than the price we agreed in the contract. Need an answer by end of day.
4227,61306,1998-07-21,email,billing,0,Good morning. We still have not received the credit note you promised for the plated nickel bolts (1200 units). Please call me back today.
4228,17651,1998-05-01,email,wrong_item,1,"Your warehouse picked the wrong SKU again, these are not polished steel brackets (800 units). If this happens again we will move our business to another supplier."
4229,70174,1998-07-14,phone transcript,wrong_item,1,"Hello, your warehouse picked the wrong SKU again, these are not small polished rods on PO 94931. If this happens again we will move our business to another supplier. Need an answer by end of day."
4230,86984,1997-09-17,email,quality,1,"Hi team, two of our customers returned products built with your plated nickel bolts (200 units) because of early failure. Honestly I am not sure we can keep working with you."
4231,43159,1997-03-30,phone transcript,account,0,"Hi team, could you send us a copy of last year's statements for our auditors? Please call me back today."
4232,71395,1998-03-21,portal,late_delivery,1,"Urgent: Your carrier keeps rescheduling. We were told the 5 March, then Friday, now 'next week' for the anodized copper pipe. If this happens again we will move our business to another supplier. Need an answer by end of day."
4233,30316,1998-06-04,email,late_delivery,0,"Hello, still no sign of the brushed aluminium panels (800 units). Our warehouse team has been standing by since the 24 May. Reference attached."
4234,99472,1998-05-20,email,quality,0,Our QA rejected the burnished tin sheets. Finish is uneven and some pieces fail the stress test. Escalating to my manager if not resolved.
4235,102347,1997-11-23,email,praise,0,"To whom it may concern: Your account team sorted our small polished rods issue in a single call, really appreciated. Reference attached."
4236,146771,1997-10-08,portal,billing,0,"Hi account team, the price on the invoice for brass fittings is higher than the price we agreed in the contract."
4237,139232,1997-02-18,portal,late_delivery,0,"To whom it may concern: The standard steel flanges (PO 52488, 40 units) consignment slipped again. That is the second slip this quarter."
4238,96788,1998-04-25,email,quality,0,"Hello, compared with last year the economy brass valves on PO 72719 feel cheaper and wear out much faster. Thanks."
4239,114260,1998-04-26,portal,late_delivery,1,"Urgent: We planned a production run around the burnished tin sheets (PO 37432, 120 units) arriving on the 9 April. Nothing has arrived and the line is idle. Frankly we are already talking to your competitors."
4240,104774,1998-01-31,phone transcript,billing,0,Good morning. We still have not received the credit note you promised for the large copper coils. Need an answer by end of day.
4241,110786,1997-10-26,phone transcript,quality,1,"Hi Marco, our QA rejected the plated nickel bolts (PO 92638, 40 units). Finish is uneven and some pieces fail the stress test. If this happens again we will move our business to another supplier. Regards, procurement."
4242,18034,1997-04-08,portal,damaged,0,Good morning. Opened the delivery of standard steel flanges on PO 37553 this morning and a good third of them are cracked.
4243,14411,1997-11-13,email,late_delivery,0,"Hello, can someone tell me where order for medium plated fasteners (75 units) is? It was meant to be here days ago. Need an answer by end of day."
4244,103457,1997-08-13,email,late_delivery,1,Following up: Still no sign of the standard steel flanges on PO 43719. Our warehouse team has been standing by since the 6 August. Honestly I am not sure we can keep working with you.
4245,13666,1998-05-28,chat,damaged,0,Several of the brass fittings on PO 64890 were snapped in two when we unpacked them.
4246,38243,1998-05-30,portal,praise,0,"Hi team, thanks for the quick turnaround on the brass fittings (PO 46111, 120 units), it saved our production week. Escalating to my manager if not resolved."
4247,21001,1998-03-10,chat,damaged,0,"To whom it may concern: Half the economy brass valves (PO 46553, 200 units) came out of the crate bent and scratched."
4248,115643,1997-10-05,email,damaged,0,To whom it may concern: Opened the delivery of promo tin cans this morning and a good third of them are cracked. Please call me back today.
4249,124405,1997-11-24,portal,quality,0,"Two of our customers returned products built with your anodized copper pipe (PO 73323, 75 units) because of early failure. Thanks."
4250,106967,1997-03-11,portal,praise,0,"Following up: Your account team sorted our economy brass valves (500 units) issue in a single call, really appreciated. Reference attached."
4251,87322,1997-04-03,portal,late_delivery,0,"Hello, third week waiting on the burnished tin sheets. The tracking page has said 'in transit' since the 20 March. Thanks."
4252,144715,1997-09-03,email,account,1,Following up: Please add my colleague as a second contact on our account. Our procurement team has asked me to find an alternative vendor. Thanks.
4253,93488,1997-03-08,email,wrong_item,0,"The box is labelled promo tin cans (75 units) but inside are parts in the wrong size. Regards, procurement."
4254,19610,1998-07-21,portal,quality,1,"To whom it may concern: Our QA rejected the polished steel brackets on PO 83280. Finish is uneven and some pieces fail the stress test. Honestly I am not sure we can keep working with you. Regards, procurement."
4255,26477,1997-10-19,chat,damaged,0,"The anodized copper pipe (PO 78890, 75 units) were crushed in transit, the box looked like it had been dropped from a height. Please call me back today."
4256,59555,1997-08-06,account manager note,late_delivery,0,"Our shipment of large copper coils (PO 12252, 200 units) was promised for the 27 July and still has not turned up. Escalating to my manager if not resolved."
4257,129835,1998-04-18,account manager note,quality,1,"Compared with last year the brushed aluminium panels (PO 94337, 250 units) feel cheaper and wear out much faster. Our procurement team has asked me to find an alternative vendor. Please call me back today."
4258,84865,1997-11-03,phone transcript,damaged,0,Several of the small polished rods were snapped in two when we unpacked them. Please call me back today.
4259,82654,1997-09-19,chat,account,0,Good morning. Please add my colleague as a second contact on our account. Please call me back today.
4260,36604,1997-04-22,portal,quality,1,"Hello, compared with last year the burnished tin sheets feel cheaper and wear out much faster. Honestly I am not sure we can keep working with you. Regards, procurement."
4261,46117,1997-07-31,portal,wrong_item,0,"We ordered small polished rods (PO 91325, 1200 units) and received something completely different. Reference attached."
4262,12245,1997-05-01,chat,late_delivery,0,"Urgent: Your carrier keeps rescheduling. We were told the 27 April, then Friday, now 'next week' for the polished steel brackets. Regards, procurement."
4263,106697,1997-03-06,chat,billing,1,"Urgent: We were invoiced twice for the same batch of burnished tin sheets on PO 92611. This is the last chance, after this we are going elsewhere. Please call me back today."
4264,142279,1998-07-13,chat,billing,1,To whom it may concern: The price on the invoice for polished steel brackets (200 units) is higher than the price we agreed in the contract. We are reviewing whether to renew the contract at the end of the quarter.
4265,107768,1998-04-08,account manager note,account,0,"We have moved office, please update the delivery address on our account."
4266,28744,1997-06-12,chat,damaged,0,Urgent: Half the burnished tin sheets (800 units) came out of the crate bent and scratched. Escalating to my manager if not resolved.
4267,49867,1998-05-12,chat,late_delivery,0,"Good morning. Our shipment of brushed aluminium panels (120 units) was promised for the 30 April and still has not turned up. Regards, procurement."
4268,89230,1997-12-10,phone transcript,quality,1,"Hi Mei, the latest batch of promo tin cans (PO 76780, 500 units) does not meet the tolerance in our spec, the threads are off. Frankly we are already talking to your competitors. Need an answer by end of day."
4269,12013,1998-03-08,email,damaged,0,"Hi team, pallet of standard steel flanges on PO 95448 arrived with the wrapping torn open and several pieces dented. Escalating to my manager if not resolved."
4270,15376,1998-01-03,chat,account,0,"Good morning. We have moved office, please update the delivery address on our account. Need an answer by end of day."
4271,33658,1997-12-25,phone transcript,quality,1,"The latest batch of standard steel flanges does not meet the tolerance in our spec, the threads are off. If this happens again we will move our business to another supplier. Please call me back today."
4272,36748,1998-03-04,phone transcript,praise,0,"To whom it may concern: Your account team sorted our brass fittings (PO 78291, 500 units) issue in a single call, really appreciated. Reference attached."
4273,105554,1997-01-20,chat,late_delivery,0,"Hi Tom, the small polished rods (250 units) consignment slipped again. That is the second slip this quarter. Reference attached."
4274,49781,1998-03-19,chat,account,0,"We have moved office, please update the delivery address on our account."
4275,15371,1997-02-05,phone transcript,quality,1,"Following up: Our QA rejected the standard steel flanges (PO 65545, 250 units). Finish is uneven and some pieces fail the stress test. If this happens again we will move our business to another supplier. Escalating to my manager if not resolved."
4276,110722,1997-04-23,portal,praise,0,Good morning. Just wanted to say the small polished rods arrived early and in perfect condition. Great job. Escalating to my manager if not resolved.
4277,99907,1998-06-03,portal,late_delivery,1,"Hi team, our shipment of brushed aluminium panels was promised for the 30 May and still has not turned up. Honestly I am not sure we can keep working with you. Reference attached."
4278,8386,1997-08-02,phone transcript,account,0,"To whom it may concern: We have moved office, please update the delivery address on our account. Need an answer by end of day."
4279,12113,1997-05-18,email,praise,0,"Hi Mei, your account team sorted our brass fittings issue in a single call, really appreciated. Regards, procurement."
4280,93277,1998-07-13,email,praise,0,Good morning. Just wanted to say the polished steel brackets (1200 units) arrived early and in perfect condition. Great job. Please call me back today.
4281,62392,1997-04-23,account manager note,quality,0,Urgent: Two of our customers returned products built with your promo tin cans (120 units) because of early failure. Need an answer by end of day.
4282,74857,1998-04-03,phone transcript,late_delivery,0,"Urgent: We planned a production run around the small polished rods arriving on the 23 March. Nothing has arrived and the line is idle. Regards, procurement."
4283,33568,1997-11-15,portal,wrong_item,1,"Good morning. Your warehouse picked the wrong SKU again, these are not small polished rods (PO 68759, 120 units). Honestly I am not sure we can keep working with you."
4284,53372,1998-03-30,account manager note,late_delivery,0,To whom it may concern: We planned a production run around the large copper coils arriving on the 22 March. Nothing has arrived and the line is idle. Escalating to my manager if not resolved.
4285,139232,1997-01-21,chat,billing,0,"Urgent: We were invoiced twice for the same batch of plated nickel bolts. Regards, procurement."
4286,8332,1997-02-03,phone transcript,quality,0,Following up: Compared with last year the economy brass valves feel cheaper and wear out much faster. Need an answer by end of day.
4287,109508,1997-01-04,account manager note,late_delivery,0,Urgent: Can someone tell me where order for medium plated fasteners on PO 87416 is? It was meant to be here days ago.
4288,10889,1997-07-29,chat,quality,0,Urgent: Two of our customers returned products built with your promo tin cans on PO 74672 because of early failure. Escalating to my manager if not resolved.
4289,34159,1998-07-01,phone transcript,wrong_item,1,Urgent: The box is labelled promo tin cans but inside are parts in the wrong size. If this happens again we will move our business to another supplier.
4290,107786,1997-07-15,portal,late_delivery,0,"Hi team, we planned a production run around the polished steel brackets on PO 99115 arriving on the 30 June. Nothing has arrived and the line is idle. Need an answer by end of day."
4291,98129,1997-07-02,chat,quality,0,Good morning. Two of our customers returned products built with your anodized copper pipe (40 units) because of early failure. Need an answer by end of day.
4292,24662,1998-05-06,phone transcript,damaged,0,"Hi team, pallet of plated nickel bolts arrived with the wrapping torn open and several pieces dented. Regards, procurement."
4293,149884,1997-10-19,account manager note,praise,0,"Hello, your account team sorted our burnished tin sheets on PO 26088 issue in a single call, really appreciated. Need an answer by end of day."
4294,16654,1998-03-06,email,billing,0,"To whom it may concern: Our finance team cannot reconcile your invoice, the quantities of brushed aluminium panels (PO 79324, 200 units) are off."
4295,95639,1997-03-29,portal,wrong_item,1,"Hi Priya, the box is labelled brushed aluminium panels on PO 53248 but inside are parts in the wrong size. Our procurement team has asked me to find an alternative vendor."
4296,60503,1997-07-15,chat,praise,0,"Hi Rahul, just wanted to say the standard steel flanges on PO 17807 arrived early and in perfect condition. Great job. Please call me back today."
4297,57656,1998-01-06,email,account,0,"Hello, I cannot log into the ordering portal, the password reset email never arrives. Please call me back today."
4298,105848,1997-04-14,phone transcript,billing,0,Following up: Please explain the extra surcharge on our last statement for the brass fittings on PO 51648. Thanks.
4299,97703,1998-01-19,email,account,0,"Hi team, I cannot log into the ordering portal, the password reset email never arrives. Please call me back today."
4300,74219,1997-05-11,portal,late_delivery,0,The burnished tin sheets consignment slipped again. That is the second slip this quarter. Reference attached.
4301,129373,1997-11-21,email,wrong_item,1,Good morning. Got 200 units of the wrong finish instead of the brass fittings we specified. If this happens again we will move our business to another supplier. Reference attached.
4302,31615,1998-05-06,chat,late_delivery,0,"Urgent: Still no sign of the large copper coils (120 units). Our warehouse team has been standing by since the 24 April. Regards, procurement."
4303,26881,1997-05-06,email,billing,1,"Urgent: Our finance team cannot reconcile your invoice, the quantities of promo tin cans on PO 89481 are off. Honestly I am not sure we can keep working with you."
4304,136792,1997-08-03,portal,damaged,1,Several of the small polished rods were snapped in two when we unpacked them. If this happens again we will move our business to another supplier. Need an answer by end of day.
4305,96491,1998-02-21,portal,praise,0,"Your account team sorted our plated nickel bolts (800 units) issue in a single call, really appreciated. Regards, procurement."
4306,116570,1997-07-29,email,billing,0,"Hi team, please explain the extra surcharge on our last statement for the promo tin cans (PO 58922, 120 units). Escalating to my manager if not resolved."
4307,15185,1997-05-26,portal,praise,0,"Your account team sorted our standard steel flanges on PO 45527 issue in a single call, really appreciated. Escalating to my manager if not resolved."
4308,30365,1997-06-19,chat,billing,0,Following up: We were invoiced twice for the same batch of plated nickel bolts on PO 15702. Escalating to my manager if not resolved.
4309,136282,1997-03-04,phone transcript,late_delivery,1,To whom it may concern: Our shipment of small polished rods was promised for the 21 February and still has not turned up. Our procurement team has asked me to find an alternative vendor.
4310,4685,1997-03-04,account manager note,damaged,0,"Hi team, the polished steel brackets (800 units) were crushed in transit, the box looked like it had been dropped from a height."
4311,113905,1997-12-07,phone transcript,late_delivery,0,Urgent: We planned a production run around the medium plated fasteners on PO 67523 arriving on the 19 November. Nothing has arrived and the line is idle. Reference attached.
4312,15980,1998-04-18,portal,billing,1,"Our finance team cannot reconcile your invoice, the quantities of medium plated fasteners are off. Frankly we are already talking to your competitors. Regards, procurement."
4313,131959,1997-11-01,phone transcript,late_delivery,1,Following up: Third week waiting on the burnished tin sheets. The tracking page has said 'in transit' since the 26 October. Honestly I am not sure we can keep working with you. Please call me back today.
4314,95578,1997-02-14,email,quality,1,To whom it may concern: Our QA rejected the medium plated fasteners (800 units). Finish is uneven and some pieces fail the stress test. We are reviewing whether to renew the contract at the end of the quarter. Reference attached.
4315,36730,1998-04-28,email,billing,0,To whom it may concern: Please explain the extra surcharge on our last statement for the small polished rods (200 units). Need an answer by end of day.
4316,74684,1997-10-14,chat,billing,1,We still have not received the credit note you promised for the brushed aluminium panels (250 units). If this happens again we will move our business to another supplier. Escalating to my manager if not resolved.
4317,72941,1997-10-04,chat,damaged,0,"To whom it may concern: The anodized copper pipe were crushed in transit, the box looked like it had been dropped from a height. Thanks."
4318,132709,1997-12-16,email,praise,0,"Urgent: Consistently good quality on the brass fittings on PO 67864, our QA has not flagged anything in months. Regards, procurement."
4319,64129,1997-12-11,email,late_delivery,0,Our shipment of small polished rods on PO 55578 was promised for the 5 December and still has not turned up. Need an answer by end of day.
4320,53087,1998-03-21,phone transcript,account,0,"Hello, please add my colleague as a second contact on our account. Need an answer by end of day."
4321,69373,1997-02-11,account manager note,billing,0,Please explain the extra surcharge on our last statement for the polished steel brackets (800 units). Need an answer by end of day.
4322,146002,1998-03-30,account manager note,account,0,"Hello, please add my colleague as a second contact on our account. Escalating to my manager if not resolved."
4323,133367,1998-03-10,account manager note,late_delivery,0,"Following up: We planned a production run around the brushed aluminium panels (PO 51346, 800 units) arriving on the 7 March. Nothing has arrived and the line is idle. Regards, procurement."
4324,85507,1997-04-29,account manager note,late_delivery,0,"Hi account team, the polished steel brackets consignment slipped again. That is the second slip this quarter. Please call me back today."
4325,74563,1997-08-21,account manager note,account,0,"Hi team, I cannot log into the ordering portal, the password reset email never arrives. Regards, procurement."
4326,96389,1997-10-24,portal,wrong_item,1,"Hello, we ordered polished steel brackets (PO 39279, 200 units) and received something completely different. Our procurement team has asked me to find an alternative vendor. Thanks."
4327,102961,1997-12-09,email,damaged,0,Several of the brass fittings were snapped in two when we unpacked them.
4328,17963,1997-11-16,portal,wrong_item,0,Got 200 units of the wrong finish instead of the economy brass valves (1200 units) we specified.
4329,55522,1997-10-17,account manager note,billing,0,"Hi team, our finance team cannot reconcile your invoice, the quantities of anodized copper pipe on PO 63050 are off. Please call me back today."
4330,42754,1997-12-11,portal,damaged,0,"Several of the economy brass valves (PO 40364, 1200 units) were snapped in two when we unpacked them. Please call me back today."
4331,145025,1998-04-02,portal,damaged,0,"Hi Mei, the economy brass valves were crushed in transit, the box looked like it had been dropped from a height. Thanks."
4332,71011,1997-05-11,chat,damaged,0,"Following up: The burnished tin sheets (250 units) were crushed in transit, the box looked like it had been dropped from a height."
4333,64031,1997-07-08,portal,quality,0,Compared with last year the economy brass valves feel cheaper and wear out much faster.
4334,139030,1997-01-18,portal,wrong_item,0,"Hello, this is not what we asked for. The standard steel flanges on the invoice do not match what is on the pallet. Escalating to my manager if not resolved."
4335,80632,1997-02-11,chat,billing,1,"Urgent: We still have not received the credit note you promised for the large copper coils (75 units). This is the last chance, after this we are going elsewhere. Thanks."
4336,138391,1998-01-08,account manager note,billing,0,We were invoiced twice for the same batch of economy brass valves on PO 18325. Escalating to my manager if not resolved.
4337,6557,1997-01-29,account manager note,late_delivery,0,Our shipment of plated nickel bolts was promised for the 14 January and still has not turned up.
4338,1597,1997-10-18,phone transcript,late_delivery,1,"Hi Tom, your carrier keeps rescheduling. We were told the 15 October, then Friday, now 'next week' for the large copper coils (200 units). This is the last chance, after this we are going elsewhere."
4339,56494,1998-05-05,chat,praise,0,"Urgent: Just wanted to say the plated nickel bolts on PO 57214 arrived early and in perfect condition. Great job. Regards, procurement."
4340,53018,1997-05-26,email,billing,0,Good morning. Please explain the extra surcharge on our last statement for the standard steel flanges on PO 54345.
4341,113917,1997-11-27,portal,account,0,To whom it may concern: Please add my colleague as a second contact on our account. Thanks.
4342,29326,1997-04-24,chat,late_delivery,1,"Hello, the anodized copper pipe on PO 63898 consignment slipped again. That is the second slip this quarter. If this happens again we will move our business to another supplier. Escalating to my manager if not resolved."
4343,53545,1998-02-10,email,praise,0,To whom it may concern: Just wanted to say the large copper coils arrived early and in perfect condition. Great job. Reference attached.
4344,62731,1998-03-15,phone transcript,account,0,To whom it may concern: Please add my colleague as a second contact on our account. Need an answer by end of day.
4345,146771,1997-04-01,portal,account,0,"Good morning. I cannot log into the ordering portal, the password reset email never arrives. Thanks."
4346,61150,1998-04-07,email,billing,0,"Hi team, please explain the extra surcharge on our last statement for the anodized copper pipe on PO 14355. Reference attached."
4347,59723,1997-02-21,phone transcript,quality,0,"Two of our customers returned products built with your standard steel flanges (PO 72603, 40 units) because of early failure. Thanks."
4348,26477,1997-08-20,email,account,0,"Hi Tom, could you send us a copy of last year's statements for our auditors? Thanks."
4349,26947,1997-03-22,phone transcript,quality,0,"Hi team, the latest batch of burnished tin sheets does not meet the tolerance in our spec, the threads are off. Escalating to my manager if not resolved."
4350,11503,1997-02-10,account manager note,wrong_item,1,This is not what we asked for. The large copper coils on the invoice do not match what is on the pallet. Honestly I am not sure we can keep working with you. Need an answer by end of day.
4351,112933,1997-12-18,chat,late_delivery,0,"Hi team, the small polished rods on PO 45986 consignment slipped again. That is the second slip this quarter."
4352,127249,1997-08-17,account manager note,quality,0,Good morning. Two of our customers returned products built with your promo tin cans because of early failure. Escalating to my manager if not resolved.
4353,129530,1998-05-10,phone transcript,damaged,1,"Hello, half the economy brass valves (PO 90706, 120 units) came out of the crate bent and scratched. If this happens again we will move our business to another supplier. Regards, procurement."
4354,91327,1997-10-03,phone transcript,praise,0,"Urgent: Consistently good quality on the burnished tin sheets on PO 12209, our QA has not flagged anything in months. Need an answer by end of day."
4355,11744,1997-09-09,phone transcript,late_delivery,0,"Good morning. Our shipment of brushed aluminium panels on PO 92402 was promised for the 5 September and still has not turned up. Regards, procurement."
4356,57697,1998-04-12,chat,quality,1,"The latest batch of promo tin cans (200 units) does not meet the tolerance in our spec, the threads are off. Honestly I am not sure we can keep working with you. Escalating to my manager if not resolved."
4357,87958,1998-07-20,phone transcript,late_delivery,1,"Still no sign of the brushed aluminium panels (PO 65532, 1200 units). Our warehouse team has been standing by since the 9 July. If this happens again we will move our business to another supplier. Regards, procurement."
4358,61025,1998-06-23,account manager note,quality,1,"Hello, the latest batch of medium plated fasteners on PO 92827 does not meet the tolerance in our spec, the threads are off. Our procurement team has asked me to find an alternative vendor. Regards, procurement."
4359,68701,1997-02-11,chat,wrong_item,0,"Good morning. This is not what we asked for. The plated nickel bolts (PO 55182, 40 units) on the invoice do not match what is on the pallet. Reference attached."
4360,90851,1998-07-14,chat,late_delivery,0,To whom it may concern: Our shipment of brass fittings on PO 43934 was promised for the 25 June and still has not turned up.
4361,85009,1998-02-03,account manager note,praise,0,"Just wanted to say the large copper coils (PO 59797, 250 units) arrived early and in perfect condition. Great job. Escalating to my manager if not resolved."
4362,110851,1998-04-09,portal,account,0,"Hi Mei, please add my colleague as a second contact on our account. Please call me back today."
4363,120647,1997-02-02,portal,account,0,"Hi Marco, please add my colleague as a second contact on our account. Thanks."
4364,132955,1997-01-29,phone transcript,wrong_item,0,"Hi team, this is not what we asked for. The burnished tin sheets on the invoice do not match what is on the pallet. Reference attached."
4365,15269,1997-04-14,chat,praise,0,"Hi Anna, your account team sorted our large copper coils (75 units) issue in a single call, really appreciated. Please call me back today."
4366,145208,1997-08-13,portal,late_delivery,1,"Hi Priya, third week waiting on the standard steel flanges. The tracking page has said 'in transit' since the 4 August. This is the last chance, after this we are going elsewhere."
4367,16946,1997-07-07,chat,account,0,"To whom it may concern: I cannot log into the ordering portal, the password reset email never arrives. Thanks."
4368,105266,1997-05-02,portal,damaged,0,"Pallet of plated nickel bolts (PO 71041, 1200 units) arrived with the wrapping torn open and several pieces dented. Regards, procurement."
4369,70384,1998-04-21,email,billing,0,"Urgent: We still have not received the credit note you promised for the large copper coils (PO 22245, 75 units). Need an answer by end of day."
4370,62060,1998-03-21,phone transcript,praise,0,"Urgent: Consistently good quality on the medium plated fasteners, our QA has not flagged anything in months. Need an answer by end of day."
4371,113635,1998-07-16,account manager note,quality,0,To whom it may concern: Our QA rejected the plated nickel bolts. Finish is uneven and some pieces fail the stress test. Escalating to my manager if not resolved.
4372,52403,1998-06-18,portal,damaged,0,"To whom it may concern: Received the economy brass valves (PO 50878, 75 units) but the packaging was soaked through and the metal has started to rust."
4373,38231,1997-07-12,email,wrong_item,0,"Urgent: Your warehouse picked the wrong SKU again, these are not anodized copper pipe (PO 16806, 250 units)."
4374,67424,1997-05-24,phone transcript,wrong_item,0,We ordered standard steel flanges and received something completely different. Thanks.
4375,25354,1997-06-17,account manager note,quality,0,"Our QA rejected the promo tin cans (PO 31984, 75 units). Finish is uneven and some pieces fail the stress test."
4376,40187,1997-10-20,chat,late_delivery,1,"Hi team, we planned a production run around the economy brass valves (120 units) arriving on the 5 October. Nothing has arrived and the line is idle. We are reviewing whether to renew the contract at the end of the quarter. Regards, procurement."
4377,115304,1997-02-08,email,account,0,"To whom it may concern: We have moved office, please update the delivery address on our account. Regards, procurement."
4378,118780,1997-02-22,chat,late_delivery,0,To whom it may concern: The promo tin cans (500 units) consignment slipped again. That is the second slip this quarter. Please call me back today.
4379,21203,1997-07-30,chat,late_delivery,0,Still no sign of the standard steel flanges. Our warehouse team has been standing by since the 15 July.
4380,14951,1997-12-03,chat,billing,0,The price on the invoice for large copper coils is higher than the price we agreed in the contract. Escalating to my manager if not resolved.
4381,144842,1997-03-11,email,billing,1,To whom it may concern: The price on the invoice for promo tin cans (1200 units) is higher than the price we agreed in the contract. If this happens again we will move our business to another supplier.
4382,142064,1997-10-26,account manager note,praise,0,"Urgent: Just wanted to say the brass fittings (PO 66795, 500 units) arrived early and in perfect condition. Great job. Escalating to my manager if not resolved."
4383,40516,1997-03-06,portal,account,0,Please add my colleague as a second contact on our account. Please call me back today.
4384,106666,1998-03-10,portal,wrong_item,0,Following up: We ordered anodized copper pipe and received something completely different.
4385,57571,1997-05-12,phone transcript,account,0,"Hi support, I cannot log into the ordering portal, the password reset email never arrives. Regards, procurement."
4386,68359,1998-05-27,chat,quality,1,"Urgent: Our QA rejected the economy brass valves. Finish is uneven and some pieces fail the stress test. This is the last chance, after this we are going elsewhere."
4387,138797,1997-07-16,portal,billing,0,"To whom it may concern: Our finance team cannot reconcile your invoice, the quantities of brushed aluminium panels on PO 35147 are off. Need an answer by end of day."
4388,141290,1997-05-08,chat,damaged,0,Pallet of promo tin cans on PO 79963 arrived with the wrapping torn open and several pieces dented. Please call me back today.
4389,74872,1997-08-19,phone transcript,wrong_item,0,Good morning. The box is labelled promo tin cans but inside are parts in the wrong size. Reference attached.
4390,10634,1997-12-10,account manager note,late_delivery,0,"To whom it may concern: Third week waiting on the small polished rods (1200 units). The tracking page has said 'in transit' since the 28 November. Regards, procurement."
4391,134798,1997-06-11,chat,late_delivery,0,"Your carrier keeps rescheduling. We were told the 24 May, then Friday, now 'next week' for the small polished rods (75 units). Escalating to my manager if not resolved."
4392,14911,1997-12-31,portal,wrong_item,0,This is not what we asked for. The small polished rods on the invoice do not match what is on the pallet. Need an answer by end of day.
4393,124861,1998-04-11,email,wrong_item,0,To whom it may concern: Got 200 units of the wrong finish instead of the burnished tin sheets we specified. Need an answer by end of day.
4394,99472,1997-06-12,portal,late_delivery,0,Good morning. Can someone tell me where order for economy brass valves on PO 19583 is? It was meant to be here days ago.
4395,68671,1998-06-08,email,account,0,"Hi team, I cannot log into the ordering portal, the password reset email never arrives. Reference attached."
4396,128522,1997-09-24,account manager note,account,0,"Good morning. We have moved office, please update the delivery address on our account. Thanks."
4397,6725,1997-09-27,phone transcript,billing,0,"Hello, we still have not received the credit note you promised for the economy brass valves. Need an answer by end of day."
4398,120928,1997-12-02,email,late_delivery,1,Still no sign of the polished steel brackets (250 units). Our warehouse team has been standing by since the 28 November. We are reviewing whether to renew the contract at the end of the quarter. Thanks.
4399,120908,1997-03-19,account manager note,praise,0,Just wanted to say the brass fittings (40 units) arrived early and in perfect condition. Great job. Please call me back today.
4400,76141,1997-09-26,phone transcript,account,0,Following up: Please add my colleague as a second contact on our account.
4401,144743,1997-03-07,chat,account,0,Urgent: Please add my colleague as a second contact on our account. Escalating to my manager if not resolved.
4402,90973,1997-05-21,account manager note,damaged,1,"Pallet of large copper coils (PO 74165, 500 units) arrived with the wrapping torn open and several pieces dented. Our procurement team has asked me to find an alternative vendor. Reference attached."
4403,53566,1998-02-21,portal,praise,0,Urgent: Just wanted to say the medium plated fasteners arrived early and in perfect condition. Great job.
4404,22256,1998-02-22,chat,late_delivery,0,"Hi Mei, can someone tell me where order for plated nickel bolts (PO 12820, 120 units) is? It was meant to be here days ago. Regards, procurement."
4405,146584,1997-03-26,email,billing,0,"Hi team, the price on the invoice for small polished rods is higher than the price we agreed in the contract. Please call me back today."
4406,51694,1997-12-21,account manager note,late_delivery,0,"To whom it may concern: Your carrier keeps rescheduling. We were told the 4 December, then Friday, now 'next week' for the polished steel brackets. Please call me back today."
4407,10688,1998-03-02,email,late_delivery,1,"Your carrier keeps rescheduling. We were told the 20 February, then Friday, now 'next week' for the large copper coils. We are reviewing whether to renew the contract at the end of the quarter. Please call me back today."
4408,20044,1998-07-07,portal,billing,0,The price on the invoice for medium plated fasteners is higher than the price we agreed in the contract.
4409,91231,1997-05-20,email,late_delivery,1,"Hi team, our shipment of plated nickel bolts was promised for the 15 May and still has not turned up. Honestly I am not sure we can keep working with you. Need an answer by end of day."
4410,6095,1997-03-23,phone transcript,late_delivery,0,To whom it may concern: The polished steel brackets on PO 25302 consignment slipped again. That is the second slip this quarter.
4411,100282,1997-06-15,portal,late_delivery,0,The small polished rods (40 units) consignment slipped again. That is the second slip this quarter. Reference attached.
4412,88628,1997-02-12,account manager note,damaged,0,Following up: Received the burnished tin sheets on PO 87204 but the packaging was soaked through and the metal has started to rust.
4413,107359,1997-04-21,email,account,0,To whom it may concern: Could you send us a copy of last year's statements for our auditors?
4414,109322,1997-12-24,portal,late_delivery,0,"Hello, the large copper coils consignment slipped again. That is the second slip this quarter. Escalating to my manager if not resolved."
4415,3541,1998-04-30,chat,damaged,0,"Hi team, several of the promo tin cans on PO 56394 were snapped in two when we unpacked them. Need an answer by end of day."
4416,86662,1998-05-11,chat,praise,0,"Hello, consistently good quality on the large copper coils, our QA has not flagged anything in months. Reference attached."
4417,111733,1997-04-13,account manager note,billing,0,"Following up: Our finance team cannot reconcile your invoice, the quantities of large copper coils (500 units) are off. Escalating to my manager if not resolved."
4418,119278,1998-04-18,portal,account,0,Please add my colleague as a second contact on our account. Escalating to my manager if not resolved.
4419,16279,1998-06-26,chat,billing,0,Following up: We were invoiced twice for the same batch of anodized copper pipe on PO 52189. Thanks.
4420,62392,1997-09-24,phone transcript,damaged,1,"The small polished rods (PO 51245, 500 units) were crushed in transit, the box looked like it had been dropped from a height. We are reviewing whether to renew the contract at the end of the quarter. Need an answer by end of day."
4421,110594,1997-06-22,email,damaged,1,"Hello, half the economy brass valves (PO 64272, 120 units) came out of the crate bent and scratched. Frankly we are already talking to your competitors. Regards, procurement."
4422,68359,1997-12-12,email,damaged,1,Following up: Several of the anodized copper pipe on PO 70575 were snapped in two when we unpacked them. We are reviewing whether to renew the contract at the end of the quarter. Thanks.
4423,137489,1997-07-29,chat,late_delivery,0,Following up: Our shipment of polished steel brackets was promised for the 9 July and still has not turned up. Escalating to my manager if not resolved.
4424,13582,1997-09-05,chat,late_delivery,0,Following up: Still no sign of the brass fittings on PO 69072. Our warehouse team has been standing by since the 23 August.
4425,6896,1998-03-01,portal,billing,1,"Good morning. Our finance team cannot reconcile your invoice, the quantities of anodized copper pipe (40 units) are off. If this happens again we will move our business to another supplier. Thanks."
4426,7031,1998-01-14,portal,praise,0,Following up: Just wanted to say the small polished rods arrived early and in perfect condition. Great job. Need an answer by end of day.
4427,3904,1997-05-04,phone transcript,account,0,"Hi team, we have moved office, please update the delivery address on our account."
4428,53519,1997-07-19,email,account,1,"Could you send us a copy of last year's statements for our auditors? This is the last chance, after this we are going elsewhere. Reference attached."
4429,8131,1998-04-06,email,late_delivery,1,Can someone tell me where order for small polished rods (250 units) is? It was meant to be here days ago. Our procurement team has asked me to find an alternative vendor.
4430,37561,1998-07-23,account manager note,wrong_item,1,Urgent: We ordered large copper coils and received something completely different. Frankly we are already talking to your competitors.
4431,132530,1997-06-27,account manager note,account,0,"Following up: We have moved office, please update the delivery address on our account."
4432,38800,1998-04-05,portal,praise,0,"Hi account team, your account team sorted our anodized copper pipe (40 units) issue in a single call, really appreciated. Escalating to my manager if not resolved."
4433,86500,1997-12-21,account manager note,late_delivery,0,Urgent: Still no sign of the polished steel brackets. Our warehouse team has been standing by since the 3 December.
4434,133714,1997-03-02,portal,late_delivery,0,Can someone tell me where order for promo tin cans is? It was meant to be here days ago.
4435,141778,1998-01-22,phone transcript,praise,0,"Following up: Your account team sorted our brass fittings (PO 95205, 75 units) issue in a single call, really appreciated."
4436,71981,1997-04-30,email,billing,1,"Good morning. We still have not received the credit note you promised for the medium plated fasteners (PO 64920, 120 units). Honestly I am not sure we can keep working with you. Need an answer by end of day."
4437,114482,1998-06-14,account manager note,late_delivery,0,The large copper coils (500 units) consignment slipped again. That is the second slip this quarter. Escalating to my manager if not resolved.
4438,145109,1997-09-10,account manager note,quality,1,"Urgent: Two of our customers returned products built with your brushed aluminium panels (PO 35516, 40 units) because of early failure. If this happens again we will move our business to another supplier."
4439,34975,1997-10-24,phone transcript,damaged,0,"Opened the delivery of burnished tin sheets (PO 23834, 40 units) this morning and a good third of them are cracked. Escalating to my manager if not resolved."
4440,18199,1998-04-01,account manager note,billing,1,"Urgent: Our finance team cannot reconcile your invoice, the quantities of economy brass valves are off. Frankly we are already talking to your competitors."
4441,132490,1998-01-08,email,late_delivery,0,Following up: The burnished tin sheets consignment slipped again. That is the second slip this quarter. Reference attached.
4442,82292,1998-02-17,email,quality,0,"Hi Marco, two of our customers returned products built with your large copper coils (800 units) because of early failure."
4443,61025,1997-08-09,portal,billing,0,"Hi Rahul, please explain the extra surcharge on our last statement for the standard steel flanges (1200 units)."
4444,1886,1998-07-20,email,damaged,0,"Good morning. The small polished rods (PO 93877, 800 units) were crushed in transit, the box looked like it had been dropped from a height. Please call me back today."
4445,46255,1997-03-27,portal,quality,1,"Hello, our QA rejected the burnished tin sheets on PO 78874. Finish is uneven and some pieces fail the stress test. Our procurement team has asked me to find an alternative vendor. Thanks."
4446,75503,1998-05-23,chat,quality,0,Our QA rejected the polished steel brackets. Finish is uneven and some pieces fail the stress test. Need an answer by end of day.
4447,114077,1998-07-28,chat,late_delivery,1,"Good morning. Can someone tell me where order for burnished tin sheets (PO 73084, 1200 units) is? It was meant to be here days ago. We are reviewing whether to renew the contract at the end of the quarter. Reference attached."
4448,100982,1997-06-11,chat,late_delivery,0,"The standard steel flanges (PO 44149, 40 units) consignment slipped again. That is the second slip this quarter."
4449,2911,1997-10-21,phone transcript,billing,1,Urgent: We still have not received the credit note you promised for the plated nickel bolts (120 units). Frankly we are already talking to your competitors. Need an answer by end of day.
4450,140713,1998-01-16,email,late_delivery,1,"Hi team, our shipment of brushed aluminium panels (1200 units) was promised for the 30 December and still has not turned up. If this happens again we will move our business to another supplier. Thanks."
4451,141152,1998-07-29,chat,damaged,0,"Following up: Opened the delivery of anodized copper pipe (120 units) this morning and a good third of them are cracked. Regards, procurement."
4452,81220,1997-04-14,chat,billing,0,"We still have not received the credit note you promised for the large copper coils (PO 89591, 500 units)."
4453,28069,1998-03-04,account manager note,late_delivery,0,Urgent: Still no sign of the plated nickel bolts. Our warehouse team has been standing by since the 22 February. Thanks.
4454,115142,1998-07-07,portal,billing,0,"Our finance team cannot reconcile your invoice, the quantities of plated nickel bolts (PO 77001, 200 units) are off."
4455,122428,1998-01-17,chat,late_delivery,0,"Hi Tom, can someone tell me where order for brass fittings on PO 27940 is? It was meant to be here days ago. Reference attached."
4456,124988,1997-12-01,phone transcript,wrong_item,0,To whom it may concern: This is not what we asked for. The promo tin cans on the invoice do not match what is on the pallet.
4457,100282,1997-09-01,account manager note,late_delivery,1,"Can someone tell me where order for brushed aluminium panels (PO 47816, 75 units) is? It was meant to be here days ago. Honestly I am not sure we can keep working with you. Reference attached."
4458,21059,1997-05-19,chat,billing,0,"Hi team, the price on the invoice for medium plated fasteners on PO 86838 is higher than the price we agreed in the contract."
4459,55522,1997-10-12,account manager note,account,0,Good morning. Please add my colleague as a second contact on our account. Need an answer by end of day.
4460,41219,1997-08-07,account manager note,damaged,0,"Good morning. Pallet of brushed aluminium panels (PO 28165, 1200 units) arrived with the wrapping torn open and several pieces dented. Please call me back today."
4461,56846,1998-05-06,portal,damaged,1,"Hello, the anodized copper pipe on PO 94105 were crushed in transit, the box looked like it had been dropped from a height. Our procurement team has asked me to find an alternative vendor."
4462,57401,1998-04-02,email,late_delivery,0,"To whom it may concern: We planned a production run around the brushed aluminium panels (PO 75391, 75 units) arriving on the 22 March. Nothing has arrived and the line is idle."
4463,93377,1998-06-04,chat,billing,1,"Hi team, the price on the invoice for small polished rods is higher than the price we agreed in the contract. Frankly we are already talking to your competitors. Thanks."
4464,106826,1997-06-14,account manager note,wrong_item,0,"Your warehouse picked the wrong SKU again, these are not anodized copper pipe on PO 29523."
4465,49325,1998-01-12,portal,wrong_item,0,Good morning. This is not what we asked for. The polished steel brackets (500 units) on the invoice do not match what is on the pallet. Please call me back today.
4466,24215,1997-07-29,portal,praise,0,"Following up: Consistently good quality on the plated nickel bolts on PO 36582, our QA has not flagged anything in months. Regards, procurement."
4467,99140,1997-07-20,account manager note,account,0,"Hello, please add my colleague as a second contact on our account. Thanks."
4468,59378,1998-03-30,portal,account,0,"Following up: Could you send us a copy of last year's statements for our auditors? Regards, procurement."
4469,63641,1997-06-20,phone transcript,damaged,0,"The medium plated fasteners (500 units) were crushed in transit, the box looked like it had been dropped from a height."
4470,133538,1997-08-27,portal,late_delivery,0,"Hi team, our shipment of standard steel flanges was promised for the 22 August and still has not turned up. Escalating to my manager if not resolved."
4471,34723,1998-03-17,phone transcript,praise,0,"Urgent: Thanks for the quick turnaround on the brass fittings (PO 92505, 800 units), it saved our production week. Escalating to my manager if not resolved."
4472,21205,1998-07-07,email,billing,0,"Hi Tom, we still have not received the credit note you promised for the economy brass valves. Reference attached."
4473,40750,1997-05-12,phone transcript,account,0,"Hello, could you send us a copy of last year's statements for our auditors? Regards, procurement."
4474,84653,1998-02-02,portal,late_delivery,0,"Hi team, your carrier keeps rescheduling. We were told the 28 January, then Friday, now 'next week' for the promo tin cans (800 units)."
4475,88855,1997-08-31,email,late_delivery,0,"Urgent: Can someone tell me where order for promo tin cans (PO 22810, 75 units) is? It was meant to be here days ago."
4476,113386,1998-01-30,chat,account,0,"Hi team, we have moved office, please update the delivery address on our account. Escalating to my manager if not resolved."
4477,139294,1998-06-24,phone transcript,late_delivery,0,Third week waiting on the brass fittings. The tracking page has said 'in transit' since the 16 June.
4478,58106,1997-07-14,email,praise,0,"Following up: Just wanted to say the promo tin cans arrived early and in perfect condition. Great job. Regards, procurement."
4479,112667,1997-01-09,portal,quality,0,"Hi team, two of our customers returned products built with your plated nickel bolts (120 units) because of early failure."
4480,18034,1998-07-27,email,quality,0,"Hi team, the latest batch of promo tin cans does not meet the tolerance in our spec, the threads are off."
4481,106267,1998-05-17,account manager note,praise,0,"Your account team sorted our large copper coils (1200 units) issue in a single call, really appreciated. Escalating to my manager if not resolved."
4482,33658,1997-09-04,account manager note,quality,0,Good morning. Our QA rejected the polished steel brackets. Finish is uneven and some pieces fail the stress test. Need an answer by end of day.
4483,147160,1997-09-02,account manager note,damaged,1,"Following up: Several of the anodized copper pipe (PO 43887, 75 units) were snapped in two when we unpacked them. Our procurement team has asked me to find an alternative vendor. Please call me back today."
4484,108839,1998-01-17,email,account,0,"Good morning. I cannot log into the ordering portal, the password reset email never arrives. Need an answer by end of day."
4485,82870,1997-03-17,account manager note,praise,0,"Following up: Your account team sorted our economy brass valves issue in a single call, really appreciated. Regards, procurement."
4486,51652,1997-09-25,phone transcript,damaged,0,Half the large copper coils came out of the crate bent and scratched.
4487,129373,1998-07-23,portal,praise,0,"Hello, consistently good quality on the large copper coils, our QA has not flagged anything in months. Regards, procurement."
4488,72098,1997-10-26,phone transcript,late_delivery,0,Our shipment of anodized copper pipe was promised for the 15 October and still has not turned up. Please call me back today.
4489,62417,1998-02-04,phone transcript,damaged,0,"Half the brushed aluminium panels (PO 65205, 1200 units) came out of the crate bent and scratched."
4490,68495,1997-01-29,account manager note,late_delivery,1,"Urgent: Your carrier keeps rescheduling. We were told the 26 January, then Friday, now 'next week' for the large copper coils (200 units). If this happens again we will move our business to another supplier. Thanks."
4491,111197,1998-06-14,account manager note,wrong_item,0,Urgent: This is not what we asked for. The brass fittings on the invoice do not match what is on the pallet.
4492,10523,1997-10-15,portal,late_delivery,0,"Following up: Can someone tell me where order for standard steel flanges (PO 86772, 500 units) is? It was meant to be here days ago. Please call me back today."
4493,77186,1997-06-13,phone transcript,billing,0,"Good morning. Please explain the extra surcharge on our last statement for the standard steel flanges (PO 63816, 250 units). Escalating to my manager if not resolved."
4494,136901,1998-07-26,email,praise,0,"Hello, thanks for the quick turnaround on the anodized copper pipe, it saved our production week. Please call me back today."
4495,33410,1997-05-13,email,late_delivery,1,"Good morning. Your carrier keeps rescheduling. We were told the 29 April, then Friday, now 'next week' for the medium plated fasteners (120 units). We are reviewing whether to renew the contract at the end of the quarter. Please call me back today."
4496,34685,1998-05-02,portal,account,0,"Urgent: I cannot log into the ordering portal, the password reset email never arrives."
4497,140566,1998-05-13,phone transcript,late_delivery,0,Our shipment of standard steel flanges on PO 13662 was promised for the 29 April and still has not turned up. Please call me back today.
4498,18199,1997-12-13,phone transcript,late_delivery,1,"Hi team, our shipment of brushed aluminium panels (40 units) was promised for the 23 November and still has not turned up. Our procurement team has asked me to find an alternative vendor. Regards, procurement."
4499,110584,1998-07-11,phone transcript,damaged,1,"Hi Rahul, several of the brass fittings (PO 68977, 800 units) were snapped in two when we unpacked them. This is the last chance, after this we are going elsewhere."
4500,76855,1997-12-23,phone transcript,late_delivery,0,Good morning. Still no sign of the polished steel brackets. Our warehouse team has been standing by since the 14 December. Need an answer by end of day.
4501,71065,1997-05-28,phone transcript,late_delivery,0,Urgent: Still no sign of the burnished tin sheets on PO 67475. Our warehouse team has been standing by since the 24 May.
4502,56143,1997-07-30,account manager note,late_delivery,0,"Hello, third week waiting on the brushed aluminium panels (PO 41482, 800 units). The tracking page has said 'in transit' since the 21 July. Need an answer by end of day."
4503,62212,1998-02-07,account manager note,late_delivery,0,"Hi Priya, third week waiting on the anodized copper pipe. The tracking page has said 'in transit' since the 3 February."
4504,64544,1998-07-04,account manager note,damaged,0,Following up: Half the brass fittings came out of the crate bent and scratched.
4505,101912,1997-12-11,email,late_delivery,0,Good morning. We planned a production run around the brushed aluminium panels on PO 18495 arriving on the 30 November. Nothing has arrived and the line is idle.
4506,79861,1997-02-14,email,damaged,1,Urgent: Opened the delivery of anodized copper pipe on PO 89889 this morning and a good third of them are cracked. We are reviewing whether to renew the contract at the end of the quarter. Reference attached.
4507,54922,1997-09-25,account manager note,billing,1,"Our finance team cannot reconcile your invoice, the quantities of small polished rods (40 units) are off. Frankly we are already talking to your competitors. Need an answer by end of day."
4508,45239,1997-03-22,chat,praise,0,"Hello, your account team sorted our economy brass valves on PO 26165 issue in a single call, really appreciated. Reference attached."
4509,109003,1997-08-13,email,late_delivery,0,Good morning. Still no sign of the burnished tin sheets. Our warehouse team has been standing by since the 30 July.
4510,127591,1997-06-11,chat,praise,0,Just wanted to say the medium plated fasteners on PO 82296 arrived early and in perfect condition. Great job. Need an answer by end of day.
4511,40714,1997-04-08,chat,late_delivery,0,Third week waiting on the standard steel flanges on PO 65520. The tracking page has said 'in transit' since the 25 March.
4512,8630,1997-06-19,email,billing,0,Good morning. We were invoiced twice for the same batch of anodized copper pipe (1200 units). Thanks.
4513,105779,1997-01-20,phone transcript,quality,1,Following up: Compared with last year the anodized copper pipe feel cheaper and wear out much faster. We are reviewing whether to renew the contract at the end of the quarter. Thanks.
4514,7711,1997-05-26,portal,damaged,1,"To whom it may concern: Received the plated nickel bolts (PO 27630, 800 units) but the packaging was soaked through and the metal has started to rust. We are reviewing whether to renew the contract at the end of the quarter."
4515,55171,1997-04-22,account manager note,damaged,0,"Good morning. The plated nickel bolts were crushed in transit, the box looked like it had been dropped from a height. Reference attached."
4516,118012,1997-03-17,portal,account,0,"Good morning. We have moved office, please update the delivery address on our account."
4517,76372,1998-04-03,email,billing,0,"Hi team, the price on the invoice for polished steel brackets (75 units) is higher than the price we agreed in the contract. Reference attached."
4518,46414,1997-07-20,email,billing,0,"Hello, the price on the invoice for economy brass valves is higher than the price we agreed in the contract. Thanks."
4519,76855,1997-06-13,phone transcript,quality,1,"Hello, our QA rejected the promo tin cans (120 units). Finish is uneven and some pieces fail the stress test. This is the last chance, after this we are going elsewhere. Regards, procurement."
4520,69046,1997-08-19,email,account,0,"Following up: I cannot log into the ordering portal, the password reset email never arrives. Regards, procurement."
4521,147769,1997-02-06,portal,damaged,0,"Hello, received the brushed aluminium panels but the packaging was soaked through and the metal has started to rust."
4522,73691,1998-06-19,portal,billing,1,"Please explain the extra surcharge on our last statement for the large copper coils (200 units). This is the last chance, after this we are going elsewhere. Escalating to my manager if not resolved."
4523,95479,1997-01-05,portal,wrong_item,0,"We ordered brass fittings on PO 16836 and received something completely different. Regards, procurement."
4524,121721,1997-02-27,portal,praise,0,Urgent: Just wanted to say the polished steel brackets arrived early and in perfect condition. Great job.
4525,91805,1998-06-16,email,account,0,"We have moved office, please update the delivery address on our account."
4526,50408,1998-03-12,account manager note,billing,0,The price on the invoice for brushed aluminium panels (200 units) is higher than the price we agreed in the contract. Escalating to my manager if not resolved.
4527,59743,1998-04-14,chat,late_delivery,0,To whom it may concern: Third week waiting on the standard steel flanges (200 units). The tracking page has said 'in transit' since the 9 April. Thanks.
4528,109975,1998-06-14,phone transcript,damaged,0,"Received the polished steel brackets (120 units) but the packaging was soaked through and the metal has started to rust. Regards, procurement."
4529,97558,1997-10-09,account manager note,quality,0,Good morning. Two of our customers returned products built with your promo tin cans because of early failure. Thanks.
4530,124085,1997-02-20,email,late_delivery,0,Following up: Can someone tell me where order for polished steel brackets is? It was meant to be here days ago. Thanks.
4531,64544,1997-12-06,account manager note,billing,0,Good morning. The price on the invoice for standard steel flanges is higher than the price we agreed in the contract. Reference attached.
4532,57419,1997-08-24,email,account,0,"Hi team, I cannot log into the ordering portal, the password reset email never arrives. Reference attached."
4533,137045,1997-05-01,account manager note,late_delivery,1,"The small polished rods (75 units) consignment slipped again. That is the second slip this quarter. This is the last chance, after this we are going elsewhere. Please call me back today."
4534,44863,1997-03-27,portal,late_delivery,0,Urgent: Can someone tell me where order for polished steel brackets is? It was meant to be here days ago.
4535,85388,1997-09-17,phone transcript,late_delivery,1,Following up: The small polished rods (200 units) consignment slipped again. That is the second slip this quarter. Honestly I am not sure we can keep working with you. Need an answer by end of day.
4536,128086,1998-07-14,account manager note,praise,0,"Hi team, just wanted to say the polished steel brackets on PO 60366 arrived early and in perfect condition. Great job. Escalating to my manager if not resolved."
4537,138659,1997-12-19,chat,quality,0,"Two of our customers returned products built with your standard steel flanges because of early failure. Regards, procurement."
4538,24313,1997-03-07,portal,late_delivery,0,To whom it may concern: Can someone tell me where order for plated nickel bolts (800 units) is? It was meant to be here days ago.
4539,97756,1998-03-15,phone transcript,account,0,"Hi team, could you send us a copy of last year's statements for our auditors? Need an answer by end of day."
4540,108226,1997-04-11,account manager note,late_delivery,1,"Following up: We planned a production run around the medium plated fasteners (PO 36573, 500 units) arriving on the 25 March. Nothing has arrived and the line is idle. If this happens again we will move our business to another supplier. Reference attached."
4541,39059,1997-10-17,phone transcript,wrong_item,0,"To whom it may concern: This is not what we asked for. The promo tin cans on the invoice do not match what is on the pallet. Regards, procurement."
4542,28064,1997-05-22,email,late_delivery,1,"Hi team, third week waiting on the burnished tin sheets. The tracking page has said 'in transit' since the 5 May. Honestly I am not sure we can keep working with you. Reference attached."
4543,68216,1997-09-10,chat,late_delivery,1,"Hi team, our shipment of promo tin cans (75 units) was promised for the 29 August and still has not turned up. Our procurement team has asked me to find an alternative vendor. Escalating to my manager if not resolved."
4544,118343,1997-04-10,email,billing,1,Good morning. We were invoiced twice for the same batch of promo tin cans. Honestly I am not sure we can keep working with you. Thanks.
4545,37496,1997-07-01,chat,quality,0,"Hi Anna, compared with last year the plated nickel bolts on PO 19603 feel cheaper and wear out much faster. Escalating to my manager if not resolved."
4546,46033,1997-10-07,email,account,0,"Hello, we have moved office, please update the delivery address on our account. Escalating to my manager if not resolved."
4547,50011,1997-05-20,phone transcript,billing,1,"Hi Rahul, our finance team cannot reconcile your invoice, the quantities of standard steel flanges on PO 17282 are off. Our procurement team has asked me to find an alternative vendor. Regards, procurement."
4548,106894,1998-04-16,phone transcript,wrong_item,0,"Hello, this is not what we asked for. The burnished tin sheets on the invoice do not match what is on the pallet. Thanks."
4549,31721,1997-08-18,portal,damaged,1,"Opened the delivery of polished steel brackets this morning and a good third of them are cracked. This is the last chance, after this we are going elsewhere. Please call me back today."
4550,75440,1997-02-05,chat,billing,0,"Urgent: Our finance team cannot reconcile your invoice, the quantities of small polished rods (800 units) are off."
4551,128512,1997-02-16,account manager note,account,0,"Following up: We have moved office, please update the delivery address on our account. Need an answer by end of day."
4552,140569,1997-03-16,account manager note,quality,1,Our QA rejected the brushed aluminium panels. Finish is uneven and some pieces fail the stress test. Frankly we are already talking to your competitors. Please call me back today.
4553,115825,1997-06-16,portal,praise,0,"Urgent: Thanks for the quick turnaround on the anodized copper pipe, it saved our production week."
4554,61658,1998-02-01,account manager note,account,0,"We have moved office, please update the delivery address on our account. Thanks."
4555,29096,1997-10-05,portal,late_delivery,0,"To whom it may concern: Our shipment of polished steel brackets (PO 63345, 120 units) was promised for the 1 October and still has not turned up. Please call me back today."
4556,2051,1997-05-24,account manager note,wrong_item,0,"Following up: Your warehouse picked the wrong SKU again, these are not polished steel brackets (75 units). Escalating to my manager if not resolved."
4557,73334,1997-09-16,email,late_delivery,0,Good morning. Can someone tell me where order for promo tin cans on PO 82633 is? It was meant to be here days ago.
4558,123184,1998-07-09,email,damaged,0,"Hi Tom, pallet of brushed aluminium panels arrived with the wrapping torn open and several pieces dented. Escalating to my manager if not resolved."
4559,38087,1997-09-30,phone transcript,late_delivery,0,The promo tin cans on PO 73444 consignment slipped again. That is the second slip this quarter. Escalating to my manager if not resolved.
4560,116165,1997-08-28,email,billing,0,"Following up: Our finance team cannot reconcile your invoice, the quantities of burnished tin sheets on PO 87442 are off. Need an answer by end of day."
4561,148585,1997-05-17,chat,late_delivery,0,"The small polished rods (PO 10900, 75 units) consignment slipped again. That is the second slip this quarter. Reference attached."
4562,22801,1998-05-18,phone transcript,quality,0,"Hi Rahul, our QA rejected the economy brass valves (PO 30552, 200 units). Finish is uneven and some pieces fail the stress test. Escalating to my manager if not resolved."
4563,26210,1997-07-26,portal,account,0,Good morning. Could you send us a copy of last year's statements for our auditors? Escalating to my manager if not resolved.
4564,120286,1998-05-12,portal,quality,0,"Urgent: Two of our customers returned products built with your economy brass valves (PO 73022, 250 units) because of early failure. Thanks."
4565,107651,1997-01-24,email,late_delivery,0,"Hi team, third week waiting on the economy brass valves (PO 15814, 800 units). The tracking page has said 'in transit' since the 12 January. Regards, procurement."
4566,53479,1997-02-23,account manager note,billing,0,Urgent: We were invoiced twice for the same batch of polished steel brackets (40 units). Reference attached.
4567,71854,1997-05-31,account manager note,praise,0,"To whom it may concern: Consistently good quality on the economy brass valves, our QA has not flagged anything in months. Please call me back today."
4568,37811,1997-07-06,portal,account,0,"Hello, could you send us a copy of last year's statements for our auditors? Escalating to my manager if not resolved."
4569,58310,1998-04-28,account manager note,quality,0,"Hi Rahul, the latest batch of medium plated fasteners does not meet the tolerance in our spec, the threads are off. Need an answer by end of day."
4570,118969,1997-11-22,phone transcript,wrong_item,0,Urgent: This is not what we asked for. The medium plated fasteners on the invoice do not match what is on the pallet. Reference attached.
4571,43564,1998-03-01,phone transcript,wrong_item,0,"Hello, we ordered plated nickel bolts (800 units) and received something completely different."
4572,27895,1997-03-05,portal,quality,0,"Good morning. The latest batch of plated nickel bolts does not meet the tolerance in our spec, the threads are off. Thanks."
4573,25492,1997-12-05,account manager note,late_delivery,0,"Hi team, can someone tell me where order for small polished rods (PO 88161, 1200 units) is? It was meant to be here days ago. Need an answer by end of day."
4574,30539,1997-03-08,email,praise,0,"Hi Marco, thanks for the quick turnaround on the plated nickel bolts on PO 80410, it saved our production week. Please call me back today."
4575,3104,1997-08-16,phone transcript,praise,0,"Following up: Just wanted to say the medium plated fasteners (PO 57497, 1200 units) arrived early and in perfect condition. Great job. Escalating to my manager if not resolved."
4576,106910,1998-05-01,portal,damaged,0,Good morning. Pallet of polished steel brackets on PO 84022 arrived with the wrapping torn open and several pieces dented.
4577,47899,1998-06-18,email,quality,0,"Following up: Compared with last year the small polished rods feel cheaper and wear out much faster. Regards, procurement."
4578,11875,1997-12-10,account manager note,late_delivery,0,"Hi team, our shipment of burnished tin sheets (200 units) was promised for the 2 December and still has not turned up. Thanks."
4579,20917,1997-12-01,email,billing,0,"We still have not received the credit note you promised for the economy brass valves (PO 90401, 40 units). Need an answer by end of day."
4580,121558,1997-01-30,account manager note,billing,0,"Hi Tom, please explain the extra surcharge on our last statement for the polished steel brackets (40 units). Need an answer by end of day."
4581,27155,1997-04-04,chat,quality,0,Good morning. Our QA rejected the medium plated fasteners (75 units). Finish is uneven and some pieces fail the stress test. Thanks.
4582,96736,1997-01-22,phone transcript,account,0,"To whom it may concern: We have moved office, please update the delivery address on our account."
4583,18199,1998-01-29,account manager note,quality,1,"Hi team, the latest batch of plated nickel bolts does not meet the tolerance in our spec, the threads are off. If this happens again we will move our business to another supplier. Need an answer by end of day."
4584,107992,1998-03-02,phone transcript,account,0,To whom it may concern: Could you send us a copy of last year's statements for our auditors? Escalating to my manager if not resolved.
4585,8528,1998-05-16,chat,praise,0,"Hi team, consistently good quality on the brass fittings, our QA has not flagged anything in months. Please call me back today."
4586,26810,1997-04-06,email,late_delivery,1,"Hello, your carrier keeps rescheduling. We were told the 21 March, then Friday, now 'next week' for the economy brass valves. Our procurement team has asked me to find an alternative vendor."
4587,80809,1997-01-08,account manager note,account,0,"Hi team, please add my colleague as a second contact on our account. Thanks."
4588,80920,1997-12-02,account manager note,praise,0,"To whom it may concern: Your account team sorted our standard steel flanges issue in a single call, really appreciated. Need an answer by end of day."
4589,16022,1997-03-06,phone transcript,praise,0,Urgent: Just wanted to say the small polished rods (500 units) arrived early and in perfect condition. Great job.
4590,62599,1997-08-09,portal,damaged,1,"To whom it may concern: Half the anodized copper pipe (PO 27565, 800 units) came out of the crate bent and scratched. Frankly we are already talking to your competitors."
4591,111388,1997-06-16,phone transcript,late_delivery,0,"Hi Mei, the plated nickel bolts (PO 72968, 1200 units) consignment slipped again. That is the second slip this quarter. Escalating to my manager if not resolved."
4592,91661,1998-06-05,phone transcript,late_delivery,0,Following up: The brass fittings on PO 11006 consignment slipped again. That is the second slip this quarter. Please call me back today.
4593,13855,1997-12-16,portal,damaged,0,"Good morning. The medium plated fasteners (PO 36561, 40 units) were crushed in transit, the box looked like it had been dropped from a height."
4594,54559,1997-12-17,account manager note,billing,1,"Hello, please explain the extra surcharge on our last statement for the standard steel flanges. Our procurement team has asked me to find an alternative vendor. Need an answer by end of day."
4595,95390,1997-12-12,portal,praise,0,"Hi Anna, thanks for the quick turnaround on the burnished tin sheets on PO 76491, it saved our production week."
4596,111604,1997-10-03,phone transcript,damaged,0,"Hi Rahul, pallet of polished steel brackets (PO 16453, 500 units) arrived with the wrapping torn open and several pieces dented."
4597,78728,1998-06-08,portal,late_delivery,0,"Hi team, can someone tell me where order for anodized copper pipe (PO 69780, 120 units) is? It was meant to be here days ago. Regards, procurement."
4598,29530,1997-06-08,account manager note,praise,0,"Following up: Consistently good quality on the plated nickel bolts, our QA has not flagged anything in months. Thanks."
4599,141395,1997-06-10,chat,praise,0,"Thanks for the quick turnaround on the polished steel brackets, it saved our production week. Escalating to my manager if not resolved."
4600,50225,1998-01-08,email,billing,0,"Hello, we still have not received the credit note you promised for the polished steel brackets. Thanks."
4601,103753,1997-01-10,phone transcript,late_delivery,0,"Following up: We planned a production run around the medium plated fasteners (PO 59653, 500 units) arriving on the 31 December. Nothing has arrived and the line is idle. Escalating to my manager if not resolved."
4602,26477,1997-05-20,phone transcript,account,0,"To whom it may concern: We have moved office, please update the delivery address on our account."
4603,17669,1997-07-16,account manager note,damaged,0,Good morning. Pallet of large copper coils arrived with the wrapping torn open and several pieces dented. Need an answer by end of day.
4604,20501,1997-06-08,email,late_delivery,0,Following up: The brushed aluminium panels (120 units) consignment slipped again. That is the second slip this quarter.
4605,130871,1998-06-15,portal,damaged,0,"Hello, several of the economy brass valves were snapped in two when we unpacked them. Reference attached."
4606,117719,1997-05-08,email,quality,0,"Good morning. The latest batch of medium plated fasteners (PO 17498, 800 units) does not meet the tolerance in our spec, the threads are off. Regards, procurement."
4607,60016,1997-05-29,portal,late_delivery,1,Good morning. Still no sign of the polished steel brackets (75 units). Our warehouse team has been standing by since the 17 May. If this happens again we will move our business to another supplier.
4608,94109,1997-06-15,email,billing,1,"Hi team, the price on the invoice for anodized copper pipe is higher than the price we agreed in the contract. Honestly I am not sure we can keep working with you. Need an answer by end of day."
4609,25667,1997-08-16,portal,praise,0,"Following up: Consistently good quality on the large copper coils on PO 49927, our QA has not flagged anything in months. Regards, procurement."
4610,31937,1998-05-02,phone transcript,quality,1,"Hi account team, the latest batch of medium plated fasteners (120 units) does not meet the tolerance in our spec, the threads are off. We are reviewing whether to renew the contract at the end of the quarter. Regards, procurement."
4611,91699,1997-10-21,chat,damaged,0,"The small polished rods (PO 61090, 120 units) were crushed in transit, the box looked like it had been dropped from a height. Reference attached."
4612,145456,1997-04-11,phone transcript,wrong_item,0,Good morning. Got 200 units of the wrong finish instead of the small polished rods on PO 38800 we specified. Reference attached.
4613,109991,1997-04-18,portal,late_delivery,0,Urgent: Third week waiting on the polished steel brackets. The tracking page has said 'in transit' since the 13 April.
4614,42835,1997-04-04,portal,damaged,0,"Pallet of promo tin cans (PO 98980, 200 units) arrived with the wrapping torn open and several pieces dented. Regards, procurement."
4615,36580,1997-05-25,phone transcript,wrong_item,0,This is not what we asked for. The medium plated fasteners on PO 10223 on the invoice do not match what is on the pallet. Escalating to my manager if not resolved.
4616,82460,1997-10-26,portal,late_delivery,0,The brass fittings (200 units) consignment slipped again. That is the second slip this quarter. Reference attached.
4617,112970,1998-01-23,phone transcript,billing,0,"Hello, please explain the extra surcharge on our last statement for the anodized copper pipe. Need an answer by end of day."
4618,22961,1997-05-27,account manager note,quality,0,"Urgent: The latest batch of brass fittings (250 units) does not meet the tolerance in our spec, the threads are off. Please call me back today."
4619,106115,1997-02-28,account manager note,late_delivery,0,"Hi team, third week waiting on the standard steel flanges (PO 64431, 120 units). The tracking page has said 'in transit' since the 19 February."
4620,124988,1997-05-17,chat,late_delivery,1,"Still no sign of the brushed aluminium panels. Our warehouse team has been standing by since the 13 May. This is the last chance, after this we are going elsewhere. Need an answer by end of day."
4621,132400,1997-05-14,account manager note,wrong_item,0,"Good morning. Your warehouse picked the wrong SKU again, these are not anodized copper pipe (PO 99034, 120 units). Escalating to my manager if not resolved."
4622,126034,1998-05-11,portal,wrong_item,0,"Hello, got 200 units of the wrong finish instead of the burnished tin sheets (40 units) we specified."
4623,48838,1998-02-19,portal,wrong_item,0,"Hi account team, we ordered standard steel flanges and received something completely different. Reference attached."
4624,96623,1998-05-10,portal,account,0,"Good morning. I cannot log into the ordering portal, the password reset email never arrives."
4625,1378,1997-11-13,chat,damaged,1,"Following up: The polished steel brackets (1200 units) were crushed in transit, the box looked like it had been dropped from a height. This is the last chance, after this we are going elsewhere. Regards, procurement."
4626,93152,1998-06-23,phone transcript,billing,0,We still have not received the credit note you promised for the large copper coils.
4627,50452,1997-12-10,email,account,0,"Hi team, could you send us a copy of last year's statements for our auditors?"
4628,55739,1998-04-23,phone transcript,billing,1,"Hi team, we still have not received the credit note you promised for the burnished tin sheets (PO 16646, 800 units). Frankly we are already talking to your competitors. Regards, procurement."
4629,71138,1998-05-28,portal,praise,0,"Hello, consistently good quality on the burnished tin sheets (PO 15205, 200 units), our QA has not flagged anything in months. Thanks."
4630,88237,1998-01-29,chat,account,0,"Hi support, I cannot log into the ordering portal, the password reset email never arrives. Reference attached."
4631,19205,1998-04-21,account manager note,damaged,1,"Hi Marco, half the polished steel brackets on PO 98410 came out of the crate bent and scratched. If this happens again we will move our business to another supplier. Need an answer by end of day."
4632,132490,1997-01-16,chat,account,0,"Hi Anna, we have moved office, please update the delivery address on our account."
4633,76855,1997-04-12,account manager note,quality,1,"Good morning. Two of our customers returned products built with your anodized copper pipe (PO 88816, 1200 units) because of early failure. We are reviewing whether to renew the contract at the end of the quarter. Please call me back today."
4634,10459,1998-05-10,portal,quality,1,"Two of our customers returned products built with your brass fittings (75 units) because of early failure. Frankly we are already talking to your competitors. Regards, procurement."
4635,13738,1997-02-05,account manager note,billing,1,"Good morning. We were invoiced twice for the same batch of burnished tin sheets (PO 99123, 120 units). This is the last chance, after this we are going elsewhere. Reference attached."
4636,145103,1998-01-11,portal,damaged,0,"The anodized copper pipe on PO 93206 were crushed in transit, the box looked like it had been dropped from a height. Reference attached."
4637,17375,1997-05-15,account manager note,billing,0,"We were invoiced twice for the same batch of medium plated fasteners. Regards, procurement."
4638,43495,1997-06-01,portal,praise,0,"Consistently good quality on the small polished rods on PO 62786, our QA has not flagged anything in months."
4639,76522,1997-05-01,email,late_delivery,0,"Your carrier keeps rescheduling. We were told the 17 April, then Friday, now 'next week' for the medium plated fasteners (PO 36106, 40 units)."
4640,38822,1997-04-07,chat,praise,0,Just wanted to say the brushed aluminium panels arrived early and in perfect condition. Great job. Thanks.
4641,53884,1997-06-22,email,account,0,"Hi team, could you send us a copy of last year's statements for our auditors? Please call me back today."
4642,125240,1998-05-27,account manager note,quality,0,Our QA rejected the large copper coils. Finish is uneven and some pieces fail the stress test. Thanks.
4643,31985,1997-09-18,phone transcript,late_delivery,1,"Our shipment of polished steel brackets (PO 51032, 200 units) was promised for the 6 September and still has not turned up. If this happens again we will move our business to another supplier. Thanks."
4644,98389,1997-02-17,email,praise,0,"To whom it may concern: Just wanted to say the small polished rods (PO 52154, 250 units) arrived early and in perfect condition. Great job. Need an answer by end of day."
4645,47984,1997-11-11,portal,account,0,"Please add my colleague as a second contact on our account. Regards, procurement."
4646,17395,1997-09-07,account manager note,late_delivery,0,"Third week waiting on the small polished rods (PO 67600, 1200 units). The tracking page has said 'in transit' since the 26 August. Reference attached."
4647,146590,1997-07-16,chat,late_delivery,0,"Hi team, we planned a production run around the small polished rods (75 units) arriving on the 2 July. Nothing has arrived and the line is idle. Reference attached."
4648,27157,1997-01-02,portal,billing,0,"Our finance team cannot reconcile your invoice, the quantities of large copper coils (PO 36747, 75 units) are off."
4649,102205,1997-03-09,account manager note,praise,0,"Thanks for the quick turnaround on the medium plated fasteners, it saved our production week. Please call me back today."
4650,118355,1998-03-05,chat,damaged,0,"Urgent: Pallet of small polished rods on PO 67530 arrived with the wrapping torn open and several pieces dented. Regards, procurement."
4651,21857,1997-11-08,account manager note,account,0,"Following up: I cannot log into the ordering portal, the password reset email never arrives. Need an answer by end of day."
4652,61006,1997-11-24,email,wrong_item,1,"Hi Rahul, the box is labelled brushed aluminium panels (PO 78375, 250 units) but inside are parts in the wrong size. We are reviewing whether to renew the contract at the end of the quarter. Thanks."
4653,112900,1997-04-14,portal,praise,0,"Hello, thanks for the quick turnaround on the brushed aluminium panels on PO 10255, it saved our production week."
4654,13298,1997-10-17,email,late_delivery,0,"Third week waiting on the large copper coils. The tracking page has said 'in transit' since the 12 October. Regards, procurement."
4655,61334,1998-04-01,chat,billing,0,Following up: Please explain the extra surcharge on our last statement for the burnished tin sheets. Thanks.
4656,88628,1997-04-16,phone transcript,late_delivery,0,Urgent: The economy brass valves on PO 33107 consignment slipped again. That is the second slip this quarter. Need an answer by end of day.
4657,89053,1997-01-21,chat,late_delivery,0,Following up: We planned a production run around the medium plated fasteners on PO 92277 arriving on the 6 January. Nothing has arrived and the line is idle. Thanks.
4658,119342,1998-05-01,portal,praise,0,"Hi team, thanks for the quick turnaround on the brass fittings, it saved our production week. Reference attached."
4659,26828,1997-02-18,chat,late_delivery,1,"Urgent: The small polished rods (200 units) consignment slipped again. That is the second slip this quarter. We are reviewing whether to renew the contract at the end of the quarter. Regards, procurement."
4660,39248,1998-02-27,account manager note,wrong_item,0,Good morning. We ordered standard steel flanges and received something completely different.
4661,148562,1998-04-01,chat,quality,1,"Our QA rejected the burnished tin sheets (PO 33412, 800 units). Finish is uneven and some pieces fail the stress test. We are reviewing whether to renew the contract at the end of the quarter. Escalating to my manager if not resolved."
4662,93487,1998-03-16,portal,account,0,"Following up: We have moved office, please update the delivery address on our account. Please call me back today."
4663,58514,1997-12-22,email,wrong_item,0,Following up: Got 200 units of the wrong finish instead of the medium plated fasteners (500 units) we specified.
4664,148730,1998-03-06,chat,praise,0,Just wanted to say the brushed aluminium panels (500 units) arrived early and in perfect condition. Great job. Need an answer by end of day.
4665,65705,1998-04-06,chat,wrong_item,0,"Hello, this is not what we asked for. The brass fittings (PO 89429, 500 units) on the invoice do not match what is on the pallet. Regards, procurement."
4666,32032,1997-05-13,chat,account,0,"Following up: I cannot log into the ordering portal, the password reset email never arrives."
4667,49829,1997-09-06,phone transcript,wrong_item,0,"Hello, this is not what we asked for. The large copper coils on the invoice do not match what is on the pallet."
4668,29869,1997-08-12,chat,late_delivery,1,"Urgent: Still no sign of the large copper coils (40 units). Our warehouse team has been standing by since the 9 August. This is the last chance, after this we are going elsewhere."
4669,71659,1997-08-13,email,billing,0,"We were invoiced twice for the same batch of anodized copper pipe. Regards, procurement."
4670,15466,1997-09-08,phone transcript,quality,0,"Hello, two of our customers returned products built with your large copper coils on PO 41858 because of early failure. Regards, procurement."
4671,87631,1998-07-17,email,praise,0,"Urgent: Consistently good quality on the anodized copper pipe on PO 84513, our QA has not flagged anything in months. Reference attached."
4672,10003,1998-02-25,phone transcript,damaged,1,"Hi team, opened the delivery of standard steel flanges (800 units) this morning and a good third of them are cracked. Our procurement team has asked me to find an alternative vendor. Regards, procurement."
4673,56225,1998-05-06,portal,praise,0,Just wanted to say the brass fittings (120 units) arrived early and in perfect condition. Great job. Need an answer by end of day.
4674,112682,1998-04-12,email,billing,1,"Our finance team cannot reconcile your invoice, the quantities of standard steel flanges on PO 76887 are off. If this happens again we will move our business to another supplier. Regards, procurement."
4675,132476,1997-04-22,chat,account,0,Following up: Could you send us a copy of last year's statements for our auditors? Escalating to my manager if not resolved.
4676,114310,1997-06-27,email,late_delivery,0,"Hi team, we planned a production run around the standard steel flanges arriving on the 13 June. Nothing has arrived and the line is idle. Need an answer by end of day."
4677,123802,1997-05-12,email,late_delivery,0,Urgent: The anodized copper pipe consignment slipped again. That is the second slip this quarter. Thanks.
4678,54692,1997-11-12,account manager note,billing,0,"Hi team, we were invoiced twice for the same batch of polished steel brackets on PO 75001. Need an answer by end of day."
4679,55616,1998-06-05,email,billing,1,"Hello, we were invoiced twice for the same batch of medium plated fasteners. Our procurement team has asked me to find an alternative vendor. Need an answer by end of day."
4680,44170,1997-03-09,account manager note,quality,0,"To whom it may concern: Compared with last year the brass fittings (PO 45426, 200 units) feel cheaper and wear out much faster."
4681,47783,1997-11-04,account manager note,wrong_item,0,"Hi support, this is not what we asked for. The medium plated fasteners (200 units) on the invoice do not match what is on the pallet."
4682,87440,1997-07-10,email,late_delivery,0,"Hi team, can someone tell me where order for anodized copper pipe (PO 73143, 200 units) is? It was meant to be here days ago. Thanks."
4683,13262,1997-03-06,email,damaged,1,Urgent: Opened the delivery of burnished tin sheets on PO 54462 this morning and a good third of them are cracked. We are reviewing whether to renew the contract at the end of the quarter. Please call me back today.
4684,88630,1998-04-10,account manager note,late_delivery,0,"Good morning. Our shipment of medium plated fasteners on PO 58029 was promised for the 4 April and still has not turned up. Regards, procurement."
4685,79396,1998-02-09,portal,billing,0,Please explain the extra surcharge on our last statement for the polished steel brackets (250 units). Escalating to my manager if not resolved.
4686,10597,1997-12-16,account manager note,late_delivery,0,Our shipment of anodized copper pipe was promised for the 29 November and still has not turned up. Reference attached.
4687,147128,1997-08-31,phone transcript,damaged,1,"Hi Mei, the brass fittings were crushed in transit, the box looked like it had been dropped from a height. If this happens again we will move our business to another supplier. Need an answer by end of day."
4688,36125,1997-10-13,phone transcript,late_delivery,1,"Urgent: The standard steel flanges consignment slipped again. That is the second slip this quarter. If this happens again we will move our business to another supplier. Regards, procurement."
4689,59294,1998-07-29,portal,damaged,0,Several of the promo tin cans were snapped in two when we unpacked them. Escalating to my manager if not resolved.
4690,38822,1997-11-01,account manager note,damaged,0,"Pallet of plated nickel bolts (PO 38797, 250 units) arrived with the wrapping torn open and several pieces dented. Please call me back today."
4691,129721,1998-06-17,chat,billing,0,Following up: The price on the invoice for burnished tin sheets (1200 units) is higher than the price we agreed in the contract. Please call me back today.
4692,40580,1998-07-24,email,late_delivery,0,We planned a production run around the burnished tin sheets arriving on the 17 July. Nothing has arrived and the line is idle.
4693,50143,1998-05-05,account manager note,late_delivery,0,"Your carrier keeps rescheduling. We were told the 30 April, then Friday, now 'next week' for the brushed aluminium panels (1200 units)."
4694,138961,1997-01-15,email,wrong_item,1,"The box is labelled medium plated fasteners on PO 83412 but inside are parts in the wrong size. This is the last chance, after this we are going elsewhere."
4695,141646,1998-04-17,chat,quality,0,"Hi Marco, compared with last year the small polished rods feel cheaper and wear out much faster. Need an answer by end of day."
4696,78232,1997-01-12,chat,wrong_item,0,"Hello, this is not what we asked for. The burnished tin sheets (PO 18846, 120 units) on the invoice do not match what is on the pallet."
4697,124988,1998-02-22,account manager note,late_delivery,0,Third week waiting on the brass fittings (800 units). The tracking page has said 'in transit' since the 2 February. Please call me back today.
4698,80501,1997-10-31,portal,late_delivery,1,"Urgent: Your carrier keeps rescheduling. We were told the 17 October, then Friday, now 'next week' for the burnished tin sheets on PO 65138. Frankly we are already talking to your competitors."
4699,66184,1997-12-31,email,quality,0,"Hello, compared with last year the brushed aluminium panels (PO 51015, 500 units) feel cheaper and wear out much faster. Reference attached."
4700,36263,1997-01-31,portal,late_delivery,0,"Hi team, the standard steel flanges (250 units) consignment slipped again. That is the second slip this quarter."
4701,47443,1997-05-28,account manager note,late_delivery,0,"Hello, your carrier keeps rescheduling. We were told the 21 May, then Friday, now 'next week' for the burnished tin sheets (PO 96154, 40 units). Escalating to my manager if not resolved."
4702,124240,1997-12-27,account manager note,late_delivery,0,Our shipment of anodized copper pipe was promised for the 24 December and still has not turned up. Thanks.
4703,86809,1997-05-23,phone transcript,damaged,0,Following up: Pallet of burnished tin sheets on PO 35125 arrived with the wrapping torn open and several pieces dented. Please call me back today.
4704,49073,1998-04-28,portal,quality,0,"Hello, the latest batch of anodized copper pipe does not meet the tolerance in our spec, the threads are off. Need an answer by end of day."
4705,86276,1997-02-24,portal,billing,0,We still have not received the credit note you promised for the medium plated fasteners on PO 88988.
4706,147193,1997-11-24,account manager note,quality,1,"The latest batch of medium plated fasteners does not meet the tolerance in our spec, the threads are off. Frankly we are already talking to your competitors. Regards, procurement."
4707,112033,1997-03-22,phone transcript,damaged,0,"Following up: Pallet of polished steel brackets (PO 74323, 120 units) arrived with the wrapping torn open and several pieces dented."
4708,118859,1997-09-07,chat,billing,1,"Hi account team, the price on the invoice for economy brass valves (1200 units) is higher than the price we agreed in the contract. If this happens again we will move our business to another supplier."
4709,22502,1997-12-28,account manager note,damaged,0,"Good morning. Received the plated nickel bolts but the packaging was soaked through and the metal has started to rust. Regards, procurement."
4710,38381,1997-10-02,portal,late_delivery,0,"Hi team, third week waiting on the standard steel flanges (40 units). The tracking page has said 'in transit' since the 13 September. Regards, procurement."
4711,104456,1997-12-05,phone transcript,late_delivery,0,"Following up: Can someone tell me where order for standard steel flanges (PO 16575, 120 units) is? It was meant to be here days ago. Regards, procurement."
4712,140867,1997-12-14,account manager note,praise,0,"To whom it may concern: Consistently good quality on the anodized copper pipe, our QA has not flagged anything in months. Need an answer by end of day."
4713,80503,1997-05-17,phone transcript,damaged,0,"The plated nickel bolts were crushed in transit, the box looked like it had been dropped from a height. Please call me back today."
4714,141374,1997-08-04,account manager note,damaged,0,"To whom it may concern: The brass fittings (75 units) were crushed in transit, the box looked like it had been dropped from a height."
4715,120392,1997-06-23,email,wrong_item,0,"Hi Mei, your warehouse picked the wrong SKU again, these are not large copper coils (PO 51545, 1200 units). Regards, procurement."
4716,15185,1997-04-18,email,late_delivery,1,To whom it may concern: Still no sign of the standard steel flanges on PO 63510. Our warehouse team has been standing by since the 14 April. We are reviewing whether to renew the contract at the end of the quarter. Escalating to my manager if not resolved.
4717,103466,1998-02-27,account manager note,damaged,0,"Hi team, opened the delivery of medium plated fasteners (120 units) this morning and a good third of them are cracked. Escalating to my manager if not resolved."
4718,60788,1997-03-24,account manager note,damaged,0,Good morning. Opened the delivery of small polished rods this morning and a good third of them are cracked. Thanks.
4719,129397,1998-01-30,account manager note,quality,0,"Hi Tom, our QA rejected the economy brass valves. Finish is uneven and some pieces fail the stress test. Reference attached."
4720,48713,1998-05-09,account manager note,quality,1,To whom it may concern: Two of our customers returned products built with your small polished rods (40 units) because of early failure. If this happens again we will move our business to another supplier.
4721,69793,1997-07-01,account manager note,damaged,0,Urgent: Several of the promo tin cans were snapped in two when we unpacked them. Need an answer by end of day.
4722,101003,1997-08-13,portal,wrong_item,0,To whom it may concern: The box is labelled burnished tin sheets on PO 86425 but inside are parts in the wrong size. Please call me back today.
4723,12013,1997-04-21,portal,praise,0,"Thanks for the quick turnaround on the plated nickel bolts, it saved our production week. Reference attached."
4724,81283,1997-03-10,account manager note,late_delivery,0,Following up: Third week waiting on the polished steel brackets on PO 60441. The tracking page has said 'in transit' since the 22 February. Please call me back today.
4725,20657,1997-04-29,phone transcript,damaged,1,"Following up: Received the brushed aluminium panels (250 units) but the packaging was soaked through and the metal has started to rust. This is the last chance, after this we are going elsewhere."
4726,99953,1997-04-04,phone transcript,praise,0,"Following up: Thanks for the quick turnaround on the anodized copper pipe (40 units), it saved our production week."
4727,50623,1997-09-07,email,damaged,0,"Hello, half the large copper coils came out of the crate bent and scratched. Need an answer by end of day."
4728,14911,1998-03-31,account manager note,late_delivery,1,"Hello, we planned a production run around the standard steel flanges arriving on the 26 March. Nothing has arrived and the line is idle. We are reviewing whether to renew the contract at the end of the quarter."
4729,29185,1998-07-03,chat,praise,0,"Hi team, your account team sorted our large copper coils issue in a single call, really appreciated. Reference attached."
4730,70766,1998-01-02,portal,billing,0,Please explain the extra surcharge on our last statement for the brushed aluminium panels (800 units). Escalating to my manager if not resolved.
4731,18718,1998-06-16,email,praise,0,"Hello, just wanted to say the brass fittings on PO 14262 arrived early and in perfect condition. Great job. Thanks."
4732,9817,1997-02-24,chat,wrong_item,1,"Hi team, your warehouse picked the wrong SKU again, these are not polished steel brackets (200 units). Honestly I am not sure we can keep working with you. Reference attached."
4733,24727,1997-07-17,account manager note,billing,0,"Hi support, we still have not received the credit note you promised for the large copper coils (75 units). Need an answer by end of day."
4734,141314,1998-01-04,phone transcript,billing,0,"Hi team, we still have not received the credit note you promised for the standard steel flanges on PO 42591. Escalating to my manager if not resolved."
4735,140566,1997-08-26,chat,late_delivery,1,"Good morning. The burnished tin sheets (800 units) consignment slipped again. That is the second slip this quarter. This is the last chance, after this we are going elsewhere. Thanks."
4736,100406,1998-04-20,chat,account,0,"Urgent: We have moved office, please update the delivery address on our account. Escalating to my manager if not resolved."
4737,124778,1997-02-03,chat,wrong_item,1,"Hi Mei, this is not what we asked for. The small polished rods on PO 88399 on the invoice do not match what is on the pallet. Our procurement team has asked me to find an alternative vendor. Regards, procurement."
4738,32419,1998-01-23,email,account,0,"I cannot log into the ordering portal, the password reset email never arrives. Please call me back today."
4739,98672,1997-02-21,portal,late_delivery,0,"To whom it may concern: Still no sign of the brushed aluminium panels on PO 52215. Our warehouse team has been standing by since the 1 February. Regards, procurement."
4740,21107,1998-04-04,account manager note,quality,1,"Hi Priya, two of our customers returned products built with your burnished tin sheets on PO 67919 because of early failure. Frankly we are already talking to your competitors. Reference attached."
4741,62260,1997-06-21,portal,quality,0,Urgent: Compared with last year the economy brass valves feel cheaper and wear out much faster. Thanks.
4742,50408,1997-07-18,email,late_delivery,1,"To whom it may concern: Your carrier keeps rescheduling. We were told the 14 July, then Friday, now 'next week' for the economy brass valves (PO 62399, 200 units). This is the last chance, after this we are going elsewhere. Escalating to my manager if not resolved."
4743,42835,1997-01-24,chat,quality,0,"Hi team, two of our customers returned products built with your small polished rods because of early failure. Escalating to my manager if not resolved."
4744,87947,1997-08-17,chat,billing,0,Following up: The price on the invoice for large copper coils on PO 96536 is higher than the price we agreed in the contract.
4745,98684,1997-11-24,portal,damaged,0,"Hi team, opened the delivery of plated nickel bolts (PO 42715, 120 units) this morning and a good third of them are cracked. Thanks."
4746,110924,1998-04-05,account manager note,billing,1,"Hello, we still have not received the credit note you promised for the plated nickel bolts. This is the last chance, after this we are going elsewhere."
4747,41950,1998-02-24,portal,late_delivery,0,"Good morning. Can someone tell me where order for brass fittings on PO 19348 is? It was meant to be here days ago. Regards, procurement."
4748,58439,1997-07-26,phone transcript,billing,0,Good morning. Please explain the extra surcharge on our last statement for the large copper coils. Reference attached.
4749,4222,1998-03-26,chat,billing,1,"Following up: The price on the invoice for anodized copper pipe (40 units) is higher than the price we agreed in the contract. Honestly I am not sure we can keep working with you. Regards, procurement."
4750,59468,1997-09-01,portal,late_delivery,0,Good morning. Third week waiting on the polished steel brackets. The tracking page has said 'in transit' since the 29 August. Reference attached.
4751,139796,1997-12-10,chat,billing,1,"Hi Marco, we were invoiced twice for the same batch of large copper coils. This is the last chance, after this we are going elsewhere."
4752,53192,1998-02-01,phone transcript,late_delivery,0,Can someone tell me where order for plated nickel bolts (40 units) is? It was meant to be here days ago.
4753,36361,1997-02-10,account manager note,damaged,0,"Hi Tom, pallet of economy brass valves arrived with the wrapping torn open and several pieces dented. Escalating to my manager if not resolved."
4754,52024,1997-08-05,chat,wrong_item,0,Urgent: Got 200 units of the wrong finish instead of the plated nickel bolts we specified. Reference attached.
4755,146771,1998-07-17,portal,damaged,1,"Hello, several of the promo tin cans (PO 68284, 40 units) were snapped in two when we unpacked them. If this happens again we will move our business to another supplier. Regards, procurement."
4756,58775,1997-07-24,phone transcript,praise,0,"Good morning. Just wanted to say the small polished rods (PO 42032, 500 units) arrived early and in perfect condition. Great job."
4757,104140,1997-06-25,email,praise,0,"To whom it may concern: Just wanted to say the economy brass valves (PO 60922, 500 units) arrived early and in perfect condition. Great job."
4758,30316,1997-01-17,account manager note,late_delivery,0,"Our shipment of plated nickel bolts (PO 53554, 40 units) was promised for the 11 January and still has not turned up. Reference attached."
4759,20527,1997-10-05,phone transcript,late_delivery,0,"Hi account team, we planned a production run around the economy brass valves arriving on the 28 September. Nothing has arrived and the line is idle. Reference attached."
4760,25145,1997-06-11,chat,praise,0,"Hi team, thanks for the quick turnaround on the burnished tin sheets on PO 44065, it saved our production week. Reference attached."
4761,103789,1997-11-20,email,praise,0,"To whom it may concern: Consistently good quality on the promo tin cans (PO 66175, 250 units), our QA has not flagged anything in months. Reference attached."
4762,141374,1997-07-09,phone transcript,praise,0,"Urgent: Consistently good quality on the medium plated fasteners on PO 97952, our QA has not flagged anything in months. Escalating to my manager if not resolved."
4763,39869,1998-07-19,phone transcript,late_delivery,1,Urgent: Still no sign of the anodized copper pipe on PO 99003. Our warehouse team has been standing by since the 10 July. Frankly we are already talking to your competitors.
4764,61996,1997-01-12,phone transcript,late_delivery,1,"Hi team, the medium plated fasteners consignment slipped again. That is the second slip this quarter. Our procurement team has asked me to find an alternative vendor. Please call me back today."
4765,65330,1997-01-01,email,damaged,0,Urgent: Several of the promo tin cans on PO 96650 were snapped in two when we unpacked them.
4766,133570,1997-05-05,portal,billing,0,"Hi team, our finance team cannot reconcile your invoice, the quantities of standard steel flanges on PO 66956 are off. Escalating to my manager if not resolved."
4767,96473,1997-08-22,account manager note,praise,0,"Hi Tom, just wanted to say the large copper coils (250 units) arrived early and in perfect condition. Great job. Reference attached."
4768,18862,1997-03-27,chat,praise,0,Good morning. Just wanted to say the standard steel flanges arrived early and in perfect condition. Great job. Thanks.
4769,27247,1997-08-12,phone transcript,praise,0,"Urgent: Thanks for the quick turnaround on the polished steel brackets, it saved our production week. Need an answer by end of day."
4770,105545,1997-04-22,email,damaged,0,"Hi Priya, opened the delivery of brass fittings this morning and a good third of them are cracked. Reference attached."
4771,36734,1998-03-12,chat,billing,1,Urgent: Please explain the extra surcharge on our last statement for the plated nickel bolts. Frankly we are already talking to your competitors. Please call me back today.
4772,78658,1997-06-13,chat,damaged,1,"Hi Mei, the large copper coils on PO 24437 were crushed in transit, the box looked like it had been dropped from a height. We are reviewing whether to renew the contract at the end of the quarter. Regards, procurement."
4773,54308,1997-04-22,chat,damaged,0,"Hello, the burnished tin sheets were crushed in transit, the box looked like it had been dropped from a height. Please call me back today."
4774,47617,1998-05-30,phone transcript,billing,0,"Good morning. Our finance team cannot reconcile your invoice, the quantities of standard steel flanges are off. Please call me back today."
4775,141712,1998-04-13,phone transcript,billing,0,"Hi team, our finance team cannot reconcile your invoice, the quantities of economy brass valves on PO 71921 are off."
4776,121922,1998-03-10,portal,damaged,1,"Hello, half the standard steel flanges (PO 23622, 120 units) came out of the crate bent and scratched. We are reviewing whether to renew the contract at the end of the quarter. Need an answer by end of day."
4777,53026,1997-05-19,portal,praise,0,"Following up: Thanks for the quick turnaround on the plated nickel bolts (500 units), it saved our production week. Need an answer by end of day."
4778,67778,1997-08-03,phone transcript,damaged,1,"The promo tin cans on PO 13951 were crushed in transit, the box looked like it had been dropped from a height. Honestly I am not sure we can keep working with you. Escalating to my manager if not resolved."
4779,62060,1998-01-08,phone transcript,damaged,0,Good morning. Received the small polished rods on PO 20294 but the packaging was soaked through and the metal has started to rust. Need an answer by end of day.
4780,127324,1997-05-26,portal,late_delivery,0,"Hello, third week waiting on the economy brass valves (40 units). The tracking page has said 'in transit' since the 16 May. Please call me back today."
4781,35204,1997-03-02,email,quality,0,"Urgent: Compared with last year the brushed aluminium panels (PO 25624, 120 units) feel cheaper and wear out much faster. Regards, procurement."
4782,2825,1997-03-20,phone transcript,praise,0,"Good morning. Your account team sorted our standard steel flanges (200 units) issue in a single call, really appreciated."
4783,6527,1997-09-28,phone transcript,damaged,0,Urgent: Pallet of standard steel flanges arrived with the wrapping torn open and several pieces dented. Thanks.
4784,3010,1997-09-10,chat,quality,0,"Following up: Our QA rejected the burnished tin sheets (PO 16281, 250 units). Finish is uneven and some pieces fail the stress test. Escalating to my manager if not resolved."
4785,33410,1998-02-25,phone transcript,billing,0,"Hi account team, the price on the invoice for burnished tin sheets is higher than the price we agreed in the contract. Need an answer by end of day."
4786,24196,1998-06-27,account manager note,billing,1,"Hi team, please explain the extra surcharge on our last statement for the small polished rods. This is the last chance, after this we are going elsewhere."
4787,36263,1998-04-12,account manager note,late_delivery,0,Following up: Third week waiting on the standard steel flanges (120 units). The tracking page has said 'in transit' since the 25 March. Escalating to my manager if not resolved.
4788,138659,1997-03-24,phone transcript,damaged,0,Received the plated nickel bolts but the packaging was soaked through and the metal has started to rust. Reference attached.
4789,50225,1998-01-18,phone transcript,wrong_item,0,"Hello, we ordered promo tin cans (1200 units) and received something completely different. Regards, procurement."
4790,86809,1998-07-11,email,damaged,1,"Hi team, several of the large copper coils on PO 28817 were snapped in two when we unpacked them. If this happens again we will move our business to another supplier. Please call me back today."
4791,144422,1997-02-27,phone transcript,billing,1,"Following up: Please explain the extra surcharge on our last statement for the burnished tin sheets. Our procurement team has asked me to find an alternative vendor. Regards, procurement."
4792,27421,1997-02-03,email,damaged,0,Urgent: Pallet of medium plated fasteners on PO 73977 arrived with the wrapping torn open and several pieces dented. Please call me back today.
4793,43615,1998-05-27,chat,billing,0,"To whom it may concern: The price on the invoice for small polished rods (PO 69244, 250 units) is higher than the price we agreed in the contract. Regards, procurement."
4794,132572,1998-04-03,phone transcript,late_delivery,0,"Following up: Third week waiting on the brass fittings (PO 75423, 1200 units). The tracking page has said 'in transit' since the 30 March. Need an answer by end of day."
4795,64079,1998-04-07,portal,account,0,"Hi Tom, I cannot log into the ordering portal, the password reset email never arrives. Regards, procurement."
4796,117040,1997-03-31,portal,quality,0,"Hi team, compared with last year the brushed aluminium panels (800 units) feel cheaper and wear out much faster. Please call me back today."
4797,132103,1997-09-24,email,late_delivery,0,"Hi team, your carrier keeps rescheduling. We were told the 11 September, then Friday, now 'next week' for the small polished rods."
4798,40462,1997-01-07,email,praise,0,"Hi team, just wanted to say the anodized copper pipe arrived early and in perfect condition. Great job. Need an answer by end of day."
4799,126538,1998-07-17,portal,account,0,"Following up: I cannot log into the ordering portal, the password reset email never arrives. Reference attached."
4800,94228,1997-04-16,portal,wrong_item,0,"Hi Anna, the box is labelled economy brass valves (250 units) but inside are parts in the wrong size. Need an answer by end of day."
4801,25286,1998-02-14,account manager note,wrong_item,0,"Good morning. Your warehouse picked the wrong SKU again, these are not brushed aluminium panels (PO 52059, 75 units). Reference attached."
4802,78866,1997-07-06,phone transcript,quality,0,"Hi team, our QA rejected the medium plated fasteners on PO 27055. Finish is uneven and some pieces fail the stress test. Thanks."
4803,66088,1998-03-27,email,damaged,0,"Hello, several of the burnished tin sheets were snapped in two when we unpacked them. Thanks."
4804,93133,1997-04-12,portal,account,0,"Hi Mei, could you send us a copy of last year's statements for our auditors? Thanks."
4805,119038,1997-02-24,email,damaged,0,To whom it may concern: Half the large copper coils (1200 units) came out of the crate bent and scratched. Please call me back today.
4806,99574,1997-07-12,email,billing,1,"Good morning. Our finance team cannot reconcile your invoice, the quantities of medium plated fasteners on PO 92423 are off. We are reviewing whether to renew the contract at the end of the quarter. Reference attached."
4807,129454,1997-02-06,account manager note,billing,1,"Following up: Please explain the extra surcharge on our last statement for the brass fittings (PO 17206, 500 units). If this happens again we will move our business to another supplier. Escalating to my manager if not resolved."
4808,79304,1998-05-28,portal,praise,0,"Your account team sorted our polished steel brackets on PO 11483 issue in a single call, really appreciated. Need an answer by end of day."
4809,33410,1998-03-24,chat,account,0,"To whom it may concern: We have moved office, please update the delivery address on our account. Escalating to my manager if not resolved."
4810,128005,1998-06-01,email,late_delivery,0,"Hi support, still no sign of the plated nickel bolts. Our warehouse team has been standing by since the 22 May. Please call me back today."
4811,114868,1997-10-24,email,praise,0,"Following up: Thanks for the quick turnaround on the economy brass valves, it saved our production week."
4812,133859,1997-03-31,email,late_delivery,1,"Hello, third week waiting on the anodized copper pipe on PO 66257. The tracking page has said 'in transit' since the 12 March. Honestly I am not sure we can keep working with you. Please call me back today."
4813,17699,1997-03-16,chat,praise,0,"Thanks for the quick turnaround on the burnished tin sheets (1200 units), it saved our production week. Thanks."
4814,140566,1997-08-03,portal,wrong_item,0,"Hello, got 200 units of the wrong finish instead of the standard steel flanges (PO 13296, 1200 units) we specified."
4815,112571,1998-03-30,account manager note,billing,1,"Hello, we still have not received the credit note you promised for the medium plated fasteners (40 units). Our procurement team has asked me to find an alternative vendor."
4816,56444,1997-12-25,phone transcript,account,0,Please add my colleague as a second contact on our account.
4817,34151,1998-04-05,account manager note,praise,0,"Hi Mei, your account team sorted our plated nickel bolts (500 units) issue in a single call, really appreciated."
4818,13679,1998-06-04,email,damaged,0,Following up: Received the plated nickel bolts on PO 74055 but the packaging was soaked through and the metal has started to rust. Escalating to my manager if not resolved.
4819,18712,1997-06-04,chat,account,0,"To whom it may concern: We have moved office, please update the delivery address on our account."
4820,53437,1997-05-02,account manager note,late_delivery,0,"Hi Marco, our shipment of standard steel flanges was promised for the 13 April and still has not turned up."
4821,77984,1997-08-11,portal,damaged,0,Urgent: Opened the delivery of brushed aluminium panels this morning and a good third of them are cracked. Need an answer by end of day.
4822,23546,1998-04-21,phone transcript,billing,0,Following up: The price on the invoice for anodized copper pipe (250 units) is higher than the price we agreed in the contract. Please call me back today.
4823,74708,1998-06-15,email,praise,0,"Following up: Consistently good quality on the anodized copper pipe on PO 36066, our QA has not flagged anything in months. Reference attached."
4824,13145,1997-03-29,phone transcript,late_delivery,0,"Hi Marco, our shipment of economy brass valves (500 units) was promised for the 24 March and still has not turned up."
4825,48704,1998-07-11,email,billing,0,"Hi Priya, please explain the extra surcharge on our last statement for the medium plated fasteners. Escalating to my manager if not resolved."
4826,36161,1998-03-23,portal,late_delivery,0,"Urgent: Our shipment of brass fittings was promised for the 7 March and still has not turned up. Regards, procurement."
4827,58514,1997-04-27,chat,wrong_item,0,Urgent: The box is labelled brass fittings on PO 96836 but inside are parts in the wrong size. Thanks.
4828,68671,1998-03-19,email,praise,0,"Consistently good quality on the brushed aluminium panels, our QA has not flagged anything in months. Reference attached."
4829,95635,1997-08-01,email,late_delivery,1,Following up: Third week waiting on the brushed aluminium panels on PO 20540. The tracking page has said 'in transit' since the 29 July. Honestly I am not sure we can keep working with you. Reference attached.
4830,112312,1997-04-22,phone transcript,billing,0,Please explain the extra surcharge on our last statement for the small polished rods on PO 79336. Need an answer by end of day.
4831,58514,1997-09-29,portal,damaged,0,"Hi team, pallet of burnished tin sheets arrived with the wrapping torn open and several pieces dented. Need an answer by end of day."
4832,3845,1997-07-27,phone transcript,damaged,0,Pallet of burnished tin sheets arrived with the wrapping torn open and several pieces dented. Thanks.
4833,145825,1998-05-11,email,praise,0,"Hello, just wanted to say the medium plated fasteners (250 units) arrived early and in perfect condition. Great job. Escalating to my manager if not resolved."
4834,141395,1998-07-26,portal,praise,0,"Urgent: Consistently good quality on the standard steel flanges (PO 72978, 800 units), our QA has not flagged anything in months. Regards, procurement."
4835,78643,1998-04-17,email,damaged,0,Several of the large copper coils (200 units) were snapped in two when we unpacked them.
4836,17351,1997-08-06,account manager note,late_delivery,1,Our shipment of standard steel flanges (40 units) was promised for the 27 July and still has not turned up. Honestly I am not sure we can keep working with you. Reference attached.
4837,56161,1998-05-06,portal,late_delivery,0,"Following up: Can someone tell me where order for large copper coils (500 units) is? It was meant to be here days ago. Regards, procurement."
4838,40066,1997-01-04,chat,praise,0,"Hi team, your account team sorted our anodized copper pipe (PO 34451, 200 units) issue in a single call, really appreciated. Escalating to my manager if not resolved."
4839,108230,1997-01-15,phone transcript,damaged,0,Half the brass fittings on PO 53292 came out of the crate bent and scratched. Need an answer by end of day.
4840,28744,1998-07-25,chat,damaged,1,"To whom it may concern: Opened the delivery of promo tin cans (800 units) this morning and a good third of them are cracked. If this happens again we will move our business to another supplier. Regards, procurement."
4841,60379,1997-06-27,email,damaged,1,"Urgent: Several of the small polished rods were snapped in two when we unpacked them. If this happens again we will move our business to another supplier. Regards, procurement."
4842,128548,1997-02-21,portal,praise,0,Just wanted to say the plated nickel bolts arrived early and in perfect condition. Great job.
4843,27155,1997-01-25,email,late_delivery,0,"We planned a production run around the standard steel flanges (120 units) arriving on the 11 January. Nothing has arrived and the line is idle. Regards, procurement."
4844,81715,1997-06-15,phone transcript,wrong_item,0,"Urgent: This is not what we asked for. The burnished tin sheets on the invoice do not match what is on the pallet. Regards, procurement."
4845,127345,1997-05-16,phone transcript,billing,0,"Our finance team cannot reconcile your invoice, the quantities of standard steel flanges (PO 11877, 200 units) are off. Please call me back today."
4846,81287,1997-04-01,email,billing,0,"Hi team, the price on the invoice for burnished tin sheets on PO 45948 is higher than the price we agreed in the contract. Thanks."
4847,15185,1997-09-12,account manager note,praise,0,"Hello, consistently good quality on the polished steel brackets (40 units), our QA has not flagged anything in months. Reference attached."
4848,87985,1997-09-19,portal,late_delivery,0,Urgent: Can someone tell me where order for anodized copper pipe on PO 11558 is? It was meant to be here days ago. Please call me back today.
4849,106247,1997-02-22,phone transcript,late_delivery,0,"Good morning. Your carrier keeps rescheduling. We were told the 17 February, then Friday, now 'next week' for the brass fittings (75 units). Reference attached."
4850,143672,1998-05-04,chat,billing,0,Urgent: We were invoiced twice for the same batch of brass fittings.
4851,89786,1997-10-14,account manager note,billing,0,Good morning. The price on the invoice for anodized copper pipe is higher than the price we agreed in the contract.
4852,95665,1998-01-29,account manager note,late_delivery,0,Good morning. Still no sign of the anodized copper pipe. Our warehouse team has been standing by since the 21 January. Reference attached.
4853,48673,1997-05-12,account manager note,billing,0,"Following up: Our finance team cannot reconcile your invoice, the quantities of burnished tin sheets (500 units) are off. Need an answer by end of day."
4854,65413,1997-12-28,phone transcript,late_delivery,0,"Hi Tom, can someone tell me where order for promo tin cans on PO 46466 is? It was meant to be here days ago. Thanks."
4855,14315,1998-05-26,email,account,0,"Good morning. I cannot log into the ordering portal, the password reset email never arrives. Please call me back today."
4856,133667,1998-04-04,email,quality,1,Good morning. Our QA rejected the polished steel brackets. Finish is uneven and some pieces fail the stress test. We are reviewing whether to renew the contract at the end of the quarter. Thanks.
4857,69046,1998-07-10,portal,late_delivery,1,Good morning. Can someone tell me where order for large copper coils is? It was meant to be here days ago. Honestly I am not sure we can keep working with you.
4858,146381,1997-03-02,account manager note,billing,0,Urgent: We were invoiced twice for the same batch of economy brass valves on PO 42723. Reference attached.
4859,145915,1998-06-14,account manager note,wrong_item,0,To whom it may concern: Got 200 units of the wrong finish instead of the anodized copper pipe we specified. Need an answer by end of day.
4860,73988,1998-07-25,chat,late_delivery,0,Following up: Still no sign of the standard steel flanges on PO 53790. Our warehouse team has been standing by since the 20 July. Escalating to my manager if not resolved.
4861,40045,1998-06-27,account manager note,praise,0,"Hello, thanks for the quick turnaround on the small polished rods (PO 66815, 40 units), it saved our production week. Need an answer by end of day."
4862,102710,1998-03-30,portal,quality,1,"Urgent: Our QA rejected the small polished rods. Finish is uneven and some pieces fail the stress test. Honestly I am not sure we can keep working with you. Regards, procurement."
4863,106709,1997-06-30,email,late_delivery,0,"Following up: Your carrier keeps rescheduling. We were told the 17 June, then Friday, now 'next week' for the medium plated fasteners on PO 13785. Thanks."
4864,89825,1997-05-27,phone transcript,billing,1,"Hello, please explain the extra surcharge on our last statement for the plated nickel bolts (75 units). If this happens again we will move our business to another supplier. Reference attached."
4865,91397,1997-12-17,email,account,0,Good morning. Please add my colleague as a second contact on our account. Thanks.
4866,1886,1997-09-15,phone transcript,late_delivery,1,"Good morning. Your carrier keeps rescheduling. We were told the 26 August, then Friday, now 'next week' for the small polished rods. This is the last chance, after this we are going elsewhere. Need an answer by end of day."
4867,37435,1997-05-19,portal,praise,0,Following up: Just wanted to say the standard steel flanges arrived early and in perfect condition. Great job. Escalating to my manager if not resolved.
4868,119824,1997-04-20,chat,damaged,0,Good morning. Pallet of standard steel flanges arrived with the wrapping torn open and several pieces dented. Escalating to my manager if not resolved.
4869,109975,1997-06-05,email,account,0,Could you send us a copy of last year's statements for our auditors? Thanks.
4870,51458,1998-04-29,email,late_delivery,0,"Urgent: Our shipment of polished steel brackets (PO 14982, 120 units) was promised for the 21 April and still has not turned up."
4871,63113,1997-04-30,account manager note,damaged,0,Following up: Several of the polished steel brackets on PO 26080 were snapped in two when we unpacked them. Thanks.
4872,108704,1998-02-13,portal,billing,0,"Please explain the extra surcharge on our last statement for the plated nickel bolts (PO 94832, 500 units)."
4873,52871,1997-08-22,account manager note,wrong_item,0,"Hi team, your warehouse picked the wrong SKU again, these are not economy brass valves (PO 89262, 250 units)."
4874,114503,1997-10-23,phone transcript,late_delivery,0,"Your carrier keeps rescheduling. We were told the 16 October, then Friday, now 'next week' for the burnished tin sheets. Escalating to my manager if not resolved."
4875,18608,1998-05-07,chat,damaged,1,"Following up: Half the large copper coils came out of the crate bent and scratched. Frankly we are already talking to your competitors. Regards, procurement."
4876,126140,1997-01-02,account manager note,damaged,0,Following up: Opened the delivery of anodized copper pipe on PO 62265 this morning and a good third of them are cracked.
4877,56330,1997-03-30,phone transcript,wrong_item,0,"Hi team, we ordered plated nickel bolts and received something completely different. Please call me back today."
4878,91661,1997-10-15,chat,account,0,Following up: Could you send us a copy of last year's statements for our auditors?
4879,32723,1997-11-20,account manager note,praise,0,"To whom it may concern: Your account team sorted our large copper coils issue in a single call, really appreciated. Regards, procurement."
4880,40580,1998-05-23,email,quality,0,"Hello, the latest batch of standard steel flanges on PO 47019 does not meet the tolerance in our spec, the threads are off."
4881,126148,1998-02-17,portal,wrong_item,1,"Good morning. Your warehouse picked the wrong SKU again, these are not polished steel brackets (40 units). Honestly I am not sure we can keep working with you. Thanks."
4882,105848,1997-08-19,chat,account,0,"Hi team, I cannot log into the ordering portal, the password reset email never arrives. Please call me back today."
4883,110494,1997-01-24,email,damaged,0,"Hello, several of the promo tin cans on PO 70664 were snapped in two when we unpacked them. Need an answer by end of day."
4884,48713,1998-03-14,portal,late_delivery,0,"Hi team, your carrier keeps rescheduling. We were told the 5 March, then Friday, now 'next week' for the brass fittings. Please call me back today."
4885,76855,1997-11-30,chat,wrong_item,0,"Your warehouse picked the wrong SKU again, these are not medium plated fasteners (PO 70959, 120 units). Reference attached."
4886,132227,1998-07-03,account manager note,praise,0,"Hi Marco, thanks for the quick turnaround on the standard steel flanges, it saved our production week. Escalating to my manager if not resolved."
4887,56033,1997-01-11,account manager note,late_delivery,0,Following up: Our shipment of large copper coils (200 units) was promised for the 7 January and still has not turned up. Thanks.
4888,17201,1998-07-08,chat,wrong_item,0,Urgent: Got 200 units of the wrong finish instead of the economy brass valves (1200 units) we specified.
4889,148730,1998-05-22,email,quality,1,"Urgent: Compared with last year the brushed aluminium panels feel cheaper and wear out much faster. This is the last chance, after this we are going elsewhere."
4890,86618,1997-01-07,phone transcript,damaged,0,"Hello, several of the brass fittings (200 units) were snapped in two when we unpacked them. Need an answer by end of day."
4891,15980,1997-10-10,account manager note,damaged,0,"Following up: Half the polished steel brackets (PO 38644, 250 units) came out of the crate bent and scratched. Regards, procurement."
4892,49846,1998-06-08,account manager note,quality,0,"Hello, our QA rejected the polished steel brackets (PO 97428, 500 units). Finish is uneven and some pieces fail the stress test. Thanks."
4893,146821,1997-07-08,chat,late_delivery,0,The brushed aluminium panels on PO 43834 consignment slipped again. That is the second slip this quarter. Reference attached.
4894,47975,1998-06-06,phone transcript,wrong_item,0,"Good morning. This is not what we asked for. The small polished rods (200 units) on the invoice do not match what is on the pallet. Regards, procurement."
4895,94105,1997-03-19,account manager note,billing,0,To whom it may concern: We still have not received the credit note you promised for the anodized copper pipe. Please call me back today.
4896,52144,1998-01-26,phone transcript,late_delivery,1,"Your carrier keeps rescheduling. We were told the 9 January, then Friday, now 'next week' for the large copper coils (120 units). This is the last chance, after this we are going elsewhere."
4897,15371,1998-04-18,chat,praise,0,"Good morning. Your account team sorted our brass fittings (250 units) issue in a single call, really appreciated."
4898,15980,1998-06-19,phone transcript,damaged,0,"Hello, received the large copper coils (500 units) but the packaging was soaked through and the metal has started to rust. Thanks."
4899,31892,1998-02-07,account manager note,late_delivery,0,"Hello, third week waiting on the anodized copper pipe (75 units). The tracking page has said 'in transit' since the 24 January. Reference attached."
4900,52144,1997-01-15,account manager note,account,0,"Following up: We have moved office, please update the delivery address on our account."
4901,142262,1997-07-25,phone transcript,account,0,Urgent: Could you send us a copy of last year's statements for our auditors?
4902,70187,1997-01-24,portal,damaged,0,Urgent: Received the brass fittings but the packaging was soaked through and the metal has started to rust. Escalating to my manager if not resolved.
4903,66259,1997-06-10,email,late_delivery,0,"To whom it may concern: Our shipment of brass fittings was promised for the 27 May and still has not turned up. Regards, procurement."
4904,50408,1997-04-09,chat,praise,0,"To whom it may concern: Thanks for the quick turnaround on the economy brass valves (1200 units), it saved our production week. Regards, procurement."
4905,45457,1997-12-28,portal,billing,0,"Hi team, please explain the extra surcharge on our last statement for the large copper coils (75 units)."
4906,5473,1997-01-23,phone transcript,praise,0,To whom it may concern: Just wanted to say the economy brass valves arrived early and in perfect condition. Great job. Escalating to my manager if not resolved.
4907,121861,1997-02-02,phone transcript,wrong_item,0,"To whom it may concern: We ordered brass fittings (PO 28404, 120 units) and received something completely different. Reference attached."
4908,60991,1997-02-08,account manager note,praise,0,"Hello, just wanted to say the promo tin cans arrived early and in perfect condition. Great job. Escalating to my manager if not resolved."
4909,85274,1998-01-03,chat,wrong_item,0,"Hi team, the box is labelled standard steel flanges on PO 52101 but inside are parts in the wrong size."
4910,103754,1997-06-12,chat,wrong_item,0,The box is labelled anodized copper pipe but inside are parts in the wrong size. Need an answer by end of day.
4911,24313,1997-03-26,portal,account,0,"Good morning. Could you send us a copy of last year's statements for our auditors? Regards, procurement."
4912,141553,1998-04-12,email,account,0,"Hello, I cannot log into the ordering portal, the password reset email never arrives. Reference attached."
4913,69484,1997-02-26,email,damaged,1,"To whom it may concern: Half the promo tin cans (120 units) came out of the crate bent and scratched. If this happens again we will move our business to another supplier. Regards, procurement."
4914,113063,1998-03-04,account manager note,late_delivery,1,To whom it may concern: Still no sign of the large copper coils. Our warehouse team has been standing by since the 13 February. Frankly we are already talking to your competitors.
4915,34723,1998-04-03,portal,wrong_item,1,"Hi Mei, we ordered brushed aluminium panels and received something completely different. Frankly we are already talking to your competitors."
4916,19205,1997-11-24,phone transcript,late_delivery,0,Our shipment of brass fittings was promised for the 9 November and still has not turned up. Need an answer by end of day.
4917,127141,1998-05-26,phone transcript,billing,1,"Hello, please explain the extra surcharge on our last statement for the standard steel flanges. We are reviewing whether to renew the contract at the end of the quarter. Reference attached."
4918,127249,1997-04-23,chat,late_delivery,1,"To whom it may concern: We planned a production run around the economy brass valves on PO 86568 arriving on the 11 April. Nothing has arrived and the line is idle. This is the last chance, after this we are going elsewhere."
4919,138434,1997-11-26,account manager note,late_delivery,0,"Hi team, our shipment of plated nickel bolts (PO 89813, 120 units) was promised for the 7 November and still has not turned up. Thanks."
4920,14911,1997-01-14,account manager note,praise,0,"Hi Tom, just wanted to say the standard steel flanges (40 units) arrived early and in perfect condition. Great job. Regards, procurement."
4921,113893,1998-04-18,phone transcript,account,0,"Hello, please add my colleague as a second contact on our account. Need an answer by end of day."
4922,30812,1998-06-25,phone transcript,damaged,0,To whom it may concern: Received the large copper coils on PO 51503 but the packaging was soaked through and the metal has started to rust. Escalating to my manager if not resolved.
4923,108413,1998-05-28,email,late_delivery,0,"Hi team, third week waiting on the brass fittings (PO 29010, 250 units). The tracking page has said 'in transit' since the 25 May. Escalating to my manager if not resolved."
4924,8872,1997-11-06,phone transcript,late_delivery,0,"Hello, still no sign of the brushed aluminium panels. Our warehouse team has been standing by since the 31 October. Please call me back today."
4925,79639,1998-05-15,account manager note,quality,0,Urgent: Our QA rejected the promo tin cans. Finish is uneven and some pieces fail the stress test.
4926,84976,1997-01-27,account manager note,wrong_item,0,Good morning. The box is labelled burnished tin sheets (75 units) but inside are parts in the wrong size.
4927,108145,1997-12-31,portal,quality,0,"Following up: The latest batch of small polished rods (PO 16911, 120 units) does not meet the tolerance in our spec, the threads are off. Thanks."
4928,144128,1998-05-30,chat,account,0,"Hello, I cannot log into the ordering portal, the password reset email never arrives."
4929,87202,1997-10-09,account manager note,wrong_item,0,"Good morning. This is not what we asked for. The anodized copper pipe (PO 98434, 200 units) on the invoice do not match what is on the pallet. Reference attached."
4930,147740,1997-08-19,email,billing,0,We still have not received the credit note you promised for the anodized copper pipe.
4931,114721,1997-01-30,account manager note,wrong_item,0,Following up: Got 200 units of the wrong finish instead of the polished steel brackets on PO 73894 we specified. Reference attached.
4932,56188,1997-06-08,account manager note,wrong_item,0,"Good morning. We ordered polished steel brackets (PO 47075, 1200 units) and received something completely different. Reference attached."
4933,3704,1997-12-10,email,praise,0,"Urgent: Your account team sorted our promo tin cans on PO 48403 issue in a single call, really appreciated."
4934,73861,1998-01-10,email,account,0,"Good morning. We have moved office, please update the delivery address on our account. Thanks."
4935,65486,1997-11-08,email,quality,0,Compared with last year the medium plated fasteners on PO 35904 feel cheaper and wear out much faster. Reference attached.
4936,110704,1997-09-26,phone transcript,account,0,"Good morning. I cannot log into the ordering portal, the password reset email never arrives. Regards, procurement."
4937,57223,1997-09-19,chat,late_delivery,0,"Hello, can someone tell me where order for standard steel flanges is? It was meant to be here days ago."
4938,22121,1997-03-27,email,praise,0,Following up: Just wanted to say the medium plated fasteners arrived early and in perfect condition. Great job. Please call me back today.
4939,56881,1998-07-09,portal,account,0,"Hello, could you send us a copy of last year's statements for our auditors?"
4940,38053,1997-12-26,account manager note,billing,1,"We were invoiced twice for the same batch of standard steel flanges. This is the last chance, after this we are going elsewhere. Reference attached."
4941,62060,1997-10-01,phone transcript,account,0,Could you send us a copy of last year's statements for our auditors? Thanks.
4942,104543,1998-02-04,chat,billing,0,"Hi team, we were invoiced twice for the same batch of large copper coils (75 units). Reference attached."
4943,26477,1997-10-18,email,late_delivery,0,The anodized copper pipe on PO 94378 consignment slipped again. That is the second slip this quarter.
4944,30938,1997-04-14,account manager note,account,0,"Good morning. We have moved office, please update the delivery address on our account."
4945,82714,1997-05-12,chat,quality,0,"Following up: The latest batch of brass fittings (PO 84069, 200 units) does not meet the tolerance in our spec, the threads are off."
4946,147586,1997-02-23,account manager note,account,0,"Hi account team, we have moved office, please update the delivery address on our account. Need an answer by end of day."
4947,71452,1997-02-22,chat,account,0,Urgent: Could you send us a copy of last year's statements for our auditors? Need an answer by end of day.
4948,129359,1998-06-08,account manager note,quality,1,Urgent: Compared with last year the economy brass valves (500 units) feel cheaper and wear out much faster. Our procurement team has asked me to find an alternative vendor. Reference attached.
4949,20617,1998-04-01,portal,wrong_item,0,"Hi team, this is not what we asked for. The burnished tin sheets on the invoice do not match what is on the pallet. Regards, procurement."
4950,127096,1998-07-06,email,damaged,0,To whom it may concern: Opened the delivery of polished steel brackets on PO 77818 this morning and a good third of them are cracked. Reference attached.
4951,136297,1998-01-12,account manager note,late_delivery,1,"Hello, third week waiting on the medium plated fasteners (PO 66925, 120 units). The tracking page has said 'in transit' since the 31 December. We are reviewing whether to renew the contract at the end of the quarter. Please call me back today."
4952,105641,1997-01-17,email,late_delivery,0,"Hello, third week waiting on the brushed aluminium panels. The tracking page has said 'in transit' since the 30 December. Please call me back today."
4953,81683,1997-04-11,account manager note,wrong_item,0,Good morning. This is not what we asked for. The polished steel brackets (40 units) on the invoice do not match what is on the pallet. Reference attached.
4954,6431,1997-06-24,account manager note,late_delivery,1,"To whom it may concern: Your carrier keeps rescheduling. We were told the 15 June, then Friday, now 'next week' for the polished steel brackets (PO 71892, 120 units). Honestly I am not sure we can keep working with you. Please call me back today."
4955,15980,1997-08-17,portal,late_delivery,1,"Following up: Still no sign of the economy brass valves on PO 30376. Our warehouse team has been standing by since the 28 July. Honestly I am not sure we can keep working with you. Regards, procurement."
4956,118066,1998-06-13,phone transcript,late_delivery,1,"Hi Anna, still no sign of the medium plated fasteners (500 units). Our warehouse team has been standing by since the 24 May. Honestly I am not sure we can keep working with you. Need an answer by end of day."
4957,13466,1997-03-14,phone transcript,billing,1,"To whom it may concern: Our finance team cannot reconcile your invoice, the quantities of economy brass valves on PO 51524 are off. This is the last chance, after this we are going elsewhere. Thanks."
4958,54835,1997-11-28,portal,wrong_item,0,Good morning. This is not what we asked for. The polished steel brackets on the invoice do not match what is on the pallet. Reference attached.
4959,70856,1997-12-13,email,late_delivery,0,Urgent: Third week waiting on the standard steel flanges. The tracking page has said 'in transit' since the 24 November. Need an answer by end of day.
4960,19282,1997-10-04,phone transcript,wrong_item,1,"Following up: The box is labelled small polished rods (PO 29354, 1200 units) but inside are parts in the wrong size. Frankly we are already talking to your competitors. Escalating to my manager if not resolved."
4961,133420,1997-01-25,chat,late_delivery,1,"The medium plated fasteners (800 units) consignment slipped again. That is the second slip this quarter. Our procurement team has asked me to find an alternative vendor. Regards, procurement."
4962,65056,1997-12-18,email,damaged,0,"The anodized copper pipe (500 units) were crushed in transit, the box looked like it had been dropped from a height."
4963,81571,1997-11-30,account manager note,wrong_item,0,The box is labelled plated nickel bolts on PO 27512 but inside are parts in the wrong size. Reference attached.
4964,87440,1997-09-11,email,late_delivery,0,Urgent: Third week waiting on the large copper coils. The tracking page has said 'in transit' since the 25 August.
4965,16466,1997-02-23,phone transcript,praise,0,Following up: Just wanted to say the small polished rods (200 units) arrived early and in perfect condition. Great job. Thanks.
4966,88237,1997-08-10,chat,billing,0,"Hi Priya, please explain the extra surcharge on our last statement for the economy brass valves (800 units). Please call me back today."
4967,64868,1998-05-01,email,late_delivery,0,Good morning. We planned a production run around the polished steel brackets arriving on the 13 April. Nothing has arrived and the line is idle.
4968,114572,1997-12-04,chat,wrong_item,0,"Following up: This is not what we asked for. The plated nickel bolts (PO 12016, 40 units) on the invoice do not match what is on the pallet. Escalating to my manager if not resolved."
4969,80824,1998-01-27,account manager note,damaged,0,To whom it may concern: Pallet of plated nickel bolts (120 units) arrived with the wrapping torn open and several pieces dented. Thanks.
4970,130465,1997-01-06,phone transcript,billing,0,Following up: Please explain the extra surcharge on our last statement for the anodized copper pipe.
4971,40067,1997-12-13,chat,quality,1,"Following up: Our QA rejected the promo tin cans (PO 99973, 120 units). Finish is uneven and some pieces fail the stress test. Honestly I am not sure we can keep working with you."
4972,125189,1997-10-22,phone transcript,quality,0,"Following up: Our QA rejected the burnished tin sheets (PO 41609, 40 units). Finish is uneven and some pieces fail the stress test. Thanks."
4973,23116,1997-03-08,account manager note,late_delivery,1,Good morning. The economy brass valves on PO 34746 consignment slipped again. That is the second slip this quarter. Our procurement team has asked me to find an alternative vendor. Thanks.
4974,135865,1998-05-29,email,account,0,Following up: Please add my colleague as a second contact on our account. Reference attached.
4975,71237,1997-08-02,portal,praise,0,"Your account team sorted our anodized copper pipe (800 units) issue in a single call, really appreciated."
4976,56255,1998-02-05,phone transcript,late_delivery,0,"Hi Priya, our shipment of brass fittings on PO 89984 was promised for the 18 January and still has not turned up. Need an answer by end of day."
4977,117602,1997-01-07,chat,quality,0,"Hi team, our QA rejected the economy brass valves. Finish is uneven and some pieces fail the stress test."
4978,144842,1997-12-14,portal,quality,1,Our QA rejected the standard steel flanges on PO 82994. Finish is uneven and some pieces fail the stress test. Frankly we are already talking to your competitors. Need an answer by end of day.
4979,72098,1998-07-27,chat,quality,0,"Hello, our QA rejected the polished steel brackets (500 units). Finish is uneven and some pieces fail the stress test. Escalating to my manager if not resolved."
4980,13183,1997-11-04,account manager note,damaged,0,"Received the burnished tin sheets (PO 47314, 75 units) but the packaging was soaked through and the metal has started to rust. Regards, procurement."
4981,54016,1997-08-26,portal,quality,0,"Hello, the latest batch of plated nickel bolts does not meet the tolerance in our spec, the threads are off. Regards, procurement."
4982,108832,1997-04-27,chat,wrong_item,0,Got 200 units of the wrong finish instead of the large copper coils we specified. Please call me back today.
4983,36895,1998-04-25,portal,late_delivery,1,"Good morning. Your carrier keeps rescheduling. We were told the 15 April, then Friday, now 'next week' for the brushed aluminium panels (75 units). Frankly we are already talking to your competitors."
4984,122449,1997-06-22,email,quality,1,"Urgent: Our QA rejected the plated nickel bolts (PO 61959, 250 units). Finish is uneven and some pieces fail the stress test. We are reviewing whether to renew the contract at the end of the quarter. Reference attached."
4985,46414,1997-12-26,account manager note,late_delivery,0,Following up: The small polished rods on PO 88571 consignment slipped again. That is the second slip this quarter. Need an answer by end of day.
4986,144265,1998-04-28,portal,account,0,"Hello, could you send us a copy of last year's statements for our auditors? Please call me back today."
4987,32968,1997-11-06,chat,late_delivery,0,"Hi Tom, third week waiting on the large copper coils. The tracking page has said 'in transit' since the 17 October. Regards, procurement."
4988,106709,1997-10-23,email,wrong_item,0,"Hi team, your warehouse picked the wrong SKU again, these are not promo tin cans."
4989,6664,1997-07-10,portal,wrong_item,0,"Hello, we ordered large copper coils (75 units) and received something completely different."
4990,46414,1998-04-25,portal,account,0,"We have moved office, please update the delivery address on our account."
4991,74708,1997-04-25,account manager note,late_delivery,0,Good morning. Our shipment of anodized copper pipe was promised for the 6 April and still has not turned up.
4992,15371,1997-03-22,portal,quality,0,"To whom it may concern: The latest batch of brushed aluminium panels does not meet the tolerance in our spec, the threads are off. Need an answer by end of day."
4993,144620,1997-08-16,portal,praise,0,"Hi team, your account team sorted our polished steel brackets (200 units) issue in a single call, really appreciated. Thanks."
4994,52219,1998-03-16,email,quality,0,"Hello, two of our customers returned products built with your anodized copper pipe (1200 units) because of early failure. Please call me back today."
4995,93073,1997-05-19,phone transcript,billing,1,"Hi Rahul, we still have not received the credit note you promised for the medium plated fasteners (40 units). Honestly I am not sure we can keep working with you. Please call me back today."
4996,57568,1997-10-03,portal,late_delivery,0,"To whom it may concern: Can someone tell me where order for small polished rods (PO 65374, 1200 units) is? It was meant to be here days ago. Escalating to my manager if not resolved."
4997,139232,1997-05-15,chat,billing,1,"Hi Rahul, please explain the extra surcharge on our last statement for the burnished tin sheets (PO 53523, 500 units). Frankly we are already talking to your competitors."
4998,78788,1998-07-28,phone transcript,late_delivery,1,"Third week waiting on the anodized copper pipe (40 units). The tracking page has said 'in transit' since the 9 July. We are reviewing whether to renew the contract at the end of the quarter. Regards, procurement."
4999,70978,1997-07-25,email,damaged,0,"Hi Marco, received the brass fittings on PO 59658 but the packaging was soaked through and the metal has started to rust. Need an answer by end of day."
5000,13189,1998-02-21,email,account,0,"We have moved office, please update the delivery address on our account. Please call me back today."
